{
"type": "FeatureCollection",
"name": "pop_income",
"features": [
{ "type": "Feature", "properties": { "IA_blck_gr": "G19011300002011", "IA_blck__1": "1", "IA_blck__2": "Block Group 1", "blck_grp_I": 559, "blck_grp_1": 18208500, "Shape_Leng": 4046.2547106400002, "Shape_Area": 865491.73696600005 }, "geometry": { "type": "Polygon", "coordinates": [ [ [ 356139.298399999738, 517591.802200000733137 ], [ 356122.380699999630451, 517591.030200000852346 ], [ 356115.805700000375509, 517590.842199999839067 ], [ 356096.578299999237061, 517590.188799999654293 ], [ 356068.060699999332428, 517589.335599999875 ], [ 356039.460400000214577, 517586.68720000050962 ], [ 356013.252399999648333, 517585.715600000694394 ], [ 355966.174100000411272, 517582.224500000476837 ], [ 355933.781300000846386, 517581.530999999493361 ], [ 355787.11430000141263, 517567.453299999237061 ], [ 355745.651500001549721, 517565.339299999177456 ], [ 355662.235500000417233, 517553.8114 ], [ 355616.901799999177456, 517549.954099999741 ], [ 355610.449000000953674, 517547.084699999541044 ], [ 355607.471999999135733, 517547.396999999880791 ], [ 355563.451699998229742, 517541.808199999853969 ], [ 355529.799400001764297, 517536.244200000539422 ], [ 355493.570700000971556, 517531.234799999744 ], [ 355481.061500001698732, 517529.433299999684095 ], [ 355458.402100000530481, 517533.663899999111891 ], [ 355435.651900000870228, 517541.697599999606609 ], [ 355394.371199999004602, 517559.076899999752641 ], [ 355331.623399998992682, 517558.123299999162555 ], [ 355249.318900000303984, 517554.712500000372529 ], [ 355290.364500001072884, 517992.598899999633431 ], [ 355342.641499999911, 518375.2335 ], [ 355383.190699998289347, 518388.277200000360608 ], [ 355368.8739, 518353.921900000423193 ], [ 355436.739700000733137, 518334.50650000013411 ], [ 355575.844200000166893, 518407.690199999138713 ], [ 355785.194200001657009, 518510.280200000852346 ], [ 355894.806299999356, 518528.155099999159575 ], [ 355888.462200000882149, 518494.050499999895692 ], [ 355920.159099999815226, 518464.815899999812245 ], [ 355928.529199998825788, 518447.282199999317527 ], [ 355949.074999999254942, 518420.786399999633431 ], [ 355955.369600001722574, 518412.675699999555945 ], [ 355964.123700000345707, 518408.372199999168515 ], [ 355978.424899999052286, 518401.522399999201298 ], [ 355980.780299998819828, 518400.398199999704957 ], [ 355994.075699999928, 518393.950400000438094 ], [ 356029.334899999201298, 518364.206900000572205 ], [ 356054.578899998217821, 518342.964400000870228 ], [ 356116.730500001460314, 518309.969399999827147 ], [ 356126.045499999076128, 518309.610600000247359 ], [ 356242.86939999833703, 518304.753299999982 ], [ 356263.48030000180006, 518303.902699999511242 ], [ 356392.105700001120567, 518307.312400000169873 ], [ 356442.290800001472235, 518314.755200000479817 ], [ 356476.688799999654293, 518280.495400000363588 ], [ 356526.196699999272823, 518246.925899999216199 ], [ 356539.776999998837709, 518227.055500000715256 ], [ 356542.115200001746416, 518175.879100000485778 ], [ 356531.067200001329184, 518142.118699999526143 ], [ 356509.723999999463558, 518110.351199999451637 ], [ 356448.923500001430511, 518061.441400000825524 ], [ 356415.829700000584126, 518041.9024 ], [ 356397.083200000226498, 518030.744799999520183 ], [ 356370.55970000103116, 518015.089099999517202 ], [ 356354.374499998986721, 518005.504200000315905 ], [ 356345.637699998915195, 518000.402499999850988 ], [ 356340.045899998396635, 517991.301400000229478 ], [ 356324.492800001055002, 517966.069299999624491 ], [ 356329.507899999619, 517856.229499999433756 ], [ 356318.111600000411272, 517830.067500000819564 ], [ 356305.443399999290705, 517826.353800000622869 ], [ 356265.811599999666214, 517814.802999999374151 ], [ 356241.650699999183416, 517790.63370000012219 ], [ 356129.988499999046326, 517747.131100000813603 ], [ 356120.590999998152256, 517731.250099999830127 ], [ 356139.761799998581409, 517698.869000000879169 ], [ 356142.174199998378754, 517647.807800000533462 ], [ 356130.811999998986721, 517619.072200000286102 ], [ 356139.298399999738, 517591.802200000733137 ] ] ] } },
{ "type": "Feature", "properties": { "IA_blck_gr": "G19011300002012", "IA_blck__1": "2", "IA_blck__2": "Block Group 2", "blck_grp_I": 985, "blck_grp_1": 36052400, "Shape_Leng": 4287.3196991300001, "Shape_Area": 636376.93547100003 }, "geometry": { "type": "Polygon", "coordinates": [ [ [ 356067.936000000685453, 516612.476800000295043 ], [ 356047.855200000107288, 516583.567399999126792 ], [ 356050.245000001043081, 516513.132899999619 ], [ 356053.4846, 516404.2182 ], [ 356057.852499999106, 516292.219599999487 ], [ 356058.357799999415874, 516236.031700000166893 ], [ 356156.856300000101328, 516236.606100000441074 ], [ 356162.615299999713898, 516135.644200000911951 ], [ 356052.688299998641014, 516136.563999999314547 ], [ 355946.183499999344349, 516131.034900000318885 ], [ 355827.393199998885393, 516124.163499999791384 ], [ 355769.848700001835823, 516120.756699999794364 ], [ 355717.068300001323223, 516117.567600000649691 ], [ 355659.565200001001358, 516115.059399999678135 ], [ 355656.572200000286102, 516236.750600000843406 ], [ 355651.152399998158216, 516348.477399999275804 ], [ 355649.585599999875, 516494.8673 ], [ 355645.442099999636412, 516506.323799999430776 ], [ 355648.187800001353025, 516518.318199999630451 ], [ 355644.714600000530481, 516578.289599999785423 ], [ 355644.127999998629093, 516602.001199999824166 ], [ 355641.67960000038147, 516643.095799999311566 ], [ 355639.440400000661612, 516681.400699999183416 ], [ 355639.034499999135733, 516693.9232 ], [ 355638.522300001233816, 516710.583799999207258 ], [ 355631.498199999332428, 516924.356300000101328 ], [ 355626.478700000792742, 517063.42200000025332 ], [ 355621.494800001382828, 517160.16330000013113 ], [ 355618.624099999666214, 517239.4211 ], [ 355617.272300001233816, 517261.86600000038743 ], [ 355609.624800000339746, 517483.894799999892712 ], [ 355607.471999999135733, 517547.396999999880791 ], [ 355610.449000000953674, 517547.084699999541044 ], [ 355616.901799999177456, 517549.954099999741 ], [ 355662.235500000417233, 517553.8114 ], [ 355745.651500001549721, 517565.339299999177456 ], [ 355787.11430000141263, 517567.453299999237061 ], [ 355933.781300000846386, 517581.530999999493361 ], [ 355966.174100000411272, 517582.224500000476837 ], [ 356013.252399999648333, 517585.715600000694394 ], [ 356039.460400000214577, 517586.68720000050962 ], [ 356068.060699999332428, 517589.335599999875 ], [ 356096.578299999237061, 517590.188799999654293 ], [ 356115.805700000375509, 517590.842199999839067 ], [ 356122.380699999630451, 517591.030200000852346 ], [ 356139.298399999738, 517591.802200000733137 ], [ 356142.662300001829863, 517581.206299999728799 ], [ 356196.585200000554323, 517506.853900000452995 ], [ 356198.997900001704693, 517455.792500000447035 ], [ 356175.1875, 517423.913399999961 ], [ 356148.244699999690056, 517404.768200000748038 ], [ 356144.168099999427795, 517384.091199999675155 ], [ 356152.310100000351667, 517371.585799999535084 ], [ 356154.722500000149012, 517320.524299999698997 ], [ 356146.135200001299381, 517286.876499999314547 ], [ 356145.10869999975, 517253.461699999869 ], [ 356156.143500000238419, 517233.474199999123812 ], [ 356161.019799999892712, 517182.525000000372529 ], [ 356112.793699998408556, 517077.869200000539422 ], [ 356099.985399998724461, 517057.353499999269843 ], [ 356068.144299998879433, 517006.632699999958 ], [ 356039.817600000649691, 516983.505799999460578 ], [ 356035.843600001186132, 516980.413200000301003 ], [ 356025.846700001507998, 516972.231100000441074 ], [ 355961.003199998289347, 516919.669399999082088 ], [ 355900.061099998652935, 516900.654200000688434 ], [ 355893.813299998641014, 516898.689799999818206 ], [ 355884.526399999856949, 516880.350600000470877 ], [ 355886.273899998515844, 516842.023399999365211 ], [ 355931.129200000315905, 516800.511099999770522 ], [ 355935.769499998539686, 516754.7017 ], [ 355947.854200001806021, 516711.69510000012815 ], [ 355966.7971, 516684.341700000688434 ], [ 356000.964999999850988, 516655.219200000166893 ], [ 356067.936000000685453, 516612.476800000295043 ] ] ] } },
{ "type": "Feature", "properties": { "IA_blck_gr": "G19011300002013", "IA_blck__1": "3", "IA_blck__2": "Block Group 3", "blck_grp_I": 1208, "blck_grp_1": 35524000, "Shape_Leng": 6118.2392392000002, "Shape_Area": 1077932.5499799999 }, "geometry": { "type": "Polygon", "coordinates": [ [ [ 355607.471999999135733, 517547.396999999880791 ], [ 355609.624800000339746, 517483.894799999892712 ], [ 355617.272300001233816, 517261.86600000038743 ], [ 355618.624099999666214, 517239.4211 ], [ 355621.494800001382828, 517160.16330000013113 ], [ 355626.478700000792742, 517063.42200000025332 ], [ 355631.498199999332428, 516924.356300000101328 ], [ 355638.522300001233816, 516710.583799999207258 ], [ 355639.034499999135733, 516693.9232 ], [ 355639.440400000661612, 516681.400699999183416 ], [ 355641.67960000038147, 516643.095799999311566 ], [ 355644.127999998629093, 516602.001199999824166 ], [ 355644.714600000530481, 516578.289599999785423 ], [ 355648.187800001353025, 516518.318199999630451 ], [ 355645.442099999636412, 516506.323799999430776 ], [ 355649.585599999875, 516494.8673 ], [ 355651.152399998158216, 516348.477399999275804 ], [ 355656.572200000286102, 516236.750600000843406 ], [ 355659.565200001001358, 516115.059399999678135 ], [ 355582.184099998325109, 516111.646099999547005 ], [ 355549.815000001341105, 516108.492000000551343 ], [ 355502.261700000613928, 516108.005899999290705 ], [ 355478.159000001847744, 516107.691999999806285 ], [ 355427.426899999380112, 516104.710100000724196 ], [ 355408.046900000423193, 516103.715800000354648 ], [ 355349.999200001358986, 516100.513199999928 ], [ 355281.750100001692772, 516095.391100000590086 ], [ 355256.681200001388788, 516092.794399999082088 ], [ 355180.817600000649691, 516084.975199999287724 ], [ 355075.021499998867512, 516081.95380000025034 ], [ 354972.130800001323223, 516078.393999999389052 ], [ 354848.324700001627207, 516073.212999999523163 ], [ 354815.940999999642372, 516072.188899999484 ], [ 354788.655999999493361, 516073.076199999079108 ], [ 354749.911100000143051, 516070.755400000140071 ], [ 354700.3618, 516072.534800000488758 ], [ 354670.648200001567602, 516072.528400000184774 ], [ 354510.878299999982, 516072.661100000143051 ], [ 354486.617400001734495, 516074.022700000554323 ], [ 354484.389499999582767, 516074.145500000566244 ], [ 354456.240600001066923, 516072.307399999350309 ], [ 354421.443500000983477, 516070.055600000545382 ], [ 354417.508000001311302, 516140.4199 ], [ 354410.24720000103116, 516251.3914 ], [ 354405.336199998855591, 516321.487400000914931 ], [ 354396.517200000584126, 516350.759700000286102 ], [ 354392.579599998891354, 516388.539799999445677 ], [ 354391.35700000077486, 516415.469699999317527 ], [ 354389.138599999248981, 516442.578299999237061 ], [ 354386.899000000208616, 516535.413899999111891 ], [ 354478.448800001293421, 516538.451199999079108 ], [ 354749.105000000447035, 516548.507799999788404 ], [ 354764.648099999875, 516546.974799999967 ], [ 354779.213899999856949, 516541.590299999341369 ], [ 354801.816300000995398, 516531.420399999246001 ], [ 354815.735300000756979, 516525.782600000500679 ], [ 354836.109099999070168, 516524.805199999362 ], [ 355004.928599998354912, 516531.809499999508262 ], [ 355112.069099999964, 516535.899299999698997 ], [ 355092.238299999386072, 516591.879399999976 ], [ 355106.092599999159575, 516602.139399999752641 ], [ 355136.177799999713898, 516599.3651 ], [ 355153.839499998837709, 516571.167700000107288 ], [ 355169.004299998283386, 516538.153899999335408 ], [ 355230.590799998492002, 516541.292199999094009 ], [ 355291.632800001651049, 516543.7346 ], [ 355301.489100001752377, 516544.183299999684095 ], [ 355312.094799999147654, 516544.442099999636412 ], [ 355354.763799998909235, 516545.488700000569224 ], [ 355332.349500000476837, 516614.787399999797344 ], [ 355327.571400001645088, 516629.350400000810623 ], [ 355233.062199998646975, 516906.548399999738 ], [ 355221.36540000140667, 516946.550300000235438 ], [ 355214.778900001198053, 516980.96199999936 ], [ 355214.076400000602007, 516994.590700000524521 ], [ 355104.513099998235703, 517116.246099999174476 ], [ 355080.158700000494719, 517143.243100000545382 ], [ 354825.325199998915195, 517420.989499999210238 ], [ 354852.218600001186132, 517448.525599999353 ], [ 354887.843899998813868, 517490.343399999663234 ], [ 354924.772199999541044, 517519.791600000113249 ], [ 354930.076400000602007, 517524.399700000882149 ], [ 354938.393800001591444, 517529.704800000414252 ], [ 354948.594200000166893, 517533.41579999961 ], [ 354960.401500001549721, 517537.983799999579787 ], [ 354979.615299999713898, 517542.552799999713898 ], [ 354991.950100000947714, 517544.569399999454618 ], [ 355089.658599998801947, 517549.462200000882149 ], [ 355138.4037000015378, 517548.880799999460578 ], [ 355178.758299998939037, 517551.83699999936 ], [ 355249.318900000303984, 517554.712500000372529 ], [ 355331.623399998992682, 517558.123299999162555 ], [ 355394.371199999004602, 517559.076899999752641 ], [ 355435.651900000870228, 517541.697599999606609 ], [ 355458.402100000530481, 517533.663899999111891 ], [ 355481.061500001698732, 517529.433299999684095 ], [ 355493.570700000971556, 517531.234799999744 ], [ 355529.799400001764297, 517536.244200000539422 ], [ 355563.451699998229742, 517541.808199999853969 ], [ 355607.471999999135733, 517547.396999999880791 ] ] ] } },
{ "type": "Feature", "properties": { "IA_blck_gr": "G19011300002014", "IA_blck__1": "4", "IA_blck__2": "Block Group 4", "blck_grp_I": 2844, "blck_grp_1": 88742500, "Shape_Leng": 6687.8070710299999, "Shape_Area": 1915966.8106199999 }, "geometry": { "type": "Polygon", "coordinates": [ [ [ 354421.443500000983477, 516070.055600000545382 ], [ 354286.410500001162291, 516056.535599999129772 ], [ 354231.802200000733137, 516053.721400000154972 ], [ 354114.008200000971556, 516041.210699999704957 ], [ 353884.484700001776218, 516020.388599999248981 ], [ 353665.13399999961, 516005.744699999690056 ], [ 353655.220199998468161, 516004.7357 ], [ 353476.704300001263618, 516000.793199999257922 ], [ 353419.637499999254942, 515999.552899999544024 ], [ 353344.230399999767542, 516001.625900000333786 ], [ 353267.38399999961, 516000.947200000286102 ], [ 353156.639800000935793, 515999.967199999839067 ], [ 353147.583999998867512, 516256.533700000494719 ], [ 353147.311000000685453, 516262.567800000309944 ], [ 353141.7993, 516397.13260000012815 ], [ 353140.220699999481, 516437.482999999076128 ], [ 353139.9831000007689, 516442.734899999573827 ], [ 353136.221799999475479, 516533.149900000542402 ], [ 353133.991099998354912, 516587.915100000798702 ], [ 353132.94709999859333, 516614.629000000655651 ], [ 353131.780600000172853, 516642.233300000429153 ], [ 353131.271200001239777, 516655.310900000855327 ], [ 353131.200399998575449, 516656.87529999949 ], [ 353128.919100001454353, 516712.757799999788404 ], [ 353133.804000001400709, 516739.403999999165535 ], [ 353141.170400001108646, 516762.131599999964 ], [ 353155.439800001680851, 516790.5461 ], [ 353171.642499998211861, 516808.970699999481 ], [ 353197.133299998939037, 516845.843100000172853 ], [ 353203.723799999803305, 516860.249600000679493 ], [ 353210.291499998420477, 516878.7982 ], [ 353212.333299998193979, 516884.601099999621511 ], [ 353216.6085, 516913.795099999755621 ], [ 353216.134799998253584, 516964.27280000038445 ], [ 353216.032299999147654, 516971.994100000709295 ], [ 353212.13740000128746, 517056.244100000709295 ], [ 353212.834499999880791, 517069.93610000051558 ], [ 353371.056200001388788, 517074.410700000822544 ], [ 353426.514199998229742, 517076.473799999803305 ], [ 353622.295499999076128, 517083.886 ], [ 353786.118200000375509, 517090.078199999406934 ], [ 353948.873100001364946, 517096.225600000470877 ], [ 354019.612100001424551, 517098.873999999836087 ], [ 354047.546399999409914, 517099.917099999263883 ], [ 354071.697599999606609, 517100.900699999183416 ], [ 354095.525400001555681, 517101.757699999958 ], [ 354210.875999998301268, 517106.096000000834465 ], [ 354310.118999999016523, 517109.928600000217557 ], [ 354346.985100001096725, 517111.826199999079108 ], [ 354392.869199998676777, 517112.677699999883771 ], [ 354420.595400001853704, 517118.303600000217557 ], [ 354451.141199998557568, 517127.080900000408292 ], [ 354493.318399999290705, 517146.128100000321865 ], [ 354516.769000001251698, 517162.533399999141693 ], [ 354532.635600000619888, 517173.779500000178814 ], [ 354536.799699999392033, 517176.320000000298023 ], [ 354627.621599998325109, 517247.7412 ], [ 354641.285700000822544, 517258.551599999889731 ], [ 354645.727499999106, 517262.224500000476837 ], [ 354749.539799999445677, 517346.554400000721216 ], [ 354753.442899998277426, 517351.210699999704957 ], [ 354825.325199998915195, 517420.989499999210238 ], [ 355080.158700000494719, 517143.243100000545382 ], [ 355104.513099998235703, 517116.246099999174476 ], [ 355214.076400000602007, 516994.590700000524521 ], [ 355214.778900001198053, 516980.96199999936 ], [ 355221.36540000140667, 516946.550300000235438 ], [ 355233.062199998646975, 516906.548399999738 ], [ 355327.571400001645088, 516629.350400000810623 ], [ 355332.349500000476837, 516614.787399999797344 ], [ 355354.763799998909235, 516545.488700000569224 ], [ 355312.094799999147654, 516544.442099999636412 ], [ 355301.489100001752377, 516544.183299999684095 ], [ 355291.632800001651049, 516543.7346 ], [ 355230.590799998492002, 516541.292199999094009 ], [ 355169.004299998283386, 516538.153899999335408 ], [ 355153.839499998837709, 516571.167700000107288 ], [ 355136.177799999713898, 516599.3651 ], [ 355106.092599999159575, 516602.139399999752641 ], [ 355092.238299999386072, 516591.879399999976 ], [ 355112.069099999964, 516535.899299999698997 ], [ 355004.928599998354912, 516531.809499999508262 ], [ 354836.109099999070168, 516524.805199999362 ], [ 354815.735300000756979, 516525.782600000500679 ], [ 354801.816300000995398, 516531.420399999246001 ], [ 354779.213899999856949, 516541.590299999341369 ], [ 354764.648099999875, 516546.974799999967 ], [ 354749.105000000447035, 516548.507799999788404 ], [ 354478.448800001293421, 516538.451199999079108 ], [ 354386.899000000208616, 516535.413899999111891 ], [ 354389.138599999248981, 516442.578299999237061 ], [ 354391.35700000077486, 516415.469699999317527 ], [ 354392.579599998891354, 516388.539799999445677 ], [ 354396.517200000584126, 516350.759700000286102 ], [ 354405.336199998855591, 516321.487400000914931 ], [ 354410.24720000103116, 516251.3914 ], [ 354417.508000001311302, 516140.4199 ], [ 354421.443500000983477, 516070.055600000545382 ] ] ] } },
{ "type": "Feature", "properties": { "IA_blck_gr": "G19011300002051", "IA_blck__1": "1", "IA_blck__2": "Block Group 1", "blck_grp_I": 3020, "blck_grp_1": 274473000, "Shape_Leng": 23317.467600399999, "Shape_Area": 14874273.577500001 }, "geometry": { "type": "Polygon", "coordinates": [ [ [ 353156.949400000274181, 520713.339999999850988 ], [ 353160.964699998497963, 520662.800799999386072 ], [ 353191.488099999725819, 520339.254100000485778 ], [ 353217.278599999845028, 520065.765599999576807 ], [ 353229.352299999445677, 519931.727 ], [ 353230.920800000429153, 519913.4353 ], [ 353243.484099999070168, 519774.044199999421835 ], [ 353269.696299999952, 519514.905099999159575 ], [ 353270.002099998295307, 519511.783700000494719 ], [ 353270.180300001055002, 519509.66440000012517 ], [ 353273.188299998641014, 519479.569199999794364 ], [ 353308.413899999111891, 519103.158199999481 ], [ 353330.067600000649691, 518877.513499999418855 ], [ 353334.132399998605251, 518838.620400000363588 ], [ 353348.511399999260902, 518702.780899999663234 ], [ 353334.377900000661612, 518702.364900000393391 ], [ 353320.814100001007318, 518702.086699999869 ], [ 353224.933800000697374, 518700.769300000742078 ], [ 353165.311000000685453, 518700.086100000888109 ], [ 353160.379200000315905, 518699.974899999797344 ], [ 353105.190400000661612, 518699.492799999192357 ], [ 353101.900800000876188, 518699.455900000408292 ], [ 352897.410500001162291, 518692.668899999931 ], [ 352833.493799999356, 518686.867399999872 ], [ 352762.277800001204014, 518685.999099999666214 ], [ 352745.405499998480082, 518687.923599999397993 ], [ 352702.840799998492002, 518693.949400000274181 ], [ 352674.974399998784065, 518700.639799999073148 ], [ 352654.215199999511242, 518706.6436 ], [ 352627.290100000798702, 518716.175799999386072 ], [ 352598.186099998652935, 518728.409 ], [ 352577.137899998575449, 518738.99070000089705 ], [ 352558.958700001239777, 518749.814200000837445 ], [ 352548.864199999719858, 518756.524000000208616 ], [ 352522.420000001788139, 518777.2752 ], [ 352498.268699999898672, 518796.450500000268221 ], [ 352464.478199999779463, 518826.835200000554323 ], [ 352461.473099999129772, 518829.6107 ], [ 352458.478000000119209, 518832.162699999287724 ], [ 352452.30350000038743, 518837.7061 ], [ 352375.384799998253584, 518906.675899999216199 ], [ 352353.431099999696016, 518926.398600000888109 ], [ 352345.625999998301268, 518933.43610000051558 ], [ 352324.636100001633167, 518951.858899999409914 ], [ 352309.137099999934, 518963.475700000301003 ], [ 352297.717000000178814, 518974.045 ], [ 352290.753400001674891, 518980.672499999403954 ], [ 352233.500700000673532, 519035.079700000584126 ], [ 352232.644299998879433, 519035.824899999424815 ], [ 352153.793999999761581, 519116.689799999818206 ], [ 352015.238299999386072, 519259.019300000742078 ], [ 351904.859900001436472, 519371.382500000298023 ], [ 351901.670800000429153, 519374.597799999639392 ], [ 351893.734099999070168, 519382.749299999326468 ], [ 351884.853900000452995, 519391.754200000315905 ], [ 351692.279500000178814, 519593.794199999421835 ], [ 351640.476199999451637, 519644.307800000533462 ], [ 351604.344900000840425, 519677.501299999654293 ], [ 351547.692200001329184, 519726.117399999872 ], [ 351536.719900000840425, 519712.187000000849366 ], [ 351532.285199999809265, 519704.7094 ], [ 351529.333399999886751, 519697.186499999836087 ], [ 351526.73200000077486, 519685.536800000816584 ], [ 351525.042300000786781, 519671.912699999287724 ], [ 351526.72410000115633, 519629.105100000277162 ], [ 351530.429400000721216, 519570.601299999281764 ], [ 351535.599800001829863, 519503.318099999800324 ], [ 351537.350099999457598, 519462.641000000759959 ], [ 351538.275199998170137, 519434.802799999713898 ], [ 351538.275499999523163, 519405.579399999231 ], [ 351539.853799998760223, 519355.937100000679493 ], [ 351556.576900001615286, 519048.667999999597669 ], [ 351562.334800001233816, 518942.782099999487 ], [ 351563.907900001853704, 518922.474799999967 ], [ 351571.109700001776218, 518877.676300000399351 ], [ 351574.045400001108646, 518854.519200000911951 ], [ 351577.372499998658895, 518791.631100000813603 ], [ 351591.757899999619, 518521.652300000190735 ], [ 351604.929699998348951, 518231.127800000831485 ], [ 351611.269999999552965, 518115.973699999973 ], [ 351615.94990000128746, 518021.235099999234 ], [ 351624.986499998719, 517855.368300000205636 ], [ 351626.267200000584126, 517823.290899999439716 ], [ 351635.389199998229742, 517631.786599999293685 ], [ 351642.151999998837709, 517488.994300000369549 ], [ 351649.365600001066923, 517316.102299999445677 ], [ 351659.611400000751019, 517112.443 ], [ 351663.990299999713898, 517007.948300000280142 ], [ 351666.662399999797344, 516941.3344 ], [ 351675.500300001353025, 516736.043299999088049 ], [ 351678.311500001698732, 516669.995400000363588 ], [ 351688.685400001704693, 516425.135099999606609 ], [ 351751.017900001257658, 516387.970200000330806 ], [ 351806.445999998599291, 516356.093000000342727 ], [ 351927.995700001716614, 516285.207900000736117 ], [ 351975.923500001430511, 516257.248700000345707 ], [ 352012.624800000339746, 516235.501700000837445 ], [ 352072.836399998515844, 516199.811000000685453 ], [ 352129.477600000798702, 516166.647099999710917 ], [ 352251.894999999552965, 516094.910000000149012 ], [ 352264.512099999934, 516087.081499999389052 ], [ 352289.19310000166297, 516072.743200000375509 ], [ 352321.340900000184774, 516055.270899999886751 ], [ 352352.382199998944998, 516040.43610000051558 ], [ 352380.833299998193979, 516028.283700000494719 ], [ 352397.066300000995398, 516022.410199999809265 ], [ 352407.274099998176098, 516018.728099999949 ], [ 352450.115200001746416, 516006.889799999073148 ], [ 352497.819400001317263, 515996.726800000295043 ], [ 352519.270500000566244, 515993.776499999687076 ], [ 352526.477400001138449, 515992.758400000631809 ], [ 352544.982999999076128, 515991.242699999362 ], [ 352532.520799998193979, 515764.160399999469519 ], [ 352513.607500001788139, 515685.373700000345707 ], [ 352474.708700001239777, 515608.036100000143051 ], [ 352448.57660000026226, 515568.785599999129772 ], [ 352433.503699999302626, 515543.471200000494719 ], [ 352419.3805, 515511.705399999395013 ], [ 352408.427000001072884, 515482.6579 ], [ 352406.739399999380112, 515478.102800000458956 ], [ 352403.724500000476837, 515470.128599999472499 ], [ 352398.046300001442432, 515470.096300000324845 ], [ 352375.784499999135733, 515469.091399999335408 ], [ 352369.300000000745058, 515468.686699999496341 ], [ 352366.506900001317263, 515468.560599999502301 ], [ 352357.640099998563528, 515468.048499999567866 ], [ 352360.579399999231, 515477.698799999430776 ], [ 352361.598299998790026, 515480.656099999323487 ], [ 352316.535000000149012, 515477.838400000706315 ], [ 352267.034400001168251, 515473.029200000688434 ], [ 352231.010800000280142, 515468.716399999335408 ], [ 352204.834600001573563, 515465.072100000455976 ], [ 352172.122099999338388, 515460.349099999293685 ], [ 352145.914200000464916, 515455.583799999207258 ], [ 352124.363499999046326, 515451.588400000706315 ], [ 352088.645100001245737, 515444.154899999499321 ], [ 352052.715500000864267, 515435.92820000089705 ], [ 352018.603199999779463, 515427.559599999338388 ], [ 351993.708000000566244, 515421.062300000339746 ], [ 351958.583000000566244, 515411.416699999943 ], [ 351925.526799999177456, 515401.528599999845028 ], [ 351866.971700001507998, 515382.093399999663234 ], [ 351581.9679000005126, 515276.764000000432134 ], [ 351527.045899998396635, 515257.0471 ], [ 351491.4956, 515244.025299999862909 ], [ 351470.192200001329184, 515236.347799999639392 ], [ 351422.882599998265505, 515221.229299999773502 ], [ 351395.402699999511242, 515213.609999999403954 ], [ 351378.964499998837709, 515209.399000000208616 ], [ 351373.839299999177456, 515208.048599999397993 ], [ 351340.984499998390675, 515200.971400000154972 ], [ 351315.093899998813868, 515196.447000000625849 ], [ 351291.961100000888109, 515192.830700000748038 ], [ 351265.86600000038743, 515189.193299999460578 ], [ 351250.041200000792742, 515187.809399999678135 ], [ 351234.62220000103116, 515186.555800000205636 ], [ 351209.432300001382828, 515184.750700000673532 ], [ 351182.718600001186132, 515183.884899999946 ], [ 351159.594200000166893, 515183.740499999374151 ], [ 351135.638300001621246, 515183.782700000330806 ], [ 351111.888700000941753, 515184.730000000447035 ], [ 351087.595899999141693, 515186.77280000038445 ], [ 351064.366099998354912, 515188.975299999117851 ], [ 351051.542399998754263, 515190.414200000464916 ], [ 351039.637499999254942, 515191.558399999514222 ], [ 351027.045200001448393, 515193.343699999153614 ], [ 351003.329300001263618, 515197.204 ], [ 350978.921, 515201.817299999296665 ], [ 350775.0625, 515239.459100000560284 ], [ 350751.105500001460314, 515243.197499999776483 ], [ 350726.742800001055002, 515246.805800000205636 ], [ 350701.33219999819994, 515249.919099999591708 ], [ 350678.6107, 515251.809800000861287 ], [ 350654.492600001394749, 515253.637599999085069 ], [ 350627.950199998915195, 515254.461100000888109 ], [ 350605.44819999858737, 515255.130000000819564 ], [ 350582.981300000101328, 515255.016799999400973 ], [ 350558.814399998635054, 515254.2675 ], [ 350531.941599998623133, 515253.284800000488758 ], [ 350508.661499999463558, 515251.119899999350309 ], [ 350484.960499998182058, 515249.160000000149012 ], [ 350459.898099999875, 515246.355399999767542 ], [ 350436.025800000876188, 515242.708399999886751 ], [ 350408.527199998497963, 515237.331199999898672 ], [ 350379.883299998939037, 515231.790599999949 ], [ 350357.201299998909235, 515227.3015 ], [ 350331.13399999961, 515221.205099999905 ], [ 350301.363200001418591, 515213.262900000438094 ], [ 350263.649900000542402, 515200.709499999880791 ], [ 350213.34180000051856, 515182.664599999785423 ], [ 350202.491300001740456, 515204.348200000822544 ], [ 350178.710499998182058, 515251.876900000497699 ], [ 350173.915500000119209, 515261.5153 ], [ 350038.961800001561642, 515396.434499999508262 ], [ 349918.976199999451637, 515456.446399999782443 ], [ 349768.976500000804663, 515486.450899999588728 ], [ 349468.931200001388788, 515696.505899999290705 ], [ 349393.934500001370907, 515711.512099999934 ], [ 349123.922899998724461, 515861.451999999582767 ], [ 348943.962499998509884, 515906.479100000113249 ], [ 348827.180100001394749, 515944.927799999713898 ], [ 348784.916600000113249, 515982.6765 ], [ 348742.344099998474121, 516027.353700000792742 ], [ 348720.215500000864267, 516069.473200000822544 ], [ 348725.1765, 516127.918700000271201 ], [ 348718.916600000113249, 516146.449899999424815 ], [ 348748.968400001525879, 516236.471899999305606 ], [ 348988.975900001823902, 516521.522600000724196 ], [ 349033.911699999123812, 516626.43099999987 ], [ 349243.9358000010252, 516821.469399999827147 ], [ 349303.938000001013279, 517001.512599999085069 ], [ 349438.938299998641014, 517151.434900000691414 ], [ 349491.47690000012517, 517203.949200000613928 ], [ 349528.968699999153614, 517241.458000000566244 ], [ 349543.960299998521805, 517316.476299999281764 ], [ 349541.82880000025034, 517342.021600000560284 ], [ 349551.195900000631809, 517476.467000000178814 ], [ 349524.438499998301268, 517564.955 ], [ 349428.499800000339746, 517612.500099999830127 ], [ 349286.6765, 517580.287100000306964 ], [ 349213.904599998146296, 517586.435900000855327 ], [ 349078.952300000935793, 517481.531199999153614 ], [ 348945.718199998140335, 517378.609099999070168 ], [ 348901.762899998575449, 517454.349600000306964 ], [ 348814.204799998551607, 517511.458200000226498 ], [ 348673.983600001782179, 517511.4627 ], [ 348643.946699999272823, 517616.489800000563264 ], [ 348587.355700001120567, 517673.080700000748038 ], [ 348583.911100000143051, 517676.509800000116229 ], [ 348590.555799998342991, 517695.393200000748038 ], [ 348587.848900001496077, 517709.939899999648333 ], [ 348593.434999998658895, 517756.207900000736117 ], [ 348604.1402000002563, 517800.241299999878 ], [ 348602.165899999439716, 517846.283500000834465 ], [ 348536.291299998760223, 517909.961500000208616 ], [ 348532.490699999034405, 517996.902100000530481 ], [ 348537.957100000232458, 518045.851700000464916 ], [ 348640.172699999064207, 518367.730699999257922 ], [ 348635.078400000929832, 518426.509400000795722 ], [ 348696.550500001758337, 518464.973300000652671 ], [ 348769.26069999858737, 518478.411499999463558 ], [ 348788.207499999552965, 518507.3618 ], [ 348813.6798, 518559.668999999761581 ], [ 348830.420299999415874, 518580.907099999487 ], [ 348907.683600001037121, 518604.739099999889731 ], [ 348993.414500001817942, 518667.355100000277162 ], [ 349017.253800000995398, 518699.099999999627471 ], [ 349054.083200000226498, 518723.700400000438094 ], [ 349101.269999999552965, 518741.150599999353 ], [ 349196.922600001096725, 518738.264699999243021 ], [ 349281.267499998211861, 518772.942199999466538 ], [ 349472.033700000494719, 518961.077299999073148 ], [ 349498.986099999397993, 518980.199100000783801 ], [ 349604.360199999064207, 518995.332299999892712 ], [ 349764.065000001341105, 519092.398199999704957 ], [ 349807.440400000661612, 519137.89750000089407 ], [ 349830.842199999839067, 519177.463099999353 ], [ 349889.95380000025034, 519264.648 ], [ 349932.179200001060963, 519306.401499999687076 ], [ 350014.003199998289347, 519367.733999999240041 ], [ 350172.38060000166297, 519439.10869999975 ], [ 350232.860599998384714, 519495.678899999707937 ], [ 350278.545400001108646, 519546.435000000521541 ], [ 350303.063999999314547, 519562.875099999830127 ], [ 350317.165899999439716, 519584.109999999403954 ], [ 350337.247999999672174, 519587.586899999529123 ], [ 350370.122699998319149, 519586.487800000235438 ], [ 350434.091600000858307, 519568.982799999415874 ], [ 350529.016399998217821, 519591.273199999704957 ], [ 350593.216600000858307, 519568.629300000146031 ], [ 350633.414000000804663, 519573.010900000110269 ], [ 350680.240899998694658, 519598.292300000786781 ], [ 350723.492600001394749, 519646.366499999538064 ], [ 350742.226500000804663, 519677.999399999156594 ], [ 350761.422400001436472, 519699.352199999616 ], [ 350811.370999999344349, 519711.898700000718236 ], [ 350913.762200001627207, 519683.360999999567866 ], [ 350973.842799998819828, 519693.789000000804663 ], [ 350983.021499998867512, 519714.691700000315905 ], [ 351010.162000000476837, 519782.532700000330806 ], [ 351031.208299998193979, 519819.420800000429153 ], [ 351089.331799998879433, 519873.316600000485778 ], [ 351172.818799998611212, 519979.634999999776483 ], [ 351185.171700000762939, 519999.449200000613928 ], [ 351210.483800001442432, 520040.224700000137091 ], [ 351332.178899999707937, 520264.373700000345707 ], [ 351343.197299998253584, 520284.575899999588728 ], [ 351424.015299998223782, 520393.351800000295043 ], [ 351488.960999999195337, 520465.472599999979 ], [ 351493.655099999159575, 520470.8344 ], [ 351512.50730000063777, 520485.119699999690056 ], [ 351554.66270000115037, 520517.138000000268221 ], [ 351549.006099998950958, 520586.078099999576807 ], [ 351543.573899999260902, 520593.446900000795722 ], [ 351533.290899999439716, 520651.877599999308586 ], [ 351539.342999998480082, 520685.516100000590086 ], [ 351538.513399999588728, 520813.455399999395013 ], [ 351540.901099998503923, 520869.993699999526143 ], [ 351593.315499998629093, 520938.975199999287724 ], [ 351616.673599999397993, 520981.00730000063777 ], [ 351622.728500001132488, 521012.742499999701977 ], [ 351613.977000001817942, 521099.2331000007689 ], [ 351830.642299998551607, 521115.495799999684095 ], [ 351858.962499998509884, 521116.773099999875 ], [ 351876.118700001388788, 521117.54700000025332 ], [ 352005.254599999636412, 521119.454099999741 ], [ 352064.478500001132488, 521119.439500000327826 ], [ 352106.721799999475479, 521120.226500000804663 ], [ 352198.596500001847744, 521122.134500000625849 ], [ 352268.409699998795986, 521122.599600000306964 ], [ 352332.056400001049042, 521123.010600000619888 ], [ 352471.021299999207258, 521124.025800000876188 ], [ 352671.169199999421835, 521130.8322 ], [ 352673.716400001198053, 521069.030200000852346 ], [ 352676.465599998831749, 521002.758600000292063 ], [ 352687.985500000417233, 520722.4679000005126 ], [ 352746.843899998813868, 520723.337600000202656 ], [ 352780.300700001418591, 520723.842700000852346 ], [ 352785.888000000268221, 520723.98340000025928 ], [ 352815.645500000566244, 520724.433399999514222 ], [ 353071.361000001430511, 520728.724300000816584 ], [ 353107.043499998748302, 520720.038399999961 ], [ 353129.665800001472235, 520714.568299999460578 ], [ 353156.949400000274181, 520713.339999999850988 ] ] ] } },
{ "type": "Feature", "properties": { "IA_blck_gr": "G19011300002052", "IA_blck__1": "2", "IA_blck__2": "Block Group 2", "blck_grp_I": 2043, "blck_grp_1": 108907500, "Shape_Leng": 16321.637607500001, "Shape_Area": 7697736.8858399997 }, "geometry": { "type": "Polygon", "coordinates": [ [ [ 354825.325199998915195, 517420.989499999210238 ], [ 354753.442899998277426, 517351.210699999704957 ], [ 354749.539799999445677, 517346.554400000721216 ], [ 354645.727499999106, 517262.224500000476837 ], [ 354641.285700000822544, 517258.551599999889731 ], [ 354627.621599998325109, 517247.7412 ], [ 354536.799699999392033, 517176.320000000298023 ], [ 354532.635600000619888, 517173.779500000178814 ], [ 354516.769000001251698, 517162.533399999141693 ], [ 354493.318399999290705, 517146.128100000321865 ], [ 354451.141199998557568, 517127.080900000408292 ], [ 354420.595400001853704, 517118.303600000217557 ], [ 354392.869199998676777, 517112.677699999883771 ], [ 354346.985100001096725, 517111.826199999079108 ], [ 354310.118999999016523, 517109.928600000217557 ], [ 354210.875999998301268, 517106.096000000834465 ], [ 354095.525400001555681, 517101.757699999958 ], [ 354071.697599999606609, 517100.900699999183416 ], [ 354047.546399999409914, 517099.917099999263883 ], [ 354019.612100001424551, 517098.873999999836087 ], [ 353948.873100001364946, 517096.225600000470877 ], [ 353786.118200000375509, 517090.078199999406934 ], [ 353622.295499999076128, 517083.886 ], [ 353426.514199998229742, 517076.473799999803305 ], [ 353371.056200001388788, 517074.410700000822544 ], [ 353212.834499999880791, 517069.93610000051558 ], [ 353212.13740000128746, 517056.244100000709295 ], [ 353216.032299999147654, 516971.994100000709295 ], [ 353216.134799998253584, 516964.27280000038445 ], [ 353216.6085, 516913.795099999755621 ], [ 353212.333299998193979, 516884.601099999621511 ], [ 353210.291499998420477, 516878.7982 ], [ 353203.723799999803305, 516860.249600000679493 ], [ 353197.133299998939037, 516845.843100000172853 ], [ 353171.642499998211861, 516808.970699999481 ], [ 353155.439800001680851, 516790.5461 ], [ 353141.170400001108646, 516762.131599999964 ], [ 353133.804000001400709, 516739.403999999165535 ], [ 353128.919100001454353, 516712.757799999788404 ], [ 353131.200399998575449, 516656.87529999949 ], [ 353131.271200001239777, 516655.310900000855327 ], [ 353131.780600000172853, 516642.233300000429153 ], [ 353132.94709999859333, 516614.629000000655651 ], [ 353133.991099998354912, 516587.915100000798702 ], [ 353136.221799999475479, 516533.149900000542402 ], [ 353139.9831000007689, 516442.734899999573827 ], [ 353140.220699999481, 516437.482999999076128 ], [ 353141.7993, 516397.13260000012815 ], [ 353147.311000000685453, 516262.567800000309944 ], [ 353147.583999998867512, 516256.533700000494719 ], [ 353156.639800000935793, 515999.967199999839067 ], [ 352951.762899998575449, 515996.523700000718236 ], [ 352923.142400000244379, 515996.013499999418855 ], [ 352910.148899998515844, 515995.762000000104308 ], [ 352872.729100000113249, 515995.078099999576807 ], [ 352804.79450000077486, 515993.911000000312924 ], [ 352802.823100000619888, 515993.821900000795722 ], [ 352561.265799999237061, 515989.738600000739098 ], [ 352544.982999999076128, 515991.242699999362 ], [ 352526.477400001138449, 515992.758400000631809 ], [ 352519.270500000566244, 515993.776499999687076 ], [ 352497.819400001317263, 515996.726800000295043 ], [ 352450.115200001746416, 516006.889799999073148 ], [ 352407.274099998176098, 516018.728099999949 ], [ 352397.066300000995398, 516022.410199999809265 ], [ 352380.833299998193979, 516028.283700000494719 ], [ 352352.382199998944998, 516040.43610000051558 ], [ 352321.340900000184774, 516055.270899999886751 ], [ 352289.19310000166297, 516072.743200000375509 ], [ 352264.512099999934, 516087.081499999389052 ], [ 352251.894999999552965, 516094.910000000149012 ], [ 352129.477600000798702, 516166.647099999710917 ], [ 352072.836399998515844, 516199.811000000685453 ], [ 352012.624800000339746, 516235.501700000837445 ], [ 351975.923500001430511, 516257.248700000345707 ], [ 351927.995700001716614, 516285.207900000736117 ], [ 351806.445999998599291, 516356.093000000342727 ], [ 351751.017900001257658, 516387.970200000330806 ], [ 351688.685400001704693, 516425.135099999606609 ], [ 351678.311500001698732, 516669.995400000363588 ], [ 351675.500300001353025, 516736.043299999088049 ], [ 351666.662399999797344, 516941.3344 ], [ 351663.990299999713898, 517007.948300000280142 ], [ 351659.611400000751019, 517112.443 ], [ 351649.365600001066923, 517316.102299999445677 ], [ 351642.151999998837709, 517488.994300000369549 ], [ 351635.389199998229742, 517631.786599999293685 ], [ 351626.267200000584126, 517823.290899999439716 ], [ 351624.986499998719, 517855.368300000205636 ], [ 351615.94990000128746, 518021.235099999234 ], [ 351611.269999999552965, 518115.973699999973 ], [ 351604.929699998348951, 518231.127800000831485 ], [ 351591.757899999619, 518521.652300000190735 ], [ 351577.372499998658895, 518791.631100000813603 ], [ 351574.045400001108646, 518854.519200000911951 ], [ 351571.109700001776218, 518877.676300000399351 ], [ 351563.907900001853704, 518922.474799999967 ], [ 351562.334800001233816, 518942.782099999487 ], [ 351556.576900001615286, 519048.667999999597669 ], [ 351539.853799998760223, 519355.937100000679493 ], [ 351538.275499999523163, 519405.579399999231 ], [ 351538.275199998170137, 519434.802799999713898 ], [ 351537.350099999457598, 519462.641000000759959 ], [ 351535.599800001829863, 519503.318099999800324 ], [ 351530.429400000721216, 519570.601299999281764 ], [ 351526.72410000115633, 519629.105100000277162 ], [ 351525.042300000786781, 519671.912699999287724 ], [ 351526.73200000077486, 519685.536800000816584 ], [ 351529.333399999886751, 519697.186499999836087 ], [ 351532.285199999809265, 519704.7094 ], [ 351536.719900000840425, 519712.187000000849366 ], [ 351547.692200001329184, 519726.117399999872 ], [ 351604.344900000840425, 519677.501299999654293 ], [ 351640.476199999451637, 519644.307800000533462 ], [ 351692.279500000178814, 519593.794199999421835 ], [ 351884.853900000452995, 519391.754200000315905 ], [ 351893.734099999070168, 519382.749299999326468 ], [ 351901.670800000429153, 519374.597799999639392 ], [ 351904.859900001436472, 519371.382500000298023 ], [ 352015.238299999386072, 519259.019300000742078 ], [ 352153.793999999761581, 519116.689799999818206 ], [ 352232.644299998879433, 519035.824899999424815 ], [ 352233.500700000673532, 519035.079700000584126 ], [ 352290.753400001674891, 518980.672499999403954 ], [ 352297.717000000178814, 518974.045 ], [ 352309.137099999934, 518963.475700000301003 ], [ 352324.636100001633167, 518951.858899999409914 ], [ 352345.625999998301268, 518933.43610000051558 ], [ 352353.431099999696016, 518926.398600000888109 ], [ 352375.384799998253584, 518906.675899999216199 ], [ 352452.30350000038743, 518837.7061 ], [ 352458.478000000119209, 518832.162699999287724 ], [ 352461.473099999129772, 518829.6107 ], [ 352464.478199999779463, 518826.835200000554323 ], [ 352498.268699999898672, 518796.450500000268221 ], [ 352522.420000001788139, 518777.2752 ], [ 352548.864199999719858, 518756.524000000208616 ], [ 352558.958700001239777, 518749.814200000837445 ], [ 352577.137899998575449, 518738.99070000089705 ], [ 352598.186099998652935, 518728.409 ], [ 352627.290100000798702, 518716.175799999386072 ], [ 352654.215199999511242, 518706.6436 ], [ 352674.974399998784065, 518700.639799999073148 ], [ 352702.840799998492002, 518693.949400000274181 ], [ 352745.405499998480082, 518687.923599999397993 ], [ 352762.277800001204014, 518685.999099999666214 ], [ 352833.493799999356, 518686.867399999872 ], [ 352897.410500001162291, 518692.668899999931 ], [ 353101.900800000876188, 518699.455900000408292 ], [ 353105.190400000661612, 518699.492799999192357 ], [ 353160.379200000315905, 518699.974899999797344 ], [ 353165.311000000685453, 518700.086100000888109 ], [ 353224.933800000697374, 518700.769300000742078 ], [ 353320.814100001007318, 518702.086699999869 ], [ 353334.377900000661612, 518702.364900000393391 ], [ 353348.511399999260902, 518702.780899999663234 ], [ 353334.132399998605251, 518838.620400000363588 ], [ 353330.067600000649691, 518877.513499999418855 ], [ 353308.413899999111891, 519103.158199999481 ], [ 353273.188299998641014, 519479.569199999794364 ], [ 353270.180300001055002, 519509.66440000012517 ], [ 353270.002099998295307, 519511.783700000494719 ], [ 353269.696299999952, 519514.905099999159575 ], [ 353243.484099999070168, 519774.044199999421835 ], [ 353230.920800000429153, 519913.4353 ], [ 353229.352299999445677, 519931.727 ], [ 353217.278599999845028, 520065.765599999576807 ], [ 353191.488099999725819, 520339.254100000485778 ], [ 353160.964699998497963, 520662.800799999386072 ], [ 353156.949400000274181, 520713.339999999850988 ], [ 353236.683200001716614, 520736.432099999859929 ], [ 353273.075500000268221, 520730.242200000211596 ], [ 353431.094399999827147, 520733.92850000038743 ], [ 353496.007399998605251, 520735.526000000536442 ], [ 353516.953699998557568, 520732.556199999526143 ], [ 353534.71339999884367, 520720.037000000476837 ], [ 353539.907400000840425, 520688.921499999240041 ], [ 353545.797400001436472, 520646.0811 ], [ 353563.562399998307228, 520633.450099999085069 ], [ 353585.658300001174212, 520630.532700000330806 ], [ 353673.836899999529123, 520636.097200000658631 ], [ 353888.896800000220537, 520651.784 ], [ 353892.08500000089407, 520581.501000000163913 ], [ 353893.767799999564886, 520544.404200000688434 ], [ 353903.114199999719858, 520227.735600000247359 ], [ 353905.05350000038743, 520163.218000000342727 ], [ 353912.740600001066923, 519981.058800000697374 ], [ 353914.103999998420477, 519951.001199999824166 ], [ 353917.061000000685453, 519880.371300000697374 ], [ 353919.840599998831749, 519813.652300000190735 ], [ 353922.105200000107288, 519761.913599999621511 ], [ 353923.290300000458956, 519733.975299999117851 ], [ 353923.680599998682737, 519725.371400000527501 ], [ 353924.677000001072884, 519699.775800000876188 ], [ 353925.589400000870228, 519679.662900000810623 ], [ 353926.262499999254942, 519663.010099999606609 ], [ 353928.647700000554323, 519606.798100000247359 ], [ 353931.779100000858307, 519535.951899999752641 ], [ 353934.084300000220537, 519483.319199999794364 ], [ 353944.805399999022484, 519239.713199999183416 ], [ 353945.356800001114607, 519225.74210000038147 ], [ 353945.539299998432398, 519221.719499999657273 ], [ 353946.035999998450279, 519210.768999999389052 ], [ 353947.272700000554323, 519183.504699999466538 ], [ 353947.531199999153614, 519177.80599999987 ], [ 353949.451200000941753, 519133.665300000458956 ], [ 353953.924699999392033, 519031.416300000622869 ], [ 353954.639400001615286, 518988.45240000076592 ], [ 353961.932900000363588, 518727.894300000742078 ], [ 353964.224800001829863, 518624.762099999934 ], [ 353982.76069999858737, 518343.102600000798702 ], [ 353989.274199999869, 518290.212200000882149 ], [ 353993.786499999463558, 518265.111600000411272 ], [ 354000.670099999755621, 518249.412200000137091 ], [ 354021.239100001752377, 518211.379599999636412 ], [ 354036.151099998503923, 518189.214099999517202 ], [ 354044.314399998635054, 518176.147900000214577 ], [ 354076.793000001460314, 518133.169199999421835 ], [ 354110.212699998170137, 518102.102099999785423 ], [ 354207.837999999523163, 518023.450300000607967 ], [ 354274.628499999642372, 517971.504399999976 ], [ 354351.787900000810623, 517910.512199999764562 ], [ 354372.062399998307228, 517893.517400000244379 ], [ 354392.743500001728535, 517878.44480000063777 ], [ 354415.111000001430511, 517858.857799999415874 ], [ 354428.588500000536442, 517848.384700000286102 ], [ 354439.474800001829863, 517838.801799999549985 ], [ 354445.250100001692772, 517831.225999999791384 ], [ 354454.510899998247623, 517824.816500000655651 ], [ 354509.754099998623133, 517768.0929000005126 ], [ 354599.062899999320507, 517669.808499999344349 ], [ 354636.049100000411272, 517629.163799999281764 ], [ 354694.606899999082088, 517564.753900000825524 ], [ 354757.233800001442432, 517495.938500000163913 ], [ 354825.325199998915195, 517420.989499999210238 ] ] ] } },
{ "type": "Feature", "properties": { "IA_blck_gr": "G19011300002091", "IA_blck__1": "1", "IA_blck__2": "Block Group 1", "blck_grp_I": 1428, "blck_grp_1": 78616200, "Shape_Leng": 4148.5343497699996, "Shape_Area": 950290.48797200003 }, "geometry": { "type": "Polygon", "coordinates": [ [ [ 359192.800500001758337, 518606.592199999839067 ], [ 359208.355399999767542, 518248.99210000038147 ], [ 359217.825199998915195, 518030.742599999532104 ], [ 359214.330699998885393, 518022.631599999964 ], [ 359197.227699998766184, 517982.989199999719858 ], [ 359189.120000001043081, 517964.252399999648333 ], [ 359178.333599999547005, 517939.345499999821186 ], [ 359175.434300001710653, 517932.605599999427795 ], [ 359171.462900001555681, 517918.761900000274181 ], [ 359170.966600000858307, 517900.935100000351667 ], [ 359171.542599998414516, 517888.420499999076128 ], [ 359173.121599998325109, 517850.534 ], [ 359175.953400000929832, 517749.66330000013113 ], [ 359180.078499998897314, 517649.299900000914931 ], [ 359179.447900000959635, 517641.544600000604987 ], [ 359183.729899998754263, 517627.185000000521541 ], [ 359193.345400001853704, 517606.0164 ], [ 359224.6228, 517570.168400000780821 ], [ 359227.247299998998642, 517552.485200000926852 ], [ 359222.537399999797344, 517529.649599999189377 ], [ 359215.106499999761581, 517514.079 ], [ 359203.331399999558926, 517517.792099999263883 ], [ 359171.403799999505281, 517531.999099999666214 ], [ 359014.604100000113249, 517557.481300000101328 ], [ 358928.2489, 517570.5296 ], [ 358857.954599998891354, 517581.517799999564886 ], [ 358839.12220000103116, 517584.795 ], [ 358816.476300001144409, 517585.097500000149012 ], [ 358810.0449, 517583.57010000012815 ], [ 358592.94819999858737, 517581.65430000051856 ], [ 358424.320500001311302, 517576.259800000116229 ], [ 358422.202399998903275, 517740.652499999850988 ], [ 358420.248100001364946, 517883.55350000038743 ], [ 358416.691599998623133, 517935.905899999663234 ], [ 358410.836500000208616, 518084.89780000038445 ], [ 358404.432100001722574, 518220.763499999418855 ], [ 358399.1107, 518352.759600000455976 ], [ 358393.625, 518490.122700000181794 ], [ 358386.353300001472235, 518630.538899999111891 ], [ 358371.938499998301268, 518924.701199999079108 ], [ 358430.185699999332428, 518905.205900000408292 ], [ 358463.609999999403954, 518894.088400000706315 ], [ 358466.114399999380112, 518893.307600000873208 ], [ 358579.125599998980761, 518853.151000000536442 ], [ 358593.597899999469519, 518847.993499999866 ], [ 358610.410300001502037, 518842.047700000926852 ], [ 358660.683699999004602, 518822.411499999463558 ], [ 358736.884700000286102, 518795.457699999213219 ], [ 358764.320900000631809, 518783.954 ], [ 358893.738099999725819, 518732.462899999693036 ], [ 358956.4331, 518705.785700000822544 ], [ 359011.661100000143051, 518682.236500000581145 ], [ 359144.777199998497963, 518625.544800000265241 ], [ 359153.825599998235703, 518622.042199999094009 ], [ 359188.689500000327826, 518608.306500000879169 ], [ 359192.800500001758337, 518606.592199999839067 ] ] ] } },
{ "type": "Feature", "properties": { "IA_blck_gr": "G19011300002092", "IA_blck__1": "2", "IA_blck__2": "Block Group 2", "blck_grp_I": 1085, "blck_grp_1": 44856300, "Shape_Leng": 4663.5763576, "Shape_Area": 767466.459882 }, "geometry": { "type": "Polygon", "coordinates": [ [ [ 359215.106499999761581, 517514.079 ], [ 359228.822200000286102, 517505.752299999818206 ], [ 359252.152300000190735, 517492.381300000473857 ], [ 359272.511100001633167, 517473.834799999371171 ], [ 359288.480700001120567, 517461.244899999350309 ], [ 359335.348799999803305, 517415.70130000077188 ], [ 359371.924800001084805, 517379.201899999752641 ], [ 359400.343100000172853, 517359.011199999600649 ], [ 359424.716499999165535, 517340.8739 ], [ 359459.556200001388788, 517322.434800000861287 ], [ 359475.499800000339746, 517317.570399999619 ], [ 359487.644999999552965, 517312.978900000452995 ], [ 359537.179099999368191, 517307.870300000533462 ], [ 359589.951299998909235, 517309.293600000441074 ], [ 359644.766499999911, 517311.035499999299645 ], [ 359648.138799998909235, 517311.079 ], [ 359671.067800000309944, 517311.799599999561906 ], [ 359755.879999998956919, 517314.476700000464916 ], [ 359754.043200001120567, 517309.689099999144673 ], [ 359752.566500000655651, 517232.8059 ], [ 359679.214299999177456, 517202.887000000104308 ], [ 359653.360599998384714, 517192.401599999517202 ], [ 359648.484799999744, 517187.473899999633431 ], [ 359626.862199999392033, 517165.538200000301003 ], [ 359610.6151, 517134.108300000429153 ], [ 359605.892200000584126, 517099.066299999132752 ], [ 359597.436000000685453, 517036.082299999892712 ], [ 359583.971299998462, 516999.629799999296665 ], [ 359562.48200000077486, 516972.997400000691414 ], [ 359552.848299998790026, 516962.363800000399351 ], [ 359555.867899999022484, 516952.201099999248981 ], [ 359548.661800000816584, 516944.254799999296665 ], [ 359551.599399998784065, 516934.088400000706315 ], [ 359542.521200001239777, 516913.1787 ], [ 359490.6064000017941, 516887.7204 ], [ 359448.8706, 516862.843299999833107 ], [ 359434.69990000128746, 516841.699100000783801 ], [ 359436.872499998658895, 516830.265599999576807 ], [ 359441.361699998378754, 516806.061699999496341 ], [ 359452.287399999797344, 516788.648700000718236 ], [ 359461.490299999713898, 516753.240199999883771 ], [ 359458.438499998301268, 516730.144600000232458 ], [ 359453.976199999451637, 516696.570299999788404 ], [ 359430.057700000703335, 516667.250900000333786 ], [ 359395.331999998539686, 516599.1381 ], [ 359376.425000000745058, 516552.133400000631809 ], [ 359365.857700001448393, 516526.004399999976 ], [ 359355.055399999022484, 516487.099300000816584 ], [ 359346.835400000214577, 516445.737700000405312 ], [ 359328.157499998807907, 516411.620899999514222 ], [ 359306.643500000238419, 516401.560499999672174 ], [ 359303.414599999785423, 516400.179999999701977 ], [ 359298.701900001615286, 516400.634999999776483 ], [ 359296.468800000846386, 516400.868200000375509 ], [ 359278.516499999911, 516402.841299999505281 ], [ 359270.487500000745058, 516403.815400000661612 ], [ 359234.334800001233816, 516429.249800000339746 ], [ 359226.084699999541044, 516435.028699999675155 ], [ 359196.16780000180006, 516482.361600000411272 ], [ 359179.696400001645088, 516523.706499999389052 ], [ 359141.85080000013113, 516618.1524 ], [ 359134.057900000363588, 516622.94480000063777 ], [ 359136.136199999600649, 516633.230200000107288 ], [ 359114.954300001263618, 516655.322699999436736 ], [ 359090.285500001162291, 516697.746300000697374 ], [ 359075.16950000077486, 516750.799200000241399 ], [ 359056.097199998795986, 516780.715099999681115 ], [ 358979.591499999165535, 516851.435900000855327 ], [ 358926.816500000655651, 516846.433399999514222 ], [ 358907.069099999964, 516839.142799999564886 ], [ 358894.518399998545647, 516834.646500000730157 ], [ 358851.609099999070168, 516835.249099999666214 ], [ 358814.761399999260902, 516866.923699999228 ], [ 358804.659200001507998, 516866.459300000220537 ], [ 358774.670800000429153, 516859.929999999701977 ], [ 358742.957899998873472, 516835.4054000005126 ], [ 358667.277899999171495, 516834.502800000831485 ], [ 358602.91160000115633, 516859.651100000366569 ], [ 358553.031599998474121, 516847.1699 ], [ 358486.000999998301268, 516821.024199999869 ], [ 358465.796399999409914, 516820.096300000324845 ], [ 358455.470300000160933, 516958.918899999931 ], [ 358520.877500001341105, 516959.459599999710917 ], [ 358515.1699, 517069.380699999630451 ], [ 358566.619300000369549, 517067.377100000157952 ], [ 358606.380399998277426, 517085.104299999773502 ], [ 358620.660700000822544, 517093.150800000876188 ], [ 358630.505899999290705, 517102.785099999979 ], [ 358651.104899998754263, 517114.817099999636412 ], [ 358662.572200000286102, 517117.807499999180436 ], [ 358694.381900001317263, 517122.292600000277162 ], [ 358739.876299999654293, 517133.453500000759959 ], [ 358764.273499999195337, 517147.004100000485778 ], [ 358779.395199999213219, 517158.224799999967 ], [ 358800.896999999880791, 517179.256799999624491 ], [ 358782.299499999731779, 517193.518500000238419 ], [ 358751.6129, 517239.8092 ], [ 358746.417700000107288, 517261.5175 ], [ 358722.009399998933077, 517298.355100000277162 ], [ 358712.333500001579523, 517306.532400000840425 ], [ 358684.209600001573563, 517320.356499999761581 ], [ 358658.873199999332428, 517325.4627 ], [ 358622.757699999958, 517325.1469 ], [ 358600.234200000762939, 517335.309399999678135 ], [ 358609.991700001060963, 517354.009600000455976 ], [ 358621.407099999487, 517379.616499999538064 ], [ 358622.761999998241663, 517398.490399999544024 ], [ 358620.990800000727177, 517422.707499999552965 ], [ 358612.803599998354912, 517437.8958 ], [ 358600.315000001341105, 517475.057299999520183 ], [ 358592.94819999858737, 517581.65430000051856 ], [ 358810.0449, 517583.57010000012815 ], [ 358816.476300001144409, 517585.097500000149012 ], [ 358839.12220000103116, 517584.795 ], [ 358857.954599998891354, 517581.517799999564886 ], [ 358928.2489, 517570.5296 ], [ 359014.604100000113249, 517557.481300000101328 ], [ 359171.403799999505281, 517531.999099999666214 ], [ 359203.331399999558926, 517517.792099999263883 ], [ 359215.106499999761581, 517514.079 ] ] ] } },
{ "type": "Feature", "properties": { "IA_blck_gr": "G19011300002093", "IA_blck__1": "3", "IA_blck__2": "Block Group 3", "blck_grp_I": 2022, "blck_grp_1": 133660800, "Shape_Leng": 5121.1461604699998, "Shape_Area": 1402420.59727 }, "geometry": { "type": "Polygon", "coordinates": [ [ [ 360426.2314000017941, 518146.700899999588728 ], [ 360434.324700001627207, 518026.70160000026226 ], [ 360436.792599998414516, 517948.320900000631809 ], [ 360440.468499999493361, 517842.002199999988 ], [ 360442.128100000321865, 517793.593499999493361 ], [ 360445.657800000160933, 517779.535700000822544 ], [ 360452.542199999094009, 517753.427500000223517 ], [ 360472.590500000864267, 517713.146500000730157 ], [ 360481.093699999153614, 517700.102099999785423 ], [ 360529.625599998980761, 517634.710699999704957 ], [ 360614.001499999314547, 517529.208599999547005 ], [ 360701.301600001752377, 517419.251199999824166 ], [ 360751.730500001460314, 517355.628200000151992 ], [ 360758.909099999815226, 517346.33 ], [ 360711.126600001007318, 517343.785599999129772 ], [ 360688.402699999511242, 517343.967199999839067 ], [ 360579.892000000923872, 517339.401100000366569 ], [ 360457.491500001400709, 517334.419099999591708 ], [ 360244.015999998897314, 517328.705900000408292 ], [ 360132.137600000947714, 517325.782299999147654 ], [ 360049.127099998295307, 517323.29619999975 ], [ 359980.001200001686811, 517321.339400000870228 ], [ 359964.217300001531839, 517320.947300000116229 ], [ 359755.879999998956919, 517314.476700000464916 ], [ 359671.067800000309944, 517311.799599999561906 ], [ 359648.138799998909235, 517311.079 ], [ 359644.766499999911, 517311.035499999299645 ], [ 359589.951299998909235, 517309.293600000441074 ], [ 359537.179099999368191, 517307.870300000533462 ], [ 359487.644999999552965, 517312.978900000452995 ], [ 359475.499800000339746, 517317.570399999619 ], [ 359459.556200001388788, 517322.434800000861287 ], [ 359424.716499999165535, 517340.8739 ], [ 359400.343100000172853, 517359.011199999600649 ], [ 359371.924800001084805, 517379.201899999752641 ], [ 359335.348799999803305, 517415.70130000077188 ], [ 359288.480700001120567, 517461.244899999350309 ], [ 359272.511100001633167, 517473.834799999371171 ], [ 359252.152300000190735, 517492.381300000473857 ], [ 359228.822200000286102, 517505.752299999818206 ], [ 359215.106499999761581, 517514.079 ], [ 359222.537399999797344, 517529.649599999189377 ], [ 359227.247299998998642, 517552.485200000926852 ], [ 359224.6228, 517570.168400000780821 ], [ 359193.345400001853704, 517606.0164 ], [ 359183.729899998754263, 517627.185000000521541 ], [ 359179.447900000959635, 517641.544600000604987 ], [ 359180.078499998897314, 517649.299900000914931 ], [ 359175.953400000929832, 517749.66330000013113 ], [ 359173.121599998325109, 517850.534 ], [ 359171.542599998414516, 517888.420499999076128 ], [ 359170.966600000858307, 517900.935100000351667 ], [ 359171.462900001555681, 517918.761900000274181 ], [ 359175.434300001710653, 517932.605599999427795 ], [ 359178.333599999547005, 517939.345499999821186 ], [ 359189.120000001043081, 517964.252399999648333 ], [ 359197.227699998766184, 517982.989199999719858 ], [ 359214.330699998885393, 518022.631599999964 ], [ 359217.825199998915195, 518030.742599999532104 ], [ 359208.355399999767542, 518248.99210000038147 ], [ 359192.800500001758337, 518606.592199999839067 ], [ 359316.958000000566244, 518555.089500000700355 ], [ 359387.590700000524521, 518525.869799999520183 ], [ 359407.725299999117851, 518517.503200000151992 ], [ 359528.616399999707937, 518467.309000000357628 ], [ 359584.529199998825788, 518452.193299999460578 ], [ 359616.689300000667572, 518443.597500000149012 ], [ 359648.017799999564886, 518435.187599999830127 ], [ 359730.846099998801947, 518412.803400000557303 ], [ 359769.006400000303984, 518402.581299999728799 ], [ 359837.520799998193979, 518383.681299999356 ], [ 359939.052700001746416, 518359.026499999687076 ], [ 359973.687100000679493, 518352.114 ], [ 359981.555100001394749, 518351.021199999377131 ], [ 360005.236299999058247, 518347.8586 ], [ 360011.025800000876188, 518347.229900000616908 ], [ 360045.42850000038743, 518343.554300000891089 ], [ 360093.466699998825788, 518345.7708 ], [ 360310.916999999433756, 518353.904100000858307 ], [ 360420.091099999845028, 518358.049699999392033 ], [ 360426.2314000017941, 518146.700899999588728 ] ] ] } },
{ "type": "Feature", "properties": { "IA_blck_gr": "G19011300002111", "IA_blck__1": "1", "IA_blck__2": "Block Group 1", "blck_grp_I": 1942, "blck_grp_1": 67029500, "Shape_Leng": 4236.0119883999996, "Shape_Area": 814199.35201799998 }, "geometry": { "type": "Polygon", "coordinates": [ [ [ 358424.320500001311302, 517576.259800000116229 ], [ 358255.944400001317263, 517570.768400000408292 ], [ 358138.234000001102686, 517567.717499999329448 ], [ 357691.321199998259544, 517554.164699999616 ], [ 357621.463700000196695, 517552.083100000396371 ], [ 357577.6809, 517550.300899999216199 ], [ 357571.434300001710653, 517550.126700000837445 ], [ 357400.983899999409914, 517543.215099999681115 ], [ 357164.566500000655651, 517533.735899999738 ], [ 356951.395300000905991, 517525.215199999511242 ], [ 356818.588100001215935, 517517.574699999764562 ], [ 356811.052299998700619, 517750.805800000205636 ], [ 356809.957899998873472, 517841.341700000688434 ], [ 356809.671300001442432, 517869.209799999371171 ], [ 356802.956099998206, 518028.687699999660254 ], [ 356927.362300001084805, 518032.697000000625849 ], [ 357011.504200000315905, 518035.426000000908971 ], [ 357065.569699998944998, 518037.227700000628829 ], [ 357095.481800001114607, 518038.148399999365211 ], [ 357182.420800000429153, 518040.895300000905991 ], [ 357358.675200000405312, 518046.612800000235438 ], [ 357363.278999999165535, 518046.7116 ], [ 357470.347600001841784, 518050.159499999135733 ], [ 357474.289299998432398, 518050.340099999681115 ], [ 357493.351399999111891, 518050.989299999549985 ], [ 357711.476399999111891, 518058.856799999251962 ], [ 357834.54280000180006, 518063.379000000655651 ], [ 357937.40260000154376, 518067.088199999183416 ], [ 358058.580099999905, 518071.5274 ], [ 358252.648899998515844, 518078.194399999454618 ], [ 358410.836500000208616, 518084.89780000038445 ], [ 358416.691599998623133, 517935.905899999663234 ], [ 358420.248100001364946, 517883.55350000038743 ], [ 358422.202399998903275, 517740.652499999850988 ], [ 358424.320500001311302, 517576.259800000116229 ] ] ] } },
{ "type": "Feature", "properties": { "IA_blck_gr": "G19011300002112", "IA_blck__1": "2", "IA_blck__2": "Block Group 2", "blck_grp_I": 2585, "blck_grp_1": 135754200, "Shape_Leng": 6585.0534642399998, "Shape_Area": 2276339.5076899999 }, "geometry": { "type": "Polygon", "coordinates": [ [ [ 358371.938499998301268, 518924.701199999079108 ], [ 358386.353300001472235, 518630.538899999111891 ], [ 358393.625, 518490.122700000181794 ], [ 358399.1107, 518352.759600000455976 ], [ 358404.432100001722574, 518220.763499999418855 ], [ 358410.836500000208616, 518084.89780000038445 ], [ 358252.648899998515844, 518078.194399999454618 ], [ 358058.580099999905, 518071.5274 ], [ 357937.40260000154376, 518067.088199999183416 ], [ 357834.54280000180006, 518063.379000000655651 ], [ 357711.476399999111891, 518058.856799999251962 ], [ 357493.351399999111891, 518050.989299999549985 ], [ 357474.289299998432398, 518050.340099999681115 ], [ 357470.347600001841784, 518050.159499999135733 ], [ 357363.278999999165535, 518046.7116 ], [ 357358.675200000405312, 518046.612800000235438 ], [ 357182.420800000429153, 518040.895300000905991 ], [ 357095.481800001114607, 518038.148399999365211 ], [ 357065.569699998944998, 518037.227700000628829 ], [ 357011.504200000315905, 518035.426000000908971 ], [ 356927.362300001084805, 518032.697000000625849 ], [ 356802.956099998206, 518028.687699999660254 ], [ 356793.437800001353025, 518184.678099999204278 ], [ 356788.052700001746416, 518275.465299999341369 ], [ 356781.517099998891354, 518386.018899999558926 ], [ 356779.206900000572205, 518431.150000000372529 ], [ 356773.978100001811981, 518532.917500000447035 ], [ 356769.904399998486042, 518611.223500000312924 ], [ 356766.1787, 518685.514399999752641 ], [ 356764.910999998450279, 518709.642400000244379 ], [ 356751.868099998682737, 518966.132699999958 ], [ 356744.750100001692772, 519138.019099999219179 ], [ 356741.170899998396635, 519225.304899999872 ], [ 356740.318199999630451, 519245.756699999794364 ], [ 356739.91499999911, 519256.375499999150634 ], [ 356739.006000000983477, 519278.056299999356 ], [ 356738.893699999898672, 519280.514499999582767 ], [ 356736.192400000989437, 519344.998299999162555 ], [ 356736.090199999511242, 519347.232999999076128 ], [ 356735.844999998807907, 519352.596300000324845 ], [ 356726.485800001770258, 519580.700899999588728 ], [ 356723.909699998795986, 519705.430400000885129 ], [ 356721.441199999302626, 519754.024599999189377 ], [ 356709.236900001764297, 519995.770400000736117 ], [ 356705.1129, 520103.968900000676513 ], [ 356715.763000000268221, 520094.154500000178814 ], [ 356723.556200001388788, 520089.248299999162555 ], [ 356740.968800000846386, 520077.279899999499321 ], [ 356757.01630000025034, 520064.577199999243021 ], [ 356763.193500000983477, 520060.82880000025034 ], [ 356793.935100000351667, 520039.840500000864267 ], [ 356801.194600000977516, 520034.01410000026226 ], [ 356811.589099999517202, 520027.995200000703335 ], [ 356819.602800000458956, 520021.867499999701977 ], [ 356853.807900000363588, 519998.910299999639392 ], [ 356876.346099998801947, 519982.809800000861287 ], [ 356890.958000000566244, 519972.729000000283122 ], [ 356934.429200001060963, 519943.253900000825524 ], [ 356949.09739999845624, 519931.944199999794364 ], [ 356984.893899999558926, 519908.388499999418855 ], [ 357043.326900001615286, 519868.401599999517202 ], [ 357115.787399999797344, 519814.948699999600649 ], [ 357133.970800001174212, 519802.344499999657273 ], [ 357162.399999998509884, 519779.7961 ], [ 357173.215300001204014, 519769.989900000393391 ], [ 357188.320000000298023, 519756.348999999463558 ], [ 357200.854200001806021, 519744.941999999806285 ], [ 357295.105700001120567, 519659.456800000742078 ], [ 357360.000300001353025, 519600.620699999853969 ], [ 357400.195700000971556, 519565.511299999430776 ], [ 357430.196299999952, 519539.228700000792742 ], [ 357454.455499999225, 519517.945800000801682 ], [ 357459.940600000321865, 519513.158299999311566 ], [ 357472.455099999905, 519502.198599999770522 ], [ 357484.369300000369549, 519491.771299999207258 ], [ 357502.794799998402596, 519475.707800000905991 ], [ 357513.836699999869, 519464.568800000473857 ], [ 357533.791400000452995, 519447.455700000748038 ], [ 357577.738800000399351, 519404.121200000867248 ], [ 357597.0471, 519384.963099999353 ], [ 357632.472600001841784, 519353.443099999800324 ], [ 357645.408199999481, 519340.487500000745058 ], [ 357687.304400000721216, 519300.6425 ], [ 357722.715700000524521, 519273.041300000622869 ], [ 357749.527199998497963, 519255.347200000658631 ], [ 357874.396200001239777, 519173.511199999600649 ], [ 357907.140599999576807, 519152.058800000697374 ], [ 357961.011799998581409, 519116.683399999514222 ], [ 358082.667700000107288, 519036.830399999395013 ], [ 358148.959600001573563, 519005.161399999633431 ], [ 358371.938499998301268, 518924.701199999079108 ] ] ] } },
{ "type": "Feature", "properties": { "IA_blck_gr": "G19011300002113", "IA_blck__1": "3", "IA_blck__2": "Block Group 3", "blck_grp_I": 1153, "blck_grp_1": 67388500, "Shape_Leng": 9668.0808470800002, "Shape_Area": 3918597.2544399998 }, "geometry": { "type": "Polygon", "coordinates": [ [ [ 358371.938499998301268, 518924.701199999079108 ], [ 358148.959600001573563, 519005.161399999633431 ], [ 358082.667700000107288, 519036.830399999395013 ], [ 357961.011799998581409, 519116.683399999514222 ], [ 357907.140599999576807, 519152.058800000697374 ], [ 357874.396200001239777, 519173.511199999600649 ], [ 357749.527199998497963, 519255.347200000658631 ], [ 357722.715700000524521, 519273.041300000622869 ], [ 357687.304400000721216, 519300.6425 ], [ 357645.408199999481, 519340.487500000745058 ], [ 357632.472600001841784, 519353.443099999800324 ], [ 357597.0471, 519384.963099999353 ], [ 357577.738800000399351, 519404.121200000867248 ], [ 357533.791400000452995, 519447.455700000748038 ], [ 357513.836699999869, 519464.568800000473857 ], [ 357502.794799998402596, 519475.707800000905991 ], [ 357484.369300000369549, 519491.771299999207258 ], [ 357472.455099999905, 519502.198599999770522 ], [ 357459.940600000321865, 519513.158299999311566 ], [ 357454.455499999225, 519517.945800000801682 ], [ 357430.196299999952, 519539.228700000792742 ], [ 357400.195700000971556, 519565.511299999430776 ], [ 357360.000300001353025, 519600.620699999853969 ], [ 357295.105700001120567, 519659.456800000742078 ], [ 357200.854200001806021, 519744.941999999806285 ], [ 357188.320000000298023, 519756.348999999463558 ], [ 357173.215300001204014, 519769.989900000393391 ], [ 357162.399999998509884, 519779.7961 ], [ 357133.970800001174212, 519802.344499999657273 ], [ 357115.787399999797344, 519814.948699999600649 ], [ 357043.326900001615286, 519868.401599999517202 ], [ 356984.893899999558926, 519908.388499999418855 ], [ 356949.09739999845624, 519931.944199999794364 ], [ 356934.429200001060963, 519943.253900000825524 ], [ 356890.958000000566244, 519972.729000000283122 ], [ 356876.346099998801947, 519982.809800000861287 ], [ 356853.807900000363588, 519998.910299999639392 ], [ 356819.602800000458956, 520021.867499999701977 ], [ 356811.589099999517202, 520027.995200000703335 ], [ 356801.194600000977516, 520034.01410000026226 ], [ 356793.935100000351667, 520039.840500000864267 ], [ 356763.193500000983477, 520060.82880000025034 ], [ 356757.01630000025034, 520064.577199999243021 ], [ 356740.968800000846386, 520077.279899999499321 ], [ 356723.556200001388788, 520089.248299999162555 ], [ 356715.763000000268221, 520094.154500000178814 ], [ 356705.1129, 520103.968900000676513 ], [ 356701.380399998277426, 520169.412699999287724 ], [ 356686.783700000494719, 520557.056299999356 ], [ 356684.013399999588728, 520610.450999999418855 ], [ 356682.0929000005126, 520679.448400000110269 ], [ 356678.088799998164177, 520772.423699999228 ], [ 356675.3733000010252, 520869.600700000301003 ], [ 356672.991799999028444, 520916.295 ], [ 356669.848600000143051, 520977.846200000494719 ], [ 356677.3706, 521086.800000000745058 ], [ 356704.13569999858737, 521165.282299999147654 ], [ 356730.964299999177456, 521202.78690000064671 ], [ 356741.556200001388788, 521217.603399999439716 ], [ 356765.453600000590086, 521247.248199999332428 ], [ 356801.621899999678135, 521272.975700000301003 ], [ 356809.826299998909235, 521278.837400000542402 ], [ 356850.45890000090003, 521311.263499999418855 ], [ 356852.757500000298023, 521313.160199999809265 ], [ 356867.313999999314547, 521324.0152000002563 ], [ 356899.207800000905991, 521347.868100000545382 ], [ 356933.415399998426437, 521373.282600000500679 ], [ 356991.118900001049042, 521429.892000000923872 ], [ 357025.670299999415874, 521496.30320000089705 ], [ 357050.8706, 521574.7149 ], [ 357026.038100000470877, 521915.977499999106 ], [ 356965.636900000274181, 522910.395700000226498 ], [ 357284.370099999010563, 522921.855299999937 ], [ 357372.3885000012815, 522924.9923 ], [ 357375.515099998563528, 522838.808700000867248 ], [ 357382.766399998217821, 522641.070699999108911 ], [ 357390.014600001275539, 522585.19510000012815 ], [ 357404.080800000578165, 522538.477299999445677 ], [ 357431.867800001055002, 522481.30350000038743 ], [ 357488.384799998253584, 522407.419600000604987 ], [ 357519.856499999761581, 522359.596300000324845 ], [ 357538.770899999886751, 522307.614399999380112 ], [ 357548.65260000154376, 522262.496400000527501 ], [ 357564.053599998354912, 522136.454399999231 ], [ 357574.894400000572205, 522084.7741 ], [ 357595.841400001198053, 522036.916200000792742 ], [ 357718.085599999875, 521837.394899999722838 ], [ 357908.3574, 521526.787299999967 ], [ 358074.218600001186132, 521282.355900000780821 ], [ 358222.189100001007318, 521085.588199999183416 ], [ 358243.219200000166893, 521041.430099999532104 ], [ 358254.932399999350309, 521003.114399999380112 ], [ 358266.95380000025034, 520924.055600000545382 ], [ 358289.782600000500679, 520572.0614 ], [ 358319.05180000141263, 520119.251700000837445 ], [ 358319.108300000429153, 520118.022600000724196 ], [ 358319.231499999761581, 520115.340900000184774 ], [ 358323.295800000429153, 519999.973200000822544 ], [ 358348.019900001585484, 519486.711200000718236 ], [ 358351.853300001472235, 519396.077899999917 ], [ 358355.701999999582767, 519305.109400000423193 ], [ 358355.789200000464916, 519303.209899999201298 ], [ 358366.894000001251698, 519043.496300000697374 ], [ 358368.643899999558926, 519001.810900000855327 ], [ 358369.06980000063777, 518992.536800000816584 ], [ 358369.890900000929832, 518972.867399999872 ], [ 358371.938499998301268, 518924.701199999079108 ] ] ] } },
{ "type": "Feature", "properties": { "IA_blck_gr": "G19011300002121", "IA_blck__1": "1", "IA_blck__2": "Block Group 1", "blck_grp_I": 1358, "blck_grp_1": 56542400, "Shape_Leng": 3687.2180684700002, "Shape_Area": 736089.53784 }, "geometry": { "type": "Polygon", "coordinates": [ [ [ 356818.588100001215935, 517517.574699999764562 ], [ 356824.9527000002563, 517327.959100000560284 ], [ 356833.519499998539686, 517068.572200000286102 ], [ 356839.664299998432398, 516977.370500000193715 ], [ 356841.570500001311302, 516915.872199999168515 ], [ 356846.17680000141263, 516761.110799999908 ], [ 356847.3706, 516727.7971 ], [ 356848.223799999803305, 516709.136399999260902 ], [ 356832.053199999034405, 516706.381599999964 ], [ 356733.621899999678135, 516706.249399999156594 ], [ 356654.035000000149012, 516706.195599999278784 ], [ 356607.285999998450279, 516706.18720000050962 ], [ 356562.530000001192093, 516691.377499999478459 ], [ 356543.493900001049042, 516664.865800000727177 ], [ 356520.581000000238419, 516615.1107 ], [ 356474.681499999016523, 516569.456499999389052 ], [ 356475.615299999713898, 516549.007799999788404 ], [ 356444.241300001740456, 516516.894200000911951 ], [ 356328.137600000947714, 516460.309000000357628 ], [ 356326.818399999290705, 516460.360799999908 ], [ 356302.891699999570847, 516461.619999999180436 ], [ 356264.093499999493361, 516480.340399999171495 ], [ 356199.385000001639128, 516525.759999999776483 ], [ 356197.342300001531839, 516527.234400000423193 ], [ 356154.487700000405312, 516557.303400000557303 ], [ 356146.686500001698732, 516562.322200000286102 ], [ 356067.936000000685453, 516612.476800000295043 ], [ 356000.964999999850988, 516655.219200000166893 ], [ 355966.7971, 516684.341700000688434 ], [ 355947.854200001806021, 516711.69510000012815 ], [ 355935.769499998539686, 516754.7017 ], [ 355931.129200000315905, 516800.511099999770522 ], [ 355886.273899998515844, 516842.023399999365211 ], [ 355884.526399999856949, 516880.350600000470877 ], [ 355893.813299998641014, 516898.689799999818206 ], [ 355900.061099998652935, 516900.654200000688434 ], [ 355961.003199998289347, 516919.669399999082088 ], [ 356025.846700001507998, 516972.231100000441074 ], [ 356035.843600001186132, 516980.413200000301003 ], [ 356039.817600000649691, 516983.505799999460578 ], [ 356068.144299998879433, 517006.632699999958 ], [ 356099.985399998724461, 517057.353499999269843 ], [ 356112.793699998408556, 517077.869200000539422 ], [ 356161.019799999892712, 517182.525000000372529 ], [ 356156.143500000238419, 517233.474199999123812 ], [ 356145.10869999975, 517253.461699999869 ], [ 356146.135200001299381, 517286.876499999314547 ], [ 356154.722500000149012, 517320.524299999698997 ], [ 356152.310100000351667, 517371.585799999535084 ], [ 356144.168099999427795, 517384.091199999675155 ], [ 356148.244699999690056, 517404.768200000748038 ], [ 356175.1875, 517423.913399999961 ], [ 356198.997900001704693, 517455.792500000447035 ], [ 356196.585200000554323, 517506.853900000452995 ], [ 356142.662300001829863, 517581.206299999728799 ], [ 356139.298399999738, 517591.802200000733137 ], [ 356312.935100000351667, 517599.167799999937 ], [ 356412.387800000607967, 517603.70890000090003 ], [ 356417.068900000303984, 517603.922599999234 ], [ 356450.4978, 517601.754200000315905 ], [ 356472.623100001364946, 517594.814699999988 ], [ 356493.80290000140667, 517583.353099999949 ], [ 356510.584199998527765, 517572.698400000110269 ], [ 356525.737500000745058, 517558.0504 ], [ 356560.730900000780821, 517530.648 ], [ 356578.328899998217821, 517521.934299999848008 ], [ 356619.783500000834465, 517509.831800000742078 ], [ 356654.579100001603365, 517511.981699999421835 ], [ 356734.958999998867512, 517514.311499999836087 ], [ 356818.588100001215935, 517517.574699999764562 ] ] ] } },
{ "type": "Feature", "properties": { "IA_blck_gr": "G19011300002122", "IA_blck__1": "2", "IA_blck__2": "Block Group 2", "blck_grp_I": 1655, "blck_grp_1": 78282400, "Shape_Leng": 6047.1112064299996, "Shape_Area": 1120952.26563 }, "geometry": { "type": "Polygon", "coordinates": [ [ [ 358465.796399999409914, 516820.096300000324845 ], [ 358425.551300000399351, 516818.248099999502301 ], [ 358413.375, 516807.387199999764562 ], [ 358394.309399999678135, 516783.444900000467896 ], [ 358311.575399998575449, 516769.456700000911951 ], [ 358302.611699998378754, 516745.978399999439716 ], [ 358301.240200001746416, 516720.273199999704957 ], [ 358291.604499999433756, 516709.641000000759959 ], [ 358256.020399998873472, 516715.622099999338388 ], [ 358183.354800000786781, 516758.42090000025928 ], [ 358174.778099998831749, 516778.518699999898672 ], [ 358191.149700000882149, 516807.375800000503659 ], [ 358187.311299998313189, 516835.417300000786781 ], [ 358158.227800000458956, 516864.76380000077188 ], [ 358134.388199999928, 516943.060000000521541 ], [ 358101.7357, 516938.986400000751019 ], [ 358059.057900000363588, 516934.565099999308586 ], [ 358003.133099999278784, 516953.386900000274181 ], [ 357992.348499998450279, 516957.035299999639392 ], [ 357929.824499998241663, 516997.725899999961 ], [ 357903.324299998581409, 517024.616299999878 ], [ 357891.664799999445677, 517059.913499999791384 ], [ 357868.089800000190735, 517076.860400000587106 ], [ 357839.945900000631809, 517085.759700000286102 ], [ 357832.154199998825788, 517090.553300000727177 ], [ 357835.878299999982, 517118.829600000753999 ], [ 357861.6809, 517160.995200000703335 ], [ 357859.769999999552965, 517204.465600000694394 ], [ 357827.000700000673532, 517202.963199999183416 ], [ 357779.974899999797344, 517180.315999999642372 ], [ 357749.633699998259544, 517181.500700000673532 ], [ 357730.921, 517203.709599999710917 ], [ 357693.141800001263618, 517201.978199999779463 ], [ 357650.859400000423193, 517187.163499999791384 ], [ 357599.96000000089407, 517141.273399999365211 ], [ 357581.24100000038743, 517109.734799999744 ], [ 357545.334800001233816, 517067.1074 ], [ 357466.090399999171495, 517032.684800000861287 ], [ 357428.898899998515844, 517018.104499999433756 ], [ 357419.845699999481, 516994.735300000756979 ], [ 357417.770399998873472, 516984.338500000536442 ], [ 357394.045400001108646, 516952.45920000039041 ], [ 357369.532000001519918, 516935.996400000527501 ], [ 357363.197399999946, 516934.138699999079108 ], [ 357317.140399999917, 516920.832699999213219 ], [ 357215.925700001418591, 516870.066500000655651 ], [ 357166.284299999475479, 516852.342299999669194 ], [ 357132.603399999439716, 516814.969499999657273 ], [ 357115.262200001627207, 516809.0252 ], [ 357074.699799999594688, 516812.320299999788404 ], [ 357048.958999998867512, 516824.467700000852346 ], [ 357020.441300000995398, 516837.943800000473857 ], [ 356938.958399999886751, 516798.385399999097 ], [ 356929.791099999, 516777.474999999627471 ], [ 356926.886199999600649, 516731.20890000090003 ], [ 356894.702500000596046, 516716.860200000926852 ], [ 356848.223799999803305, 516709.136399999260902 ], [ 356847.3706, 516727.7971 ], [ 356846.17680000141263, 516761.110799999908 ], [ 356841.570500001311302, 516915.872199999168515 ], [ 356839.664299998432398, 516977.370500000193715 ], [ 356833.519499998539686, 517068.572200000286102 ], [ 356824.9527000002563, 517327.959100000560284 ], [ 356818.588100001215935, 517517.574699999764562 ], [ 356951.395300000905991, 517525.215199999511242 ], [ 357164.566500000655651, 517533.735899999738 ], [ 357400.983899999409914, 517543.215099999681115 ], [ 357571.434300001710653, 517550.126700000837445 ], [ 357577.6809, 517550.300899999216199 ], [ 357621.463700000196695, 517552.083100000396371 ], [ 357691.321199998259544, 517554.164699999616 ], [ 358138.234000001102686, 517567.717499999329448 ], [ 358255.944400001317263, 517570.768400000408292 ], [ 358424.320500001311302, 517576.259800000116229 ], [ 358592.94819999858737, 517581.65430000051856 ], [ 358600.315000001341105, 517475.057299999520183 ], [ 358612.803599998354912, 517437.8958 ], [ 358620.990800000727177, 517422.707499999552965 ], [ 358622.761999998241663, 517398.490399999544024 ], [ 358621.407099999487, 517379.616499999538064 ], [ 358609.991700001060963, 517354.009600000455976 ], [ 358600.234200000762939, 517335.309399999678135 ], [ 358622.757699999958, 517325.1469 ], [ 358658.873199999332428, 517325.4627 ], [ 358684.209600001573563, 517320.356499999761581 ], [ 358712.333500001579523, 517306.532400000840425 ], [ 358722.009399998933077, 517298.355100000277162 ], [ 358746.417700000107288, 517261.5175 ], [ 358751.6129, 517239.8092 ], [ 358782.299499999731779, 517193.518500000238419 ], [ 358800.896999999880791, 517179.256799999624491 ], [ 358779.395199999213219, 517158.224799999967 ], [ 358764.273499999195337, 517147.004100000485778 ], [ 358739.876299999654293, 517133.453500000759959 ], [ 358694.381900001317263, 517122.292600000277162 ], [ 358662.572200000286102, 517117.807499999180436 ], [ 358651.104899998754263, 517114.817099999636412 ], [ 358630.505899999290705, 517102.785099999979 ], [ 358620.660700000822544, 517093.150800000876188 ], [ 358606.380399998277426, 517085.104299999773502 ], [ 358566.619300000369549, 517067.377100000157952 ], [ 358515.1699, 517069.380699999630451 ], [ 358520.877500001341105, 516959.459599999710917 ], [ 358455.470300000160933, 516958.918899999931 ], [ 358465.796399999409914, 516820.096300000324845 ] ] ] } },
{ "type": "Feature", "properties": { "IA_blck_gr": "G19011300002131", "IA_blck__1": "1", "IA_blck__2": "Block Group 1", "blck_grp_I": 1060, "blck_grp_1": 57528600, "Shape_Leng": 4999.1050663699998, "Shape_Area": 1123456.3117 }, "geometry": { "type": "Polygon", "coordinates": [ [ [ 358465.796399999409914, 516820.096300000324845 ], [ 358473.505100000649691, 516716.761199999600649 ], [ 358482.988699998706579, 516506.6831 ], [ 358489.178399998694658, 516422.0899 ], [ 358496.563999999314547, 516322.210899999365211 ], [ 358502.394600000232458, 516243.64780000038445 ], [ 358370.207800000905991, 516243.512700000777841 ], [ 358266.168999999761581, 516243.439899999648333 ], [ 358169.538199998438358, 516243.372500000521541 ], [ 358008.048799999058247, 516243.242699999362 ], [ 357758.39469999819994, 516246.91330000013113 ], [ 357656.887499999254942, 516249.092199999839067 ], [ 357617.655900001525879, 516246.622899999842048 ], [ 357584.76969999819994, 516245.788200000301003 ], [ 357477.30180000141263, 516243.329399999231 ], [ 357388.833500001579523, 516241.181900000199676 ], [ 357110.923099998384714, 516234.621500000357628 ], [ 356994.054499998688698, 516227.148299999535084 ], [ 356904.923900000751019, 516225.088099999353 ], [ 356867.832899998873472, 516222.6085 ], [ 356855.630300000309944, 516543.52930000051856 ], [ 356848.223799999803305, 516709.136399999260902 ], [ 356894.702500000596046, 516716.860200000926852 ], [ 356926.886199999600649, 516731.20890000090003 ], [ 356929.791099999, 516777.474999999627471 ], [ 356938.958399999886751, 516798.385399999097 ], [ 357020.441300000995398, 516837.943800000473857 ], [ 357048.958999998867512, 516824.467700000852346 ], [ 357074.699799999594688, 516812.320299999788404 ], [ 357115.262200001627207, 516809.0252 ], [ 357132.603399999439716, 516814.969499999657273 ], [ 357166.284299999475479, 516852.342299999669194 ], [ 357215.925700001418591, 516870.066500000655651 ], [ 357317.140399999917, 516920.832699999213219 ], [ 357363.197399999946, 516934.138699999079108 ], [ 357369.532000001519918, 516935.996400000527501 ], [ 357394.045400001108646, 516952.45920000039041 ], [ 357417.770399998873472, 516984.338500000536442 ], [ 357419.845699999481, 516994.735300000756979 ], [ 357428.898899998515844, 517018.104499999433756 ], [ 357466.090399999171495, 517032.684800000861287 ], [ 357545.334800001233816, 517067.1074 ], [ 357581.24100000038743, 517109.734799999744 ], [ 357599.96000000089407, 517141.273399999365211 ], [ 357650.859400000423193, 517187.163499999791384 ], [ 357693.141800001263618, 517201.978199999779463 ], [ 357730.921, 517203.709599999710917 ], [ 357749.633699998259544, 517181.500700000673532 ], [ 357779.974899999797344, 517180.315999999642372 ], [ 357827.000700000673532, 517202.963199999183416 ], [ 357859.769999999552965, 517204.465600000694394 ], [ 357861.6809, 517160.995200000703335 ], [ 357835.878299999982, 517118.829600000753999 ], [ 357832.154199998825788, 517090.553300000727177 ], [ 357839.945900000631809, 517085.759700000286102 ], [ 357868.089800000190735, 517076.860400000587106 ], [ 357891.664799999445677, 517059.913499999791384 ], [ 357903.324299998581409, 517024.616299999878 ], [ 357929.824499998241663, 516997.725899999961 ], [ 357992.348499998450279, 516957.035299999639392 ], [ 358003.133099999278784, 516953.386900000274181 ], [ 358059.057900000363588, 516934.565099999308586 ], [ 358101.7357, 516938.986400000751019 ], [ 358134.388199999928, 516943.060000000521541 ], [ 358158.227800000458956, 516864.76380000077188 ], [ 358187.311299998313189, 516835.417300000786781 ], [ 358191.149700000882149, 516807.375800000503659 ], [ 358174.778099998831749, 516778.518699999898672 ], [ 358183.354800000786781, 516758.42090000025928 ], [ 358256.020399998873472, 516715.622099999338388 ], [ 358291.604499999433756, 516709.641000000759959 ], [ 358301.240200001746416, 516720.273199999704957 ], [ 358302.611699998378754, 516745.978399999439716 ], [ 358311.575399998575449, 516769.456700000911951 ], [ 358394.309399999678135, 516783.444900000467896 ], [ 358413.375, 516807.387199999764562 ], [ 358425.551300000399351, 516818.248099999502301 ], [ 358465.796399999409914, 516820.096300000324845 ] ] ] } },
{ "type": "Feature", "properties": { "IA_blck_gr": "G19011300002132", "IA_blck__1": "2", "IA_blck__2": "Block Group 2", "blck_grp_I": 1568, "blck_grp_1": 33574800, "Shape_Leng": 9814.7039100500006, "Shape_Area": 2938482.4177299999 }, "geometry": { "type": "Polygon", "coordinates": [ [ [ 358502.394600000232458, 516243.64780000038445 ], [ 358669.752300001680851, 516237.898700000718236 ], [ 358727.839899998158216, 516231.274000000208616 ], [ 358897.114, 516198.183599999174476 ], [ 358904.753100000321865, 516196.743200000375509 ], [ 359060.414000000804663, 516166.165899999439716 ], [ 359068.872400000691414, 516016.282600000500679 ], [ 359070.280299998819828, 515991.040699999779463 ], [ 359072.428399998694658, 515951.499800000339746 ], [ 359076.924899999052286, 515871.643400000408292 ], [ 359092.734200000762939, 515545.846100000664592 ], [ 359094.127700001001358, 515504.814699999988 ], [ 358994.355500001460314, 515503.025399999693036 ], [ 358878.657099999487, 515502.072899999097 ], [ 358717.352000001817942, 515501.153899999335408 ], [ 358570.042700000107288, 515498.417500000447035 ], [ 358551.6162, 515498.131100000813603 ], [ 358537.471599999815226, 515497.817399999126792 ], [ 358493.220400001853704, 515500.600099999457598 ], [ 358398.043600000441074, 515504.5164 ], [ 358337.00899999961, 515507.089400000870228 ], [ 358291.6743, 515504.784600000828505 ], [ 358208.8092, 515504.1173 ], [ 358129.933600001037121, 515506.20920000039041 ], [ 358042.468199998140335, 515503.540999999269843 ], [ 357863.245400000363588, 515500.250099999830127 ], [ 357815.18470000103116, 515499.950699999928 ], [ 357759.345800001174212, 515498.735300000756979 ], [ 357718.560199998319149, 515497.762099999934 ], [ 357668.563799999654293, 515496.591099999845028 ], [ 357501.148400001227856, 515485.339400000870228 ], [ 357222.123700000345707, 515484.548000000417233 ], [ 357142.333999998867512, 515483.2489 ], [ 357030.055500000715256, 515481.360400000587106 ], [ 356906.363200001418591, 515477.0482 ], [ 356777.52930000051856, 515462.761 ], [ 356686.829199999570847, 515460.631999999284744 ], [ 356601.344900000840425, 515456.0548 ], [ 356565.128199998289347, 515454.176599999889731 ], [ 356529.635099999606609, 515450.875900000333786 ], [ 356504.138399999588728, 515448.59180000051856 ], [ 356461.688200000673532, 515444.413799999281764 ], [ 356416.424600001424551, 515440.555600000545382 ], [ 356413.651999998837709, 515439.981200000271201 ], [ 356332.196600001305342, 515431.895700000226498 ], [ 356244.713199999183416, 515422.416300000622869 ], [ 356204.773699998855591, 515419.138199999928 ], [ 356135.419599998742342, 515412.838700000196695 ], [ 356109.270599998533726, 515410.414100000634789 ], [ 356076.863200001418591, 515408.040100000798702 ], [ 356041.996399998664856, 515405.442099999636412 ], [ 355849.700800001621246, 515387.3805 ], [ 355802.64979999884963, 515382.996500000357628 ], [ 355780.941799998283386, 515380.663399999961 ], [ 355766.401700001209974, 515380.000700000673532 ], [ 355723.956000000238419, 515375.715199999511242 ], [ 355700.194200001657009, 515373.288699999451637 ], [ 355694.032800000160933, 515385.661100000143051 ], [ 355675.461599998176098, 515422.886499999091029 ], [ 355672.563099998980761, 515428.688999999314547 ], [ 355652.396899998188019, 515470.208699999377131 ], [ 355525.55689999833703, 515757.356399999931 ], [ 355486.420800000429153, 515857.582499999552965 ], [ 355445.607999999076128, 515985.613900000229478 ], [ 355408.046900000423193, 516103.715800000354648 ], [ 355427.426899999380112, 516104.710100000724196 ], [ 355478.159000001847744, 516107.691999999806285 ], [ 355502.261700000613928, 516108.005899999290705 ], [ 355549.815000001341105, 516108.492000000551343 ], [ 355582.184099998325109, 516111.646099999547005 ], [ 355659.565200001001358, 516115.059399999678135 ], [ 355717.068300001323223, 516117.567600000649691 ], [ 355769.848700001835823, 516120.756699999794364 ], [ 355827.393199998885393, 516124.163499999791384 ], [ 355946.183499999344349, 516131.034900000318885 ], [ 356052.688299998641014, 516136.563999999314547 ], [ 356162.615299999713898, 516135.644200000911951 ], [ 356156.856300000101328, 516236.606100000441074 ], [ 356058.357799999415874, 516236.031700000166893 ], [ 356057.852499999106, 516292.219599999487 ], [ 356053.4846, 516404.2182 ], [ 356050.245000001043081, 516513.132899999619 ], [ 356047.855200000107288, 516583.567399999126792 ], [ 356067.936000000685453, 516612.476800000295043 ], [ 356146.686500001698732, 516562.322200000286102 ], [ 356154.487700000405312, 516557.303400000557303 ], [ 356197.342300001531839, 516527.234400000423193 ], [ 356199.385000001639128, 516525.759999999776483 ], [ 356264.093499999493361, 516480.340399999171495 ], [ 356302.891699999570847, 516461.619999999180436 ], [ 356326.818399999290705, 516460.360799999908 ], [ 356328.137600000947714, 516460.309000000357628 ], [ 356444.241300001740456, 516516.894200000911951 ], [ 356475.615299999713898, 516549.007799999788404 ], [ 356474.681499999016523, 516569.456499999389052 ], [ 356520.581000000238419, 516615.1107 ], [ 356543.493900001049042, 516664.865800000727177 ], [ 356562.530000001192093, 516691.377499999478459 ], [ 356607.285999998450279, 516706.18720000050962 ], [ 356654.035000000149012, 516706.195599999278784 ], [ 356733.621899999678135, 516706.249399999156594 ], [ 356832.053199999034405, 516706.381599999964 ], [ 356848.223799999803305, 516709.136399999260902 ], [ 356855.630300000309944, 516543.52930000051856 ], [ 356867.832899998873472, 516222.6085 ], [ 356904.923900000751019, 516225.088099999353 ], [ 356994.054499998688698, 516227.148299999535084 ], [ 357110.923099998384714, 516234.621500000357628 ], [ 357388.833500001579523, 516241.181900000199676 ], [ 357477.30180000141263, 516243.329399999231 ], [ 357584.76969999819994, 516245.788200000301003 ], [ 357617.655900001525879, 516246.622899999842048 ], [ 357656.887499999254942, 516249.092199999839067 ], [ 357758.39469999819994, 516246.91330000013113 ], [ 358008.048799999058247, 516243.242699999362 ], [ 358169.538199998438358, 516243.372500000521541 ], [ 358266.168999999761581, 516243.439899999648333 ], [ 358370.207800000905991, 516243.512700000777841 ], [ 358502.394600000232458, 516243.64780000038445 ] ] ] } },
{ "type": "Feature", "properties": { "IA_blck_gr": "G19011300003001", "IA_blck__1": "1", "IA_blck__2": "Block Group 1", "blck_grp_I": 1093, "blck_grp_1": 31686800, "Shape_Leng": 5019.8851936299998, "Shape_Area": 833714.496117 }, "geometry": { "type": "Polygon", "coordinates": [ [ [ 361730.707699999213219, 516123.388399999588728 ], [ 361632.780499998480082, 516120.978700000792742 ], [ 361539.454, 516116.991499999538064 ], [ 361539.173700001090765, 516139.038200000301003 ], [ 361538.198800001293421, 516220.5131 ], [ 361440.714699998497963, 516217.454399999231 ], [ 361345.316399998962879, 516210.238299999386072 ], [ 361170.586300000548363, 516200.808000000193715 ], [ 361035.559599999338388, 516178.324999999254942 ], [ 360935.332499999552965, 516161.596400000154972 ], [ 360911.612199999392033, 516151.205499999225 ], [ 360906.96229999884963, 516146.735300000756979 ], [ 360886.825599998235703, 516135.390499999747 ], [ 360868.635400000959635, 516121.112199999392033 ], [ 360859.34010000154376, 516113.851800000295043 ], [ 360856.1233000010252, 516106.872600000351667 ], [ 360826.627900000661612, 516075.387099999934 ], [ 360807.916099999, 516052.798499999567866 ], [ 360754.885099999606609, 515989.095699999481 ], [ 360728.920499999076128, 515959.565500000491738 ], [ 360706.331999998539686, 515937.13399999961 ], [ 360681.037500001490116, 515975.045399999246001 ], [ 360649.991500001400709, 516000.261700000613928 ], [ 360642.186000000685453, 516028.455399999395013 ], [ 360645.180199999362, 516043.822699999436736 ], [ 360655.736999999731779, 516057.635700000450015 ], [ 360667.692499998956919, 516062.555199999362 ], [ 360681.852600000798702, 516098.146500000730157 ], [ 360709.388300001621246, 516145.329600000753999 ], [ 360732.82209999859333, 516286.608300000429153 ], [ 360752.896899998188019, 516317.097999999299645 ], [ 360776.334699999541044, 516363.867900000885129 ], [ 360778.063200000673532, 516406.611199999228 ], [ 360778.110399998724461, 516514.223400000482798 ], [ 360784.2467, 516545.300699999555945 ], [ 360784.551300000399351, 516593.912900000810623 ], [ 360802.8662, 516635.743000000715256 ], [ 360829.130199998617172, 516667.63880000077188 ], [ 360960.665800001472235, 516715.599899999797344 ], [ 360965.762699998915195, 516717.5152000002563 ], [ 360996.999200001358986, 516752.217000000178814 ], [ 361093.064300000667572, 516805.3706 ], [ 361193.256499998271465, 516854.685200000181794 ], [ 361253.609400000423193, 516884.464800000190735 ], [ 361299.128600001335144, 516937.745100000873208 ], [ 361313.056200001388788, 516964.032600000500679 ], [ 361330.401599999517202, 517080.059800000861287 ], [ 361354.299699999392033, 517129.204299999400973 ], [ 361367.379599999636412, 517156.012399999424815 ], [ 361380.500799998641014, 517167.705700000748038 ], [ 361415.913100000470877, 517199.243100000545382 ], [ 361427.293999999761581, 517225.412799999117851 ], [ 361423.092199999839067, 517261.050799999386072 ], [ 361416.058800000697374, 517277.857599999755621 ], [ 361414.671700000762939, 517281.152699999511242 ], [ 361443.471700001507998, 517313.279899999499321 ], [ 361527.831500001251698, 517345.293299999088049 ], [ 361562.801399998366833, 517375.691199999302626 ], [ 361664.753600001335144, 517464.957299999892712 ], [ 361668.856699999421835, 517383.5164 ], [ 361669.068999998271465, 517378.935100000351667 ], [ 361672.098000001162291, 517313.569099999964 ], [ 361676.276500001549721, 517223.397399999201298 ], [ 361680.195399999619, 517140.604100000113249 ], [ 361685.674600001424551, 517096.962999999523163 ], [ 361689.307199999690056, 517011.468800000846386 ], [ 361693.133900001645088, 516889.814899999648333 ], [ 361697.05350000038743, 516805.229599999263883 ], [ 361701.470400001853704, 516722.346999999135733 ], [ 361704.815200001001358, 516637.734899999573827 ], [ 361708.480399999767542, 516560.416300000622869 ], [ 361717.585599999875, 516422.5456000007689 ], [ 361724.333299998193979, 516326.669199999421835 ], [ 361823.535100001841784, 516331.714800000190735 ], [ 361920.524999998509884, 516334.7555 ], [ 361925.325399998575449, 516236.549200000241399 ], [ 361929.592199999839067, 516137.422299999744 ], [ 361929.965199999511242, 516129.377100000157952 ], [ 361830.99100000038743, 516126.468399999663234 ], [ 361730.707699999213219, 516123.388399999588728 ] ] ] } },
{ "type": "Feature", "properties": { "IA_blck_gr": "G19011300003002", "IA_blck__1": "2", "IA_blck__2": "Block Group 2", "blck_grp_I": 1028, "blck_grp_1": 34061700, "Shape_Leng": 6675.2964362800003, "Shape_Area": 1590153.19365 }, "geometry": { "type": "Polygon", "coordinates": [ [ [ 359298.701900001615286, 516400.634999999776483 ], [ 359300.697799999266863, 516353.696900000795722 ], [ 359301.6239, 516331.792199999094009 ], [ 359309.734999999403954, 516330.821799999103 ], [ 359344.895700000226498, 516326.953500000759959 ], [ 359403.296599999070168, 516320.684100000187755 ], [ 359476.344099998474121, 516312.738199999555945 ], [ 359980.376499999314547, 516256.686699999496341 ], [ 360033.054699998348951, 516306.706499999389052 ], [ 360114.25959999859333, 516303.957699999213219 ], [ 360123.900699999183416, 516303.730599999427795 ], [ 360394.709600001573563, 516294.841499999165535 ], [ 360710.778099998831749, 516286.261399999260902 ], [ 360732.82209999859333, 516286.608300000429153 ], [ 360709.388300001621246, 516145.329600000753999 ], [ 360681.852600000798702, 516098.146500000730157 ], [ 360667.692499998956919, 516062.555199999362 ], [ 360655.736999999731779, 516057.635700000450015 ], [ 360645.180199999362, 516043.822699999436736 ], [ 360642.186000000685453, 516028.455399999395013 ], [ 360649.991500001400709, 516000.261700000613928 ], [ 360681.037500001490116, 515975.045399999246001 ], [ 360706.331999998539686, 515937.13399999961 ], [ 360627.089000001549721, 515858.1118 ], [ 360596.621599998325109, 515826.246400000527501 ], [ 360464.108399998396635, 515711.731799999251962 ], [ 360405.056099999696016, 515666.005899999290705 ], [ 360303.023499999195337, 515579.440099999308586 ], [ 360246.79280000180006, 515534.965399999171495 ], [ 360156.210999999195337, 515532.017699999734759 ], [ 360148.812699999660254, 515531.78830000013113 ], [ 360146.266100000590086, 515531.670800000429153 ], [ 360104.099399998784065, 515530.285599999129772 ], [ 360072.211199998855591, 515529.150599999353 ], [ 360031.276500001549721, 515527.822499999776483 ], [ 359937.511300001293421, 515526.074200000613928 ], [ 359899.451999999582767, 515523.087799999862909 ], [ 359845.491700001060963, 515523.959599999710917 ], [ 359818.930799998342991, 515535.836699999869 ], [ 359770.313999999314547, 515545.801699999719858 ], [ 359753.477600000798702, 515480.638599999248981 ], [ 359710.92850000038743, 515496.4824 ], [ 359670.552099999040365, 515504.476099999621511 ], [ 359659.190200001001358, 515504.512499999254942 ], [ 359515.386900000274181, 515504.27140000090003 ], [ 359398.579100001603365, 515504.155999999493361 ], [ 359367.116799999028444, 515504.499199999496341 ], [ 359313.685499999672174, 515504.615199999883771 ], [ 359282.901000000536442, 515504.542099999263883 ], [ 359094.127700001001358, 515504.814699999988 ], [ 359092.734200000762939, 515545.846100000664592 ], [ 359076.924899999052286, 515871.643400000408292 ], [ 359072.428399998694658, 515951.499800000339746 ], [ 359070.280299998819828, 515991.040699999779463 ], [ 359068.872400000691414, 516016.282600000500679 ], [ 359060.414000000804663, 516166.165899999439716 ], [ 358904.753100000321865, 516196.743200000375509 ], [ 358897.114, 516198.183599999174476 ], [ 358727.839899998158216, 516231.274000000208616 ], [ 358669.752300001680851, 516237.898700000718236 ], [ 358502.394600000232458, 516243.64780000038445 ], [ 358496.563999999314547, 516322.210899999365211 ], [ 358489.178399998694658, 516422.0899 ], [ 358482.988699998706579, 516506.6831 ], [ 358473.505100000649691, 516716.761199999600649 ], [ 358465.796399999409914, 516820.096300000324845 ], [ 358486.000999998301268, 516821.024199999869 ], [ 358553.031599998474121, 516847.1699 ], [ 358602.91160000115633, 516859.651100000366569 ], [ 358667.277899999171495, 516834.502800000831485 ], [ 358742.957899998873472, 516835.4054000005126 ], [ 358774.670800000429153, 516859.929999999701977 ], [ 358804.659200001507998, 516866.459300000220537 ], [ 358814.761399999260902, 516866.923699999228 ], [ 358851.609099999070168, 516835.249099999666214 ], [ 358894.518399998545647, 516834.646500000730157 ], [ 358907.069099999964, 516839.142799999564886 ], [ 358926.816500000655651, 516846.433399999514222 ], [ 358979.591499999165535, 516851.435900000855327 ], [ 359056.097199998795986, 516780.715099999681115 ], [ 359075.16950000077486, 516750.799200000241399 ], [ 359090.285500001162291, 516697.746300000697374 ], [ 359114.954300001263618, 516655.322699999436736 ], [ 359136.136199999600649, 516633.230200000107288 ], [ 359134.057900000363588, 516622.94480000063777 ], [ 359141.85080000013113, 516618.1524 ], [ 359179.696400001645088, 516523.706499999389052 ], [ 359196.16780000180006, 516482.361600000411272 ], [ 359226.084699999541044, 516435.028699999675155 ], [ 359234.334800001233816, 516429.249800000339746 ], [ 359270.487500000745058, 516403.815400000661612 ], [ 359278.516499999911, 516402.841299999505281 ], [ 359296.468800000846386, 516400.868200000375509 ], [ 359298.701900001615286, 516400.634999999776483 ] ] ] } },
{ "type": "Feature", "properties": { "IA_blck_gr": "G19011300003003", "IA_blck__1": "3", "IA_blck__2": "Block Group 3", "blck_grp_I": 2221, "blck_grp_1": 90520000, "Shape_Leng": 4291.5811185299999, "Shape_Area": 1114442.1194800001 }, "geometry": { "type": "Polygon", "coordinates": [ [ [ 361664.753600001335144, 517464.957299999892712 ], [ 361562.801399998366833, 517375.691199999302626 ], [ 361527.831500001251698, 517345.293299999088049 ], [ 361443.471700001507998, 517313.279899999499321 ], [ 361414.671700000762939, 517281.152699999511242 ], [ 361416.058800000697374, 517277.857599999755621 ], [ 361423.092199999839067, 517261.050799999386072 ], [ 361427.293999999761581, 517225.412799999117851 ], [ 361415.913100000470877, 517199.243100000545382 ], [ 361380.500799998641014, 517167.705700000748038 ], [ 361367.379599999636412, 517156.012399999424815 ], [ 361354.299699999392033, 517129.204299999400973 ], [ 361330.401599999517202, 517080.059800000861287 ], [ 361313.056200001388788, 516964.032600000500679 ], [ 361299.128600001335144, 516937.745100000873208 ], [ 361253.609400000423193, 516884.464800000190735 ], [ 361193.256499998271465, 516854.685200000181794 ], [ 361176.306600000709295, 516868.793800000101328 ], [ 361077.132899999619, 516957.594100000336766 ], [ 361017.606699999421835, 517025.609799999744 ], [ 360973.3114, 517077.533900000154972 ], [ 360827.768199998885393, 517259.708200000226498 ], [ 360772.732200000435114, 517328.604800000786781 ], [ 360758.909099999815226, 517346.33 ], [ 360751.730500001460314, 517355.628200000151992 ], [ 360701.301600001752377, 517419.251199999824166 ], [ 360614.001499999314547, 517529.208599999547005 ], [ 360529.625599998980761, 517634.710699999704957 ], [ 360481.093699999153614, 517700.102099999785423 ], [ 360472.590500000864267, 517713.146500000730157 ], [ 360452.542199999094009, 517753.427500000223517 ], [ 360445.657800000160933, 517779.535700000822544 ], [ 360442.128100000321865, 517793.593499999493361 ], [ 360440.468499999493361, 517842.002199999988 ], [ 360436.792599998414516, 517948.320900000631809 ], [ 360434.324700001627207, 518026.70160000026226 ], [ 360426.2314000017941, 518146.700899999588728 ], [ 360492.624600000679493, 518148.871799999848008 ], [ 360588.426600001752377, 518152.177999999374151 ], [ 360607.816899999976, 518152.849999999627471 ], [ 360682.842399999499321, 518156.989 ], [ 360770.344599999487, 518161.817500000819564 ], [ 360815.653400000184774, 518164.360200000926852 ], [ 360857.354100000113249, 518166.624099999666214 ], [ 360944.364100001752377, 518169.6402000002563 ], [ 361033.144499998539686, 518173.523 ], [ 361120.914099998772144, 518176.128299999982 ], [ 361207.625999998301268, 518180.253299999982 ], [ 361292.972800001502037, 518183.644099999219179 ], [ 361380.280699998140335, 518185.559100000187755 ], [ 361461.194099999964, 518172.733899999409914 ], [ 361518.863800000399351, 518157.153300000354648 ], [ 361526.147199999541044, 518156.258899999782443 ], [ 361545.935400001704693, 518150.121200000867248 ], [ 361578.430700000375509, 518146.811799999326468 ], [ 361632.193900000303984, 518146.2796 ], [ 361633.744100000709295, 518082.637099999934 ], [ 361644.873500000685453, 517862.000199999660254 ], [ 361650.849500000476837, 517743.694299999624491 ], [ 361658.653299998492002, 517585.945199999958 ], [ 361660.785100001841784, 517543.492900000885129 ], [ 361664.753600001335144, 517464.957299999892712 ] ] ] } },
{ "type": "Feature", "properties": { "IA_blck_gr": "G19011300003004", "IA_blck__1": "4", "IA_blck__2": "Block Group 4", "blck_grp_I": 1937, "blck_grp_1": 100068500, "Shape_Leng": 5138.1374036899997, "Shape_Area": 1465598.3202 }, "geometry": { "type": "Polygon", "coordinates": [ [ [ 361193.256499998271465, 516854.685200000181794 ], [ 361093.064300000667572, 516805.3706 ], [ 360996.999200001358986, 516752.217000000178814 ], [ 360965.762699998915195, 516717.5152000002563 ], [ 360960.665800001472235, 516715.599899999797344 ], [ 360829.130199998617172, 516667.63880000077188 ], [ 360802.8662, 516635.743000000715256 ], [ 360784.551300000399351, 516593.912900000810623 ], [ 360784.2467, 516545.300699999555945 ], [ 360778.110399998724461, 516514.223400000482798 ], [ 360778.063200000673532, 516406.611199999228 ], [ 360776.334699999541044, 516363.867900000885129 ], [ 360752.896899998188019, 516317.097999999299645 ], [ 360732.82209999859333, 516286.608300000429153 ], [ 360710.778099998831749, 516286.261399999260902 ], [ 360394.709600001573563, 516294.841499999165535 ], [ 360123.900699999183416, 516303.730599999427795 ], [ 360114.25959999859333, 516303.957699999213219 ], [ 360033.054699998348951, 516306.706499999389052 ], [ 359980.376499999314547, 516256.686699999496341 ], [ 359476.344099998474121, 516312.738199999555945 ], [ 359403.296599999070168, 516320.684100000187755 ], [ 359344.895700000226498, 516326.953500000759959 ], [ 359309.734999999403954, 516330.821799999103 ], [ 359301.6239, 516331.792199999094009 ], [ 359300.697799999266863, 516353.696900000795722 ], [ 359298.701900001615286, 516400.634999999776483 ], [ 359303.414599999785423, 516400.179999999701977 ], [ 359306.643500000238419, 516401.560499999672174 ], [ 359328.157499998807907, 516411.620899999514222 ], [ 359346.835400000214577, 516445.737700000405312 ], [ 359355.055399999022484, 516487.099300000816584 ], [ 359365.857700001448393, 516526.004399999976 ], [ 359376.425000000745058, 516552.133400000631809 ], [ 359395.331999998539686, 516599.1381 ], [ 359430.057700000703335, 516667.250900000333786 ], [ 359453.976199999451637, 516696.570299999788404 ], [ 359458.438499998301268, 516730.144600000232458 ], [ 359461.490299999713898, 516753.240199999883771 ], [ 359452.287399999797344, 516788.648700000718236 ], [ 359441.361699998378754, 516806.061699999496341 ], [ 359436.872499998658895, 516830.265599999576807 ], [ 359434.69990000128746, 516841.699100000783801 ], [ 359448.8706, 516862.843299999833107 ], [ 359490.6064000017941, 516887.7204 ], [ 359542.521200001239777, 516913.1787 ], [ 359551.599399998784065, 516934.088400000706315 ], [ 359548.661800000816584, 516944.254799999296665 ], [ 359555.867899999022484, 516952.201099999248981 ], [ 359552.848299998790026, 516962.363800000399351 ], [ 359562.48200000077486, 516972.997400000691414 ], [ 359583.971299998462, 516999.629799999296665 ], [ 359597.436000000685453, 517036.082299999892712 ], [ 359605.892200000584126, 517099.066299999132752 ], [ 359610.6151, 517134.108300000429153 ], [ 359626.862199999392033, 517165.538200000301003 ], [ 359648.484799999744, 517187.473899999633431 ], [ 359653.360599998384714, 517192.401599999517202 ], [ 359679.214299999177456, 517202.887000000104308 ], [ 359752.566500000655651, 517232.8059 ], [ 359754.043200001120567, 517309.689099999144673 ], [ 359755.879999998956919, 517314.476700000464916 ], [ 359964.217300001531839, 517320.947300000116229 ], [ 359980.001200001686811, 517321.339400000870228 ], [ 360049.127099998295307, 517323.29619999975 ], [ 360132.137600000947714, 517325.782299999147654 ], [ 360244.015999998897314, 517328.705900000408292 ], [ 360457.491500001400709, 517334.419099999591708 ], [ 360579.892000000923872, 517339.401100000366569 ], [ 360688.402699999511242, 517343.967199999839067 ], [ 360711.126600001007318, 517343.785599999129772 ], [ 360758.909099999815226, 517346.33 ], [ 360772.732200000435114, 517328.604800000786781 ], [ 360827.768199998885393, 517259.708200000226498 ], [ 360973.3114, 517077.533900000154972 ], [ 361017.606699999421835, 517025.609799999744 ], [ 361077.132899999619, 516957.594100000336766 ], [ 361176.306600000709295, 516868.793800000101328 ], [ 361193.256499998271465, 516854.685200000181794 ] ] ] } },
{ "type": "Feature", "properties": { "IA_blck_gr": "G19011300006001", "IA_blck__1": "1", "IA_blck__2": "Block Group 1", "blck_grp_I": 1429, "blck_grp_1": 44028500, "Shape_Leng": 13110.5867346, "Shape_Area": 3107512.35085 }, "geometry": { "type": "Polygon", "coordinates": [ [ [ 361751.353100001811981, 515649.444199999794364 ], [ 361852.740699999034405, 515653.695199999958 ], [ 361862.759500000625849, 515471.297900000587106 ], [ 361867.508699998259544, 515331.544099999591708 ], [ 361871.231699999421835, 515304.505699999630451 ], [ 361872.159400001168251, 515270.282999999821186 ], [ 361874.5592, 515239.823899999260902 ], [ 361881.009899999946, 515107.763199999928 ], [ 361879.302000001072884, 515064.683900000527501 ], [ 361880.043400000780821, 514982.973099999129772 ], [ 361880.2652000002563, 514903.589800000190735 ], [ 361882.785599999129772, 514815.466600000858307 ], [ 361883.118799999356, 514778.080700000748038 ], [ 361878.011, 514762.166799999773502 ], [ 361873.562699999660254, 514753.338099999353 ], [ 361820.562199998646975, 514660.513900000602007 ], [ 361813.208299998193979, 514636.2094 ], [ 361800.418200001120567, 514620.83530000038445 ], [ 361786.272199999541044, 514552.991800000891089 ], [ 361789.117899999022484, 514470.258400000631809 ], [ 361797.08219999819994, 514403.215299999341369 ], [ 361816.068999998271465, 514222.686899999156594 ], [ 361836.971799999475479, 514015.035599999129772 ], [ 361838.1853, 513997.734799999744 ], [ 361839.895100001245737, 513971.49860000051558 ], [ 361850.204700000584126, 513816.546800000593066 ], [ 361850.468100000172853, 513812.639699999243021 ], [ 361851.68189999833703, 513781.117399999872 ], [ 361852.932599999010563, 513747.021099999547005 ], [ 361855.247299998998642, 513697.072799999266863 ], [ 361859.638399999588728, 513602.316299999132752 ], [ 361860.244300000369549, 513589.242599999532104 ], [ 361860.373700000345707, 513586.448999999091029 ], [ 361860.866300001740456, 513574.041899999603629 ], [ 361862.739100001752377, 513524.744899999350309 ], [ 361867.060899998992682, 513436.815899999812245 ], [ 361873.912000000476837, 513274.760099999606609 ], [ 361879.068199999630451, 513167.048699999228 ], [ 361867.399199999869, 513168.299699999392033 ], [ 361844.810499999672174, 513172.404100000858307 ], [ 361838.395300000905991, 513174.010500000789762 ], [ 361824.172499999403954, 513178.838700000196695 ], [ 361811.408199999481, 513184.182299999520183 ], [ 361801.715199999511242, 513188.996300000697374 ], [ 361791.395199999213219, 513194.901100000366569 ], [ 361779.662200000137091, 513202.868200000375509 ], [ 361766.834499999880791, 513213.136099999770522 ], [ 361758.650400001555681, 513220.931600000709295 ], [ 361749.628400001674891, 513230.815999999642372 ], [ 361736.926899999380112, 513247.248800000175834 ], [ 361717.030699998140335, 513276.786100000143051 ], [ 361682.7467, 513328.949200000613928 ], [ 361646.129999998956919, 513385.259700000286102 ], [ 361620.638700000941753, 513423.6086 ], [ 361611.677999999374151, 513435.735500000417233 ], [ 361601.438799999654293, 513447.019300000742078 ], [ 361590.568199999630451, 513457.713999999687076 ], [ 361583.402199998497963, 513463.093299999833107 ], [ 361574.45890000090003, 513469.510099999606609 ], [ 361564.524500001221895, 513475.992799999192357 ], [ 361548.986499998719, 513484.343900000676513 ], [ 361532.442499998956919, 513491.30460000038147 ], [ 361512.00620000064373, 513496.965399999171495 ], [ 361499.27930000051856, 513499.735600000247359 ], [ 361417.358199998736382, 513511.956800000742078 ], [ 361376.703099999576807, 513518.585699999704957 ], [ 361306.240299999713898, 513528.762800000607967 ], [ 361295.008600000292063, 513529.474899999797344 ], [ 361288.281300000846386, 513528.939699999988 ], [ 361277.733399998396635, 513527.331900000572205 ], [ 361267.175700001418591, 513524.155899999663234 ], [ 361255.134399998933077, 513519.231499999761581 ], [ 361247.211800001561642, 513514.273800000548363 ], [ 361226.910399999469519, 513499.225099999457598 ], [ 361193.897300001233816, 513470.598500000312924 ], [ 361109.037200000137091, 513398.589400000870228 ], [ 361094.783700000494719, 513388.075999999418855 ], [ 361083.112700000405312, 513380.481399999931 ], [ 361075.050799999386072, 513376.749199999496341 ], [ 361069.2483000010252, 513374.017400000244379 ], [ 361046.207299999892712, 513364.777300000190735 ], [ 361029.897900000214577, 513359.543999999761581 ], [ 361016.20719999819994, 513356.447499999776483 ], [ 360998.192400000989437, 513352.479199999943 ], [ 360949.503699999302626, 513344.069599999114871 ], [ 360904.028400000184774, 513340.959799999371171 ], [ 360869.341299999505281, 513344.955900000408292 ], [ 360854.231600001454353, 513347.617000000551343 ], [ 360809.73369999975, 513358.998500000685453 ], [ 360766.272999998182058, 513371.099999999627471 ], [ 360730.876299999654293, 513379.767100000753999 ], [ 360703.040500000119209, 513383.408299999311566 ], [ 360688.249699998646975, 513384.516899999231 ], [ 360660.538199998438358, 513383.684800000861287 ], [ 360648.069200001657009, 513382.661000000312924 ], [ 360458.374600000679493, 513360.6886 ], [ 360373.910999998450279, 513351.303099999204278 ], [ 360355.736499998719, 513349.008600000292063 ], [ 360346.651799999177456, 513347.805500000715256 ], [ 360305.968400001525879, 513342.568900000303984 ], [ 360257.83839999884367, 513336.316999999806285 ], [ 360253.931600000709295, 513387.0877 ], [ 360250.935699999332428, 513427.038499999791384 ], [ 360250.806800000369549, 513429.832100000232458 ], [ 360250.611200001090765, 513432.286599999293685 ], [ 360250.199400000274181, 513437.642599999905 ], [ 360250.024500001221895, 513439.6502 ], [ 360249.864999998360872, 513441.322499999776483 ], [ 360236.548500001430511, 513440.820199999958 ], [ 360202.674600001424551, 513439.705499999225 ], [ 360150.307700000703335, 513437.849999999627471 ], [ 360052.070199999958, 513434.327500000596046 ], [ 360000.714999999850988, 513431.959799999371171 ], [ 359957.493900001049042, 513433.550699999555945 ], [ 359927.944299999624491, 513431.516699999570847 ], [ 359911.043600000441074, 513428.386099999770522 ], [ 359893.306499999016523, 513420.177999999374151 ], [ 359875.713500000536442, 513408.841 ], [ 359851.810199998319149, 513386.127299999818206 ], [ 359680.582400001585484, 513208.140799999237061 ], [ 359658.078299999237061, 513203.29700000025332 ], [ 359662.954900000244379, 513174.294700000435114 ], [ 359648.981899999082088, 513161.221400000154972 ], [ 359629.253800000995398, 513124.703099999576807 ], [ 359619.291999999433756, 513108.567099999636412 ], [ 359607.778999999165535, 513093.927500000223517 ], [ 359574.213199999183416, 513075.360899999738 ], [ 359539.326200000941753, 513071.178999999538064 ], [ 359434.474399998784065, 513068.143899999558926 ], [ 359415.811099998652935, 513067.508799999952 ], [ 359414.021299999207258, 513106.395500000566244 ], [ 359422.950599998235703, 513132.449899999424815 ], [ 359480.841400001198053, 513191.440700000151992 ], [ 359493.602899998426437, 513200.426599999889731 ], [ 359554.200399998575449, 513243.52930000051856 ], [ 359664.888199999928, 513307.528100000694394 ], [ 359728.225499998778105, 513359.0449 ], [ 359759.126800000667572, 513401.453199999406934 ], [ 359781.526000000536442, 513463.962200000882149 ], [ 359780.578699998557568, 513484.522900000214577 ], [ 359780.068999998271465, 513495.585400000214577 ], [ 359778.1074, 513538.159299999475479 ], [ 359762.477699998766184, 513603.955199999734759 ], [ 359715.474500000476837, 513637.623199999332428 ], [ 359697.067400000989437, 513654.692099999636412 ], [ 359677.986200001090765, 513684.607499999925 ], [ 359663.294300001114607, 513730.066400000825524 ], [ 359657.603100001811981, 513742.793800000101328 ], [ 359652.014499999582767, 513755.078099999576807 ], [ 359646.173799999058247, 513772.837799999862909 ], [ 359638.14640000090003, 513782.658199999481 ], [ 359637.791200000792742, 513790.3684 ], [ 359633.481899999082088, 513798.120500000193715 ], [ 359629.526999998837709, 513805.329 ], [ 359603.988200001418591, 513868.204900000244379 ], [ 359594.427299998700619, 513911.324500000104308 ], [ 359571.240699999034405, 513976.77250000089407 ], [ 359533.636399999260902, 514026.327199999243021 ], [ 359483.971299998462, 514062.449400000274181 ], [ 359431.255399998277426, 514111.196799999103 ], [ 359414.738800000399351, 514139.103099999949 ], [ 359412.057900000363588, 514143.682900000363588 ], [ 359405.560100000351667, 514170.370699999853969 ], [ 359399.683800000697374, 514194.287699999287724 ], [ 359377.553800001740456, 514236.82880000025034 ], [ 359372.656399998813868, 514287.777599999681115 ], [ 359401.440400000661612, 514322.472100000828505 ], [ 359403.858899999409914, 514323.591299999505281 ], [ 359431.088500000536442, 514336.602499999106 ], [ 359437.882100000977516, 514335.683499999344349 ], [ 359459.012699998915195, 514332.737099999561906 ], [ 359567.303300000727177, 514283.973400000482798 ], [ 359701.045400001108646, 514181.402100000530481 ], [ 359753.109400000423193, 514141.472699999809265 ], [ 359810.798900000751019, 514125.990399999544024 ], [ 359815.384700000286102, 514124.745899999514222 ], [ 359820.304299999028444, 514123.404899999499321 ], [ 359842.647900000214577, 514117.379899999126792 ], [ 359906.337799999862909, 514048.536699999123812 ], [ 359914.307500001043081, 514048.904100000858307 ], [ 359926.385299999266863, 514049.460799999535084 ], [ 359936.573399998247623, 514049.930400000885129 ], [ 359990.843899998813868, 514069.341199999675155 ], [ 360018.623500000685453, 514079.356399999931 ], [ 360051.405900001525879, 514080.868100000545382 ], [ 360072.241399999707937, 514066.487700000405312 ], [ 360077.143399998545647, 514015.539200000464916 ], [ 360100.881700001657009, 513993.566099999472499 ], [ 360121.011500000953674, 513994.4945 ], [ 360169.459300000220537, 514040.177200000733137 ], [ 360204.314699999988, 514052.087200000882149 ], [ 360225.513700000941753, 514045.898499999195337 ], [ 360235.024500001221895, 514043.201799999923 ], [ 360264.207899998873472, 514013.865900000557303 ], [ 360264.832100000232458, 513998.55350000038743 ], [ 360282.192800000309944, 513950.643400000408292 ], [ 360313.960099998861551, 513918.851199999451637 ], [ 360350.234000001102686, 513900.032800000160933 ], [ 360375.576799999923, 513898.627000000327826 ], [ 360402.796500001102686, 513910.073400000110269 ], [ 360451.594099998474121, 513948.159499999135733 ], [ 360503.645100001245737, 513971.0548 ], [ 360588.326299998909235, 513941.706900000572205 ], [ 360617.0504, 513929.483999999240041 ], [ 360637.290399998426437, 513920.900399999693036 ], [ 360732.352899998426437, 513884.307 ], [ 360773.170099999755621, 513875.890499999747 ], [ 360805.240899998694658, 513892.825699999928 ], [ 360826.973000001162291, 513914.322300000116229 ], [ 360831.24100000038743, 513932.4364 ], [ 360838.329999998211861, 513942.954099999741 ], [ 360873.102800000458956, 513954.863299999386072 ], [ 360902.950899999588728, 513966.4331 ], [ 360900.11540000140667, 514027.779100000858307 ], [ 360895.641499999911, 514071.13260000012815 ], [ 360904.838799998164177, 514089.47440000064671 ], [ 360931.312800001353025, 514118.805199999362 ], [ 360934.4342, 514159.934100000187755 ], [ 360932.068399999290705, 514211.111500000581145 ], [ 360913.4221, 514233.317500000819564 ], [ 360831.677299998700619, 514252.607200000435114 ], [ 360808.293800000101328, 514266.867799999192357 ], [ 360802.353100001811981, 514284.958000000566244 ], [ 360799.552700001746416, 514292.107200000435114 ], [ 360794.609499998390675, 514345.629000000655651 ], [ 360817.001800000667572, 514370.627399999648333 ], [ 360838.699599999934, 514399.960999999195337 ], [ 360848.056699998676777, 514414.8388 ], [ 360854.418499998748302, 514435.737099999561906 ], [ 360847.693799998611212, 514447.631999999284744 ], [ 360834.807199999690056, 514459.2423 ], [ 360816.588899999856949, 514477.548800000920892 ], [ 360804.922200001776218, 514498.397700000554323 ], [ 360803.505399998277426, 514516.58500000089407 ], [ 360816.652499999850988, 514549.218599999323487 ], [ 360827.835099998861551, 514572.691199999302626 ], [ 360824.091699998825788, 514593.122400000691414 ], [ 360808.963300000876188, 514617.618599999696016 ], [ 360794.354600001126528, 514618.399199999869 ], [ 360773.027800001204014, 514605.991800000891089 ], [ 360760.43189999833703, 514586.373299999162555 ], [ 360747.910999998450279, 514554.440600000321865 ], [ 360721.069600000977516, 514540.210799999535084 ], [ 360692.231300000101328, 514544.253499999642372 ], [ 360675.060499999672174, 514564.848300000652671 ], [ 360643.678100001066923, 514600.799799999222159 ], [ 360617.320000000298023, 514649.188999999314547 ], [ 360592.723299998790026, 514720.055500000715256 ], [ 360592.271800000220537, 514740.526900000870228 ], [ 360589.877000000327826, 514770.986500000581145 ], [ 360588.705499999225, 514796.351600000634789 ], [ 360586.10530000180006, 514849.085599999875 ], [ 360584.99100000038743, 514871.429899999872 ], [ 360584.361299999058247, 514885.06220000050962 ], [ 360584.041400000452995, 514891.9901 ], [ 360583.737300001084805, 514896.791200000792742 ], [ 360611.276599999517202, 514886.977299999445677 ], [ 360630.384300000965595, 514879.685399999842048 ], [ 360663.3108000010252, 514886.917300000786781 ], [ 360716.010000001639128, 514897.41440000012517 ], [ 360785.895300000905991, 514924.383199999108911 ], [ 360814.114500001072884, 514946.179400000721216 ], [ 360826.173399999738, 514973.835699999704957 ], [ 360862.420499999076128, 515003.617699999362 ], [ 360903.470300000160933, 515025.671499999240041 ], [ 360947.150100000202656, 515024.667300000786781 ], [ 360976.063900001347065, 515038.545800000429153 ], [ 360982.657200001180172, 515054.415699999779463 ], [ 360985.382699999958, 515075.593800000846386 ], [ 360993.832299999892712, 515117.192800000309944 ], [ 361015.554999999701977, 515174.410599999129772 ], [ 361035.891199998557568, 515213.535800000652671 ], [ 361059.928800001740456, 515236.707299999892712 ], [ 361094.601799998432398, 515252.420299999415874 ], [ 361136.398899998515844, 515242.259899999946 ], [ 361180.227099999785423, 515271.834300000220537 ], [ 361206.839999999850988, 515299.828500000759959 ], [ 361214.093800000846386, 515319.200500000268221 ], [ 361220.370400000363588, 515359.691299999132752 ], [ 361236.739700000733137, 515372.430500000715256 ], [ 361266.318599998950958, 515387.908600000664592 ], [ 361286.472199998795986, 515398.919299999251962 ], [ 361295.908100001513958, 515417.384600000455976 ], [ 361295.256299998611212, 515447.476700000464916 ], [ 361258.449200000613928, 515461.898199999704957 ], [ 361225.587499998509884, 515469.335899999365211 ], [ 361142.135000001639128, 515486.638900000602007 ], [ 361063.08839999884367, 515503.026599999517202 ], [ 361026.339400000870228, 515514.42850000038743 ], [ 360983.804900001734495, 515540.568199999630451 ], [ 360950.38120000064373, 515576.199599999934 ], [ 360919.727499999106, 515585.75620000064373 ], [ 360894.26969999819994, 515595.105200000107288 ], [ 360878.176899999380112, 515603.095499999821186 ], [ 360857.674600001424551, 515645.931199999526143 ], [ 360847.057100001722574, 515683.289000000804663 ], [ 360834.489199999719858, 515737.91330000013113 ], [ 360810.207800000905991, 515784.157600000500679 ], [ 360841.449400000274181, 515799.263000000268221 ], [ 361102.727299999445677, 515810.001000000163913 ], [ 361189.865800000727177, 515814.368300000205636 ], [ 361364.189199998975, 515822.099999999627471 ], [ 361459.978500001132488, 515826.310900000855327 ], [ 361462.769000001251698, 515732.266200000420213 ], [ 361460.475999999791384, 515726.673000000417233 ], [ 361461.989799998700619, 515642.423299999908 ], [ 361475.533900000154972, 515641.482799999415874 ], [ 361494.411800000816584, 515642.692900000140071 ], [ 361508.653999999165535, 515642.680500000715256 ], [ 361529.335799999535084, 515638.711200000718236 ], [ 361561.320599999278784, 515641.312300000339746 ], [ 361643.142299998551607, 515644.990399999544024 ], [ 361654.950399998575449, 515645.985300000756979 ], [ 361751.353100001811981, 515649.444199999794364 ] ] ] } },
{ "type": "Feature", "properties": { "IA_blck_gr": "G19011300006002", "IA_blck__1": "2", "IA_blck__2": "Block Group 2", "blck_grp_I": 1255, "blck_grp_1": 49067900, "Shape_Leng": 7285.5259265599998, "Shape_Area": 2039285.65965 }, "geometry": { "type": "Polygon", "coordinates": [ [ [ 360810.207800000905991, 515784.157600000500679 ], [ 360834.489199999719858, 515737.91330000013113 ], [ 360847.057100001722574, 515683.289000000804663 ], [ 360857.674600001424551, 515645.931199999526143 ], [ 360878.176899999380112, 515603.095499999821186 ], [ 360894.26969999819994, 515595.105200000107288 ], [ 360919.727499999106, 515585.75620000064373 ], [ 360950.38120000064373, 515576.199599999934 ], [ 360983.804900001734495, 515540.568199999630451 ], [ 361026.339400000870228, 515514.42850000038743 ], [ 361063.08839999884367, 515503.026599999517202 ], [ 361142.135000001639128, 515486.638900000602007 ], [ 361225.587499998509884, 515469.335899999365211 ], [ 361258.449200000613928, 515461.898199999704957 ], [ 361295.256299998611212, 515447.476700000464916 ], [ 361295.908100001513958, 515417.384600000455976 ], [ 361286.472199998795986, 515398.919299999251962 ], [ 361266.318599998950958, 515387.908600000664592 ], [ 361236.739700000733137, 515372.430500000715256 ], [ 361220.370400000363588, 515359.691299999132752 ], [ 361214.093800000846386, 515319.200500000268221 ], [ 361206.839999999850988, 515299.828500000759959 ], [ 361180.227099999785423, 515271.834300000220537 ], [ 361136.398899998515844, 515242.259899999946 ], [ 361094.601799998432398, 515252.420299999415874 ], [ 361059.928800001740456, 515236.707299999892712 ], [ 361035.891199998557568, 515213.535800000652671 ], [ 361015.554999999701977, 515174.410599999129772 ], [ 360993.832299999892712, 515117.192800000309944 ], [ 360985.382699999958, 515075.593800000846386 ], [ 360982.657200001180172, 515054.415699999779463 ], [ 360976.063900001347065, 515038.545800000429153 ], [ 360947.150100000202656, 515024.667300000786781 ], [ 360903.470300000160933, 515025.671499999240041 ], [ 360862.420499999076128, 515003.617699999362 ], [ 360826.173399999738, 514973.835699999704957 ], [ 360814.114500001072884, 514946.179400000721216 ], [ 360785.895300000905991, 514924.383199999108911 ], [ 360716.010000001639128, 514897.41440000012517 ], [ 360663.3108000010252, 514886.917300000786781 ], [ 360630.384300000965595, 514879.685399999842048 ], [ 360611.276599999517202, 514886.977299999445677 ], [ 360583.737300001084805, 514896.791200000792742 ], [ 360584.041400000452995, 514891.9901 ], [ 360584.361299999058247, 514885.06220000050962 ], [ 360584.99100000038743, 514871.429899999872 ], [ 360586.10530000180006, 514849.085599999875 ], [ 360588.705499999225, 514796.351600000634789 ], [ 360589.877000000327826, 514770.986500000581145 ], [ 360592.271800000220537, 514740.526900000870228 ], [ 360592.723299998790026, 514720.055500000715256 ], [ 360617.320000000298023, 514649.188999999314547 ], [ 360643.678100001066923, 514600.799799999222159 ], [ 360675.060499999672174, 514564.848300000652671 ], [ 360692.231300000101328, 514544.253499999642372 ], [ 360721.069600000977516, 514540.210799999535084 ], [ 360747.910999998450279, 514554.440600000321865 ], [ 360760.43189999833703, 514586.373299999162555 ], [ 360773.027800001204014, 514605.991800000891089 ], [ 360794.354600001126528, 514618.399199999869 ], [ 360808.963300000876188, 514617.618599999696016 ], [ 360824.091699998825788, 514593.122400000691414 ], [ 360827.835099998861551, 514572.691199999302626 ], [ 360816.652499999850988, 514549.218599999323487 ], [ 360803.505399998277426, 514516.58500000089407 ], [ 360804.922200001776218, 514498.397700000554323 ], [ 360816.588899999856949, 514477.548800000920892 ], [ 360834.807199999690056, 514459.2423 ], [ 360847.693799998611212, 514447.631999999284744 ], [ 360854.418499998748302, 514435.737099999561906 ], [ 360848.056699998676777, 514414.8388 ], [ 360838.699599999934, 514399.960999999195337 ], [ 360817.001800000667572, 514370.627399999648333 ], [ 360794.609499998390675, 514345.629000000655651 ], [ 360799.552700001746416, 514292.107200000435114 ], [ 360802.353100001811981, 514284.958000000566244 ], [ 360808.293800000101328, 514266.867799999192357 ], [ 360831.677299998700619, 514252.607200000435114 ], [ 360913.4221, 514233.317500000819564 ], [ 360932.068399999290705, 514211.111500000581145 ], [ 360934.4342, 514159.934100000187755 ], [ 360931.312800001353025, 514118.805199999362 ], [ 360904.838799998164177, 514089.47440000064671 ], [ 360895.641499999911, 514071.13260000012815 ], [ 360900.11540000140667, 514027.779100000858307 ], [ 360902.950899999588728, 513966.4331 ], [ 360873.102800000458956, 513954.863299999386072 ], [ 360838.329999998211861, 513942.954099999741 ], [ 360831.24100000038743, 513932.4364 ], [ 360826.973000001162291, 513914.322300000116229 ], [ 360805.240899998694658, 513892.825699999928 ], [ 360773.170099999755621, 513875.890499999747 ], [ 360732.352899998426437, 513884.307 ], [ 360637.290399998426437, 513920.900399999693036 ], [ 360617.0504, 513929.483999999240041 ], [ 360588.326299998909235, 513941.706900000572205 ], [ 360503.645100001245737, 513971.0548 ], [ 360451.594099998474121, 513948.159499999135733 ], [ 360402.796500001102686, 513910.073400000110269 ], [ 360375.576799999923, 513898.627000000327826 ], [ 360350.234000001102686, 513900.032800000160933 ], [ 360313.960099998861551, 513918.851199999451637 ], [ 360282.192800000309944, 513950.643400000408292 ], [ 360264.832100000232458, 513998.55350000038743 ], [ 360264.207899998873472, 514013.865900000557303 ], [ 360235.024500001221895, 514043.201799999923 ], [ 360225.513700000941753, 514045.898499999195337 ], [ 360204.314699999988, 514052.087200000882149 ], [ 360169.459300000220537, 514040.177200000733137 ], [ 360121.011500000953674, 513994.4945 ], [ 360100.881700001657009, 513993.566099999472499 ], [ 360077.143399998545647, 514015.539200000464916 ], [ 360072.241399999707937, 514066.487700000405312 ], [ 360051.405900001525879, 514080.868100000545382 ], [ 360018.623500000685453, 514079.356399999931 ], [ 359990.843899998813868, 514069.341199999675155 ], [ 359936.573399998247623, 514049.930400000885129 ], [ 359926.385299999266863, 514049.460799999535084 ], [ 359914.307500001043081, 514048.904100000858307 ], [ 359906.337799999862909, 514048.536699999123812 ], [ 359842.647900000214577, 514117.379899999126792 ], [ 359820.304299999028444, 514123.404899999499321 ], [ 359815.384700000286102, 514124.745899999514222 ], [ 359810.798900000751019, 514125.990399999544024 ], [ 359753.109400000423193, 514141.472699999809265 ], [ 359701.045400001108646, 514181.402100000530481 ], [ 359567.303300000727177, 514283.973400000482798 ], [ 359459.012699998915195, 514332.737099999561906 ], [ 359437.882100000977516, 514335.683499999344349 ], [ 359447.673000000417233, 514414.519300000742078 ], [ 359446.201099999248981, 514453.643999999389052 ], [ 359448.82660000026226, 514494.972899999469519 ], [ 359459.390500001609325, 514537.339299999177456 ], [ 359457.792899999767542, 514604.228800000622869 ], [ 359452.399099998176098, 514630.183399999514222 ], [ 359446.2555, 514658.119000000879169 ], [ 359445.977200001478195, 514669.528000000864267 ], [ 359443.258299998939037, 514699.972899999469519 ], [ 359444.342500001192093, 514749.7412 ], [ 359448.745799999684095, 514775.698799999430776 ], [ 359452.337400000542402, 514804.978599999 ], [ 359451.828699998557568, 514810.665999999269843 ], [ 359448.991900000721216, 514838.30599999987 ], [ 359439.870099999010563, 514868.344100000336766 ], [ 359395.349500000476837, 514912.653400000184774 ], [ 359388.898800000548363, 514932.960400000214577 ], [ 359402.330299999564886, 514939.84940000064671 ], [ 359423.124299999326468, 514949.540999999269843 ], [ 359557.484400000423193, 515004.886099999770522 ], [ 359592.058600001037121, 515019.244000000879169 ], [ 359613.514699999243021, 515028.854599999263883 ], [ 359626.545200001448393, 515035.501599999144673 ], [ 359637.629700001329184, 515043.29079999961 ], [ 359644.191100001335144, 515047.400299999862909 ], [ 359766.456000000238419, 515145.415400000289083 ], [ 359814.118500001728535, 515184.788699999451637 ], [ 359960.763399999588728, 515305.65430000051856 ], [ 360108.416400000452995, 515420.634400000795722 ], [ 360150.141600001603365, 515453.017200000584126 ], [ 360212.625599998980761, 515504.722500000149012 ], [ 360227.127300001680851, 515516.925300000235438 ], [ 360246.79280000180006, 515534.965399999171495 ], [ 360303.023499999195337, 515579.440099999308586 ], [ 360405.056099999696016, 515666.005899999290705 ], [ 360464.108399998396635, 515711.731799999251962 ], [ 360596.621599998325109, 515826.246400000527501 ], [ 360627.089000001549721, 515858.1118 ], [ 360706.331999998539686, 515937.13399999961 ], [ 360769.892599999905, 515870.980900000780821 ], [ 360805.890700001269579, 515800.978800000622869 ], [ 360810.207800000905991, 515784.157600000500679 ] ] ] } },
{ "type": "Feature", "properties": { "IA_blck_gr": "G19011300006003", "IA_blck__1": "3", "IA_blck__2": "Block Group 3", "blck_grp_I": 570, "blck_grp_1": 21589600, "Shape_Leng": 3016.7180285200002, "Shape_Area": 394285.10690999997 }, "geometry": { "type": "Polygon", "coordinates": [ [ [ 361730.707699999213219, 516123.388399999588728 ], [ 361734.425999999046326, 516028.938999999314547 ], [ 361738.719900000840425, 515932.724600000306964 ], [ 361744.173399999738, 515838.131400000303984 ], [ 361747.681499999016523, 515742.888199999928 ], [ 361751.353100001811981, 515649.444199999794364 ], [ 361654.950399998575449, 515645.985300000756979 ], [ 361643.142299998551607, 515644.990399999544024 ], [ 361561.320599999278784, 515641.312300000339746 ], [ 361529.335799999535084, 515638.711200000718236 ], [ 361508.653999999165535, 515642.680500000715256 ], [ 361494.411800000816584, 515642.692900000140071 ], [ 361475.533900000154972, 515641.482799999415874 ], [ 361461.989799998700619, 515642.423299999908 ], [ 361460.475999999791384, 515726.673000000417233 ], [ 361462.769000001251698, 515732.266200000420213 ], [ 361459.978500001132488, 515826.310900000855327 ], [ 361364.189199998975, 515822.099999999627471 ], [ 361189.865800000727177, 515814.368300000205636 ], [ 361102.727299999445677, 515810.001000000163913 ], [ 360841.449400000274181, 515799.263000000268221 ], [ 360810.207800000905991, 515784.157600000500679 ], [ 360805.890700001269579, 515800.978800000622869 ], [ 360769.892599999905, 515870.980900000780821 ], [ 360706.331999998539686, 515937.13399999961 ], [ 360728.920499999076128, 515959.565500000491738 ], [ 360754.885099999606609, 515989.095699999481 ], [ 360807.916099999, 516052.798499999567866 ], [ 360826.627900000661612, 516075.387099999934 ], [ 360856.1233000010252, 516106.872600000351667 ], [ 360859.34010000154376, 516113.851800000295043 ], [ 360868.635400000959635, 516121.112199999392033 ], [ 360886.825599998235703, 516135.390499999747 ], [ 360906.96229999884963, 516146.735300000756979 ], [ 360911.612199999392033, 516151.205499999225 ], [ 360935.332499999552965, 516161.596400000154972 ], [ 361035.559599999338388, 516178.324999999254942 ], [ 361170.586300000548363, 516200.808000000193715 ], [ 361345.316399998962879, 516210.238299999386072 ], [ 361440.714699998497963, 516217.454399999231 ], [ 361538.198800001293421, 516220.5131 ], [ 361539.173700001090765, 516139.038200000301003 ], [ 361539.454, 516116.991499999538064 ], [ 361632.780499998480082, 516120.978700000792742 ], [ 361730.707699999213219, 516123.388399999588728 ] ] ] } },
{ "type": "Feature", "properties": { "IA_blck_gr": "G19011300007001", "IA_blck__1": "1", "IA_blck__2": "Block Group 1", "blck_grp_I": 790, "blck_grp_1": 25764000, "Shape_Leng": 6057.1807184600002, "Shape_Area": 1509178.1529600001 }, "geometry": { "type": "Polygon", "coordinates": [ [ [ 360246.79280000180006, 515534.965399999171495 ], [ 360227.127300001680851, 515516.925300000235438 ], [ 360212.625599998980761, 515504.722500000149012 ], [ 360150.141600001603365, 515453.017200000584126 ], [ 360108.416400000452995, 515420.634400000795722 ], [ 359960.763399999588728, 515305.65430000051856 ], [ 359814.118500001728535, 515184.788699999451637 ], [ 359766.456000000238419, 515145.415400000289083 ], [ 359644.191100001335144, 515047.400299999862909 ], [ 359637.629700001329184, 515043.29079999961 ], [ 359626.545200001448393, 515035.501599999144673 ], [ 359613.514699999243021, 515028.854599999263883 ], [ 359592.058600001037121, 515019.244000000879169 ], [ 359557.484400000423193, 515004.886099999770522 ], [ 359423.124299999326468, 514949.540999999269843 ], [ 359402.330299999564886, 514939.84940000064671 ], [ 359388.898800000548363, 514932.960400000214577 ], [ 359395.349500000476837, 514912.653400000184774 ], [ 359439.870099999010563, 514868.344100000336766 ], [ 359448.991900000721216, 514838.30599999987 ], [ 359451.828699998557568, 514810.665999999269843 ], [ 359452.337400000542402, 514804.978599999 ], [ 359448.745799999684095, 514775.698799999430776 ], [ 359444.342500001192093, 514749.7412 ], [ 359443.258299998939037, 514699.972899999469519 ], [ 359445.977200001478195, 514669.528000000864267 ], [ 359446.2555, 514658.119000000879169 ], [ 359452.399099998176098, 514630.183399999514222 ], [ 359457.792899999767542, 514604.228800000622869 ], [ 359459.390500001609325, 514537.339299999177456 ], [ 359448.82660000026226, 514494.972899999469519 ], [ 359446.201099999248981, 514453.643999999389052 ], [ 359447.673000000417233, 514414.519300000742078 ], [ 359398.491099998354912, 514413.374900000169873 ], [ 359392.575699999928, 514413.102700000628829 ], [ 359362.911499999463558, 514411.849199999123812 ], [ 359360.693300001323223, 514411.747099999338388 ], [ 359352.739199999719858, 514412.836799999698997 ], [ 359341.216400001198053, 514414.5461 ], [ 359302.800799999386072, 514437.07740000076592 ], [ 359283.790300000458956, 514454.790999999269843 ], [ 359251.074799999594688, 514476.913100000470877 ], [ 359239.372099999338388, 514484.324999999254942 ], [ 359220.541999999433756, 514496.336300000548363 ], [ 359201.301199998706579, 514506.536800000816584 ], [ 359183.513799998909235, 514511.989399999380112 ], [ 359137.011999998241663, 514533.141699999570847 ], [ 359127.830800000578165, 514535.854800000786781 ], [ 359119.686799999326468, 514541.079099999741 ], [ 359082.581999998539686, 514558.408700000494719 ], [ 359075.249899998307228, 514549.561200000345707 ], [ 358671.496199999004602, 514540.744999999180436 ], [ 358581.319099999964, 514539.5142 ], [ 358379.860800001770258, 514535.863299999386072 ], [ 358277.9353, 514534.096899999305606 ], [ 358181.1858000010252, 514534.360899999738 ], [ 358171.92960000038147, 514624.861999999731779 ], [ 358169.448699999600649, 514680.736899999902 ], [ 358166.526900000870228, 514746.221499999985 ], [ 358161.629399999976, 514826.060599999502301 ], [ 358154.889199998229742, 514983.7511 ], [ 358148.541200000792742, 515097.004499999806285 ], [ 358148.178100001066923, 515115.687899999320507 ], [ 358141.497900001704693, 515250.537399999797344 ], [ 358134.187800001353025, 515336.312100000679493 ], [ 358129.933600001037121, 515506.20920000039041 ], [ 358208.8092, 515504.1173 ], [ 358291.6743, 515504.784600000828505 ], [ 358337.00899999961, 515507.089400000870228 ], [ 358398.043600000441074, 515504.5164 ], [ 358493.220400001853704, 515500.600099999457598 ], [ 358537.471599999815226, 515497.817399999126792 ], [ 358551.6162, 515498.131100000813603 ], [ 358570.042700000107288, 515498.417500000447035 ], [ 358717.352000001817942, 515501.153899999335408 ], [ 358878.657099999487, 515502.072899999097 ], [ 358994.355500001460314, 515503.025399999693036 ], [ 359094.127700001001358, 515504.814699999988 ], [ 359282.901000000536442, 515504.542099999263883 ], [ 359313.685499999672174, 515504.615199999883771 ], [ 359367.116799999028444, 515504.499199999496341 ], [ 359398.579100001603365, 515504.155999999493361 ], [ 359515.386900000274181, 515504.27140000090003 ], [ 359659.190200001001358, 515504.512499999254942 ], [ 359670.552099999040365, 515504.476099999621511 ], [ 359710.92850000038743, 515496.4824 ], [ 359753.477600000798702, 515480.638599999248981 ], [ 359770.313999999314547, 515545.801699999719858 ], [ 359818.930799998342991, 515535.836699999869 ], [ 359845.491700001060963, 515523.959599999710917 ], [ 359899.451999999582767, 515523.087799999862909 ], [ 359937.511300001293421, 515526.074200000613928 ], [ 360031.276500001549721, 515527.822499999776483 ], [ 360072.211199998855591, 515529.150599999353 ], [ 360104.099399998784065, 515530.285599999129772 ], [ 360146.266100000590086, 515531.670800000429153 ], [ 360148.812699999660254, 515531.78830000013113 ], [ 360156.210999999195337, 515532.017699999734759 ], [ 360246.79280000180006, 515534.965399999171495 ] ] ] } },
{ "type": "Feature", "properties": { "IA_blck_gr": "G19011300007002", "IA_blck__1": "2", "IA_blck__2": "Block Group 2", "blck_grp_I": 1609, "blck_grp_1": 42989000, "Shape_Leng": 4352.6240637499996, "Shape_Area": 845822.10949399997 }, "geometry": { "type": "Polygon", "coordinates": [ [ [ 359447.673000000417233, 514414.519300000742078 ], [ 359437.882100000977516, 514335.683499999344349 ], [ 359431.088500000536442, 514336.602499999106 ], [ 359403.858899999409914, 514323.591299999505281 ], [ 359401.440400000661612, 514322.472100000828505 ], [ 359372.656399998813868, 514287.777599999681115 ], [ 359377.553800001740456, 514236.82880000025034 ], [ 359399.683800000697374, 514194.287699999287724 ], [ 359405.560100000351667, 514170.370699999853969 ], [ 359412.057900000363588, 514143.682900000363588 ], [ 359414.738800000399351, 514139.103099999949 ], [ 359431.255399998277426, 514111.196799999103 ], [ 359483.971299998462, 514062.449400000274181 ], [ 359533.636399999260902, 514026.327199999243021 ], [ 359571.240699999034405, 513976.77250000089407 ], [ 359594.427299998700619, 513911.324500000104308 ], [ 359603.988200001418591, 513868.204900000244379 ], [ 359629.526999998837709, 513805.329 ], [ 359450.334800001233816, 513687.786100000143051 ], [ 359439.622999999672174, 513680.7982 ], [ 359430.496599998325109, 513761.003299999982 ], [ 359426.204500000923872, 513884.654699999839067 ], [ 359124.386500000953674, 513873.231000000610948 ], [ 359014.523299999535084, 513873.777699999511242 ], [ 358984.564300000667572, 513873.520199999213219 ], [ 358942.506799999624491, 513873.154400000348687 ], [ 358892.628299999982, 513872.7653 ], [ 358617.333700001239777, 513868.291099999 ], [ 358406.506999999284744, 513865.665899999439716 ], [ 358216.6064000017941, 513864.566199999302626 ], [ 358211.772100001573563, 513968.148199999704957 ], [ 358206.937800001353025, 514071.730200000107288 ], [ 358192.148800000548363, 514266.677200000733137 ], [ 358189.107999999076128, 514388.593499999493361 ], [ 358188.309399999678135, 514420.3586 ], [ 358181.1858000010252, 514534.360899999738 ], [ 358277.9353, 514534.096899999305606 ], [ 358379.860800001770258, 514535.863299999386072 ], [ 358581.319099999964, 514539.5142 ], [ 358671.496199999004602, 514540.744999999180436 ], [ 359075.249899998307228, 514549.561200000345707 ], [ 359082.581999998539686, 514558.408700000494719 ], [ 359119.686799999326468, 514541.079099999741 ], [ 359127.830800000578165, 514535.854800000786781 ], [ 359137.011999998241663, 514533.141699999570847 ], [ 359183.513799998909235, 514511.989399999380112 ], [ 359201.301199998706579, 514506.536800000816584 ], [ 359220.541999999433756, 514496.336300000548363 ], [ 359239.372099999338388, 514484.324999999254942 ], [ 359251.074799999594688, 514476.913100000470877 ], [ 359283.790300000458956, 514454.790999999269843 ], [ 359302.800799999386072, 514437.07740000076592 ], [ 359341.216400001198053, 514414.5461 ], [ 359352.739199999719858, 514412.836799999698997 ], [ 359360.693300001323223, 514411.747099999338388 ], [ 359362.911499999463558, 514411.849199999123812 ], [ 359392.575699999928, 514413.102700000628829 ], [ 359398.491099998354912, 514413.374900000169873 ], [ 359447.673000000417233, 514414.519300000742078 ] ] ] } },
{ "type": "Feature", "properties": { "IA_blck_gr": "G19011300008001", "IA_blck__1": "1", "IA_blck__2": "Block Group 1", "blck_grp_I": 428, "blck_grp_1": 15357800, "Shape_Leng": 4518.6706883799998, "Shape_Area": 961826.19089700002 }, "geometry": { "type": "Polygon", "coordinates": [ [ [ 358148.178100001066923, 515115.687899999320507 ], [ 358117.508799999952, 515096.924599999561906 ], [ 357979.705800000578165, 514981.875199999660254 ], [ 357955.191500000655651, 514959.923499999567866 ], [ 357910.780000001192093, 514928.437400000169873 ], [ 357845.221599999815226, 514875.154699999839067 ], [ 357768.0777000002563, 514814.175000000745058 ], [ 357714.714299999177456, 514776.792999999597669 ], [ 357699.124000001698732, 514764.881100000813603 ], [ 357643.583799999207258, 514735.462200000882149 ], [ 357554.272300001233816, 514670.4561 ], [ 357360.731300000101328, 514670.217299999669194 ], [ 357227.214999999850988, 514671.60950000025332 ], [ 357157.789000000804663, 514670.33699999936 ], [ 357146.564699999988, 514670.943199999630451 ], [ 356955.175599999725819, 514670.47690000012517 ], [ 356938.9527000002563, 514947.884500000625849 ], [ 356930.399999998509884, 515043.121099999174476 ], [ 356927.398099999875, 515072.769400000572205 ], [ 356921.027899999171495, 515213.903899999335408 ], [ 356920.743099998682737, 515225.536299999803305 ], [ 356527.727400001138449, 515218.663699999451637 ], [ 356517.588500000536442, 515370.375399999320507 ], [ 356529.635099999606609, 515450.875900000333786 ], [ 356565.128199998289347, 515454.176599999889731 ], [ 356601.344900000840425, 515456.0548 ], [ 356686.829199999570847, 515460.631999999284744 ], [ 356777.52930000051856, 515462.761 ], [ 356906.363200001418591, 515477.0482 ], [ 357030.055500000715256, 515481.360400000587106 ], [ 357142.333999998867512, 515483.2489 ], [ 357222.123700000345707, 515484.548000000417233 ], [ 357501.148400001227856, 515485.339400000870228 ], [ 357668.563799999654293, 515496.591099999845028 ], [ 357718.560199998319149, 515497.762099999934 ], [ 357759.345800001174212, 515498.735300000756979 ], [ 357815.18470000103116, 515499.950699999928 ], [ 357863.245400000363588, 515500.250099999830127 ], [ 358042.468199998140335, 515503.540999999269843 ], [ 358129.933600001037121, 515506.20920000039041 ], [ 358134.187800001353025, 515336.312100000679493 ], [ 358141.497900001704693, 515250.537399999797344 ], [ 358148.178100001066923, 515115.687899999320507 ] ] ] } },
{ "type": "Feature", "properties": { "IA_blck_gr": "G19011300008002", "IA_blck__1": "2", "IA_blck__2": "Block Group 2", "blck_grp_I": 1790, "blck_grp_1": 96819800, "Shape_Leng": 6439.1122811400001, "Shape_Area": 1197246.83498 }, "geometry": { "type": "Polygon", "coordinates": [ [ [ 356955.175599999725819, 514670.47690000012517 ], [ 356965.715199999511242, 514506.577199999243021 ], [ 356971.062800001353025, 514405.818600000813603 ], [ 356975.628800000995398, 514322.156600000336766 ], [ 356978.268300000578165, 514278.830299999564886 ], [ 356981.700800001621246, 514178.543800000101328 ], [ 356863.672899998724461, 514175.947899999097 ], [ 356833.802200000733137, 514173.798800000920892 ], [ 356811.047499999403954, 514167.272099999710917 ], [ 356786.783199999481, 514161.348300000652671 ], [ 356780.790100000798702, 514238.450400000438094 ], [ 356780.094500001519918, 514329.343900000676513 ], [ 356455.334199998527765, 514326.828099999576807 ], [ 356470.670200001448393, 514234.363700000569224 ], [ 356480.558299999684095, 514142.210400000214577 ], [ 356485.969099998474121, 514050.748400000855327 ], [ 356490.544599998742342, 513964.959000000730157 ], [ 356492.983800001442432, 513879.072000000625849 ], [ 356497.337799999862909, 513722.390799999237061 ], [ 356500.564300000667572, 513693.199999999254942 ], [ 356501.660300001502037, 513683.619999999180436 ], [ 356510.041799999773502, 513651.52930000051856 ], [ 356518.234499998390675, 513623.573000000789762 ], [ 356525.646999999880791, 513596.477 ], [ 356546.36259999871254, 513543.113800000399351 ], [ 356607.037300001829863, 513436.930199999362 ], [ 356563.688200000673532, 513434.166799999773502 ], [ 356529.596099998801947, 513441.456399999558926 ], [ 356497.519600000232458, 513456.900499999523163 ], [ 356465.993000000715256, 513472.9298 ], [ 356442.810199998319149, 513484.7489 ], [ 356419.288699999451637, 513496.776699999347329 ], [ 356381.179900001734495, 513516.313100000843406 ], [ 356366.752500001341105, 513525.732499999925 ], [ 356327.683400001376867, 513544.665500000119209 ], [ 356301.328299999237061, 513559.251599999144673 ], [ 356292.349500000476837, 513615.2785 ], [ 356281.561599999666214, 513682.084599999710917 ], [ 356268.045200001448393, 513774.408800000324845 ], [ 356244.007199998944998, 513774.320000000298023 ], [ 356242.065600000321865, 513865.604599999263883 ], [ 356243.896600000560284, 513921.116699999198318 ], [ 356247.431200001388788, 514004.252800000831485 ], [ 356256.594799999147654, 514106.569700000807643 ], [ 356255.151799999177456, 514185.111500000581145 ], [ 356276.315499998629093, 514224.709000000730157 ], [ 356265.079199999570847, 514285.111500000581145 ], [ 356248.453600000590086, 514351.762700000777841 ], [ 356239.625599998980761, 514379.24210000038147 ], [ 356218.776700001209974, 514437.41440000012517 ], [ 356197.313200000673532, 514483.801100000739098 ], [ 356124.934599999338388, 514623.0449 ], [ 356108.385800000280142, 514653.755300000309944 ], [ 356086.674499999731779, 514692.964400000870228 ], [ 355985.712000001221895, 514836.280200000852346 ], [ 355947.685899998992682, 514908.338400000706315 ], [ 355876.135299999266863, 515044.038100000470877 ], [ 355745.264699999243021, 515285.650499999523163 ], [ 355730.524399999529123, 515312.860500000417233 ], [ 355719.304400000721216, 515335.080199999734759 ], [ 355700.194200001657009, 515373.288699999451637 ], [ 355723.956000000238419, 515375.715199999511242 ], [ 355766.401700001209974, 515380.000700000673532 ], [ 355780.941799998283386, 515380.663399999961 ], [ 355802.64979999884963, 515382.996500000357628 ], [ 355849.700800001621246, 515387.3805 ], [ 356041.996399998664856, 515405.442099999636412 ], [ 356076.863200001418591, 515408.040100000798702 ], [ 356109.270599998533726, 515410.414100000634789 ], [ 356135.419599998742342, 515412.838700000196695 ], [ 356204.773699998855591, 515419.138199999928 ], [ 356244.713199999183416, 515422.416300000622869 ], [ 356332.196600001305342, 515431.895700000226498 ], [ 356413.651999998837709, 515439.981200000271201 ], [ 356416.424600001424551, 515440.555600000545382 ], [ 356461.688200000673532, 515444.413799999281764 ], [ 356504.138399999588728, 515448.59180000051856 ], [ 356529.635099999606609, 515450.875900000333786 ], [ 356517.588500000536442, 515370.375399999320507 ], [ 356527.727400001138449, 515218.663699999451637 ], [ 356920.743099998682737, 515225.536299999803305 ], [ 356921.027899999171495, 515213.903899999335408 ], [ 356927.398099999875, 515072.769400000572205 ], [ 356930.399999998509884, 515043.121099999174476 ], [ 356938.9527000002563, 514947.884500000625849 ], [ 356955.175599999725819, 514670.47690000012517 ] ] ] } },
{ "type": "Feature", "properties": { "IA_blck_gr": "G19011300008003", "IA_blck__1": "3", "IA_blck__2": "Block Group 3", "blck_grp_I": 1573, "blck_grp_1": 69387700, "Shape_Leng": 4651.5036563499998, "Shape_Area": 1064757.2807700001 }, "geometry": { "type": "Polygon", "coordinates": [ [ [ 358181.1858000010252, 514534.360899999738 ], [ 358188.309399999678135, 514420.3586 ], [ 358189.107999999076128, 514388.593499999493361 ], [ 358192.148800000548363, 514266.677200000733137 ], [ 358206.937800001353025, 514071.730200000107288 ], [ 358211.772100001573563, 513968.148199999704957 ], [ 358216.6064000017941, 513864.566199999302626 ], [ 358052.710799999535084, 513863.767599999905 ], [ 357989.162599999457598, 513863.429300000891089 ], [ 357815.9824, 513860.418400000780821 ], [ 357794.101199999451637, 513859.975600000470877 ], [ 357683.139899998903275, 513861.162699999287724 ], [ 357459.604299999773502, 513859.212500000372529 ], [ 357352.618099998682737, 513861.706000000238419 ], [ 357127.793400000780821, 513857.354699999094009 ], [ 357188.756900001317263, 514022.174799999222159 ], [ 357100.342599999159575, 514052.507699999958 ], [ 357134.253699999302626, 514144.536399999633431 ], [ 357104.972199998795986, 514160.105699999257922 ], [ 357063.757500000298023, 514200.772099999710917 ], [ 357028.878199998289347, 514234.337999999523163 ], [ 356978.268300000578165, 514278.830299999564886 ], [ 356975.628800000995398, 514322.156600000336766 ], [ 356971.062800001353025, 514405.818600000813603 ], [ 356965.715199999511242, 514506.577199999243021 ], [ 356955.175599999725819, 514670.47690000012517 ], [ 357146.564699999988, 514670.943199999630451 ], [ 357157.789000000804663, 514670.33699999936 ], [ 357227.214999999850988, 514671.60950000025332 ], [ 357360.731300000101328, 514670.217299999669194 ], [ 357554.272300001233816, 514670.4561 ], [ 357643.583799999207258, 514735.462200000882149 ], [ 357699.124000001698732, 514764.881100000813603 ], [ 357714.714299999177456, 514776.792999999597669 ], [ 357768.0777000002563, 514814.175000000745058 ], [ 357845.221599999815226, 514875.154699999839067 ], [ 357910.780000001192093, 514928.437400000169873 ], [ 357955.191500000655651, 514959.923499999567866 ], [ 357979.705800000578165, 514981.875199999660254 ], [ 358117.508799999952, 515096.924599999561906 ], [ 358148.178100001066923, 515115.687899999320507 ], [ 358148.541200000792742, 515097.004499999806285 ], [ 358154.889199998229742, 514983.7511 ], [ 358161.629399999976, 514826.060599999502301 ], [ 358166.526900000870228, 514746.221499999985 ], [ 358169.448699999600649, 514680.736899999902 ], [ 358171.92960000038147, 514624.861999999731779 ], [ 358181.1858000010252, 514534.360899999738 ] ] ] } },
{ "type": "Feature", "properties": { "IA_blck_gr": "G19011300008004", "IA_blck__1": "4", "IA_blck__2": "Block Group 4", "blck_grp_I": 558, "blck_grp_1": 23209700, "Shape_Leng": 3102.63802958, "Shape_Area": 481549.81680099998 }, "geometry": { "type": "Polygon", "coordinates": [ [ [ 356978.268300000578165, 514278.830299999564886 ], [ 357028.878199998289347, 514234.337999999523163 ], [ 357063.757500000298023, 514200.772099999710917 ], [ 357104.972199998795986, 514160.105699999257922 ], [ 357134.253699999302626, 514144.536399999633431 ], [ 357100.342599999159575, 514052.507699999958 ], [ 357188.756900001317263, 514022.174799999222159 ], [ 357127.793400000780821, 513857.354699999094009 ], [ 357086.214200001209974, 513767.326899999752641 ], [ 357079.288199998438358, 513751.333200000226498 ], [ 357048.776799999177456, 513649.718000000342727 ], [ 357033.724500000476837, 513602.558900000527501 ], [ 357023.261799998581409, 513550.458799999207258 ], [ 356992.218299999833107, 513442.436499999836087 ], [ 356697.642299998551607, 513438.045 ], [ 356607.037300001829863, 513436.930199999362 ], [ 356546.36259999871254, 513543.113800000399351 ], [ 356525.646999999880791, 513596.477 ], [ 356518.234499998390675, 513623.573000000789762 ], [ 356510.041799999773502, 513651.52930000051856 ], [ 356501.660300001502037, 513683.619999999180436 ], [ 356500.564300000667572, 513693.199999999254942 ], [ 356497.337799999862909, 513722.390799999237061 ], [ 356492.983800001442432, 513879.072000000625849 ], [ 356490.544599998742342, 513964.959000000730157 ], [ 356485.969099998474121, 514050.748400000855327 ], [ 356480.558299999684095, 514142.210400000214577 ], [ 356470.670200001448393, 514234.363700000569224 ], [ 356455.334199998527765, 514326.828099999576807 ], [ 356780.094500001519918, 514329.343900000676513 ], [ 356780.790100000798702, 514238.450400000438094 ], [ 356786.783199999481, 514161.348300000652671 ], [ 356811.047499999403954, 514167.272099999710917 ], [ 356833.802200000733137, 514173.798800000920892 ], [ 356863.672899998724461, 514175.947899999097 ], [ 356981.700800001621246, 514178.543800000101328 ], [ 356978.268300000578165, 514278.830299999564886 ] ] ] } },
{ "type": "Feature", "properties": { "IA_blck_gr": "G19011300009011", "IA_blck__1": "1", "IA_blck__2": "Block Group 1", "blck_grp_I": 1227, "blck_grp_1": 32491500, "Shape_Leng": 6015.4244107200002, "Shape_Area": 1627612.983 }, "geometry": { "type": "Polygon", "coordinates": [ [ [ 355700.194200001657009, 515373.288699999451637 ], [ 355690.536400001496077, 515372.064899999648333 ], [ 355655.099399998784065, 515369.330600000917912 ], [ 355546.406100001186132, 515361.020400000736117 ], [ 355511.329500000923872, 515361.214600000530481 ], [ 355492.348200000822544, 515360.462200000882149 ], [ 355437.023400001227856, 515362.4221 ], [ 355384.369600001722574, 515367.191299999132752 ], [ 355356.359400000423193, 515371.291099999 ], [ 355349.793499998748302, 515372.671800000593066 ], [ 355297.331000000238419, 515380.473600000143051 ], [ 355254.207400001585484, 515387.469100000336766 ], [ 355213.989500001072884, 515393.925200000405312 ], [ 355167.319099999964, 515402.887199999764562 ], [ 355124.287200000137091, 515407.871999999508262 ], [ 355064.851300001144409, 515411.551100000739098 ], [ 355054.639600001275539, 515411.646500000730157 ], [ 354953.366999998688698, 515406.705299999564886 ], [ 354916.229499999433756, 515401.545700000599027 ], [ 354911.962900001555681, 515401.239800000563264 ], [ 354845.089400000870228, 515387.450300000607967 ], [ 354740.87220000103116, 515367.597500000149012 ], [ 354588.706700000911951, 515337.729800000786781 ], [ 354564.321899998933077, 515332.703199999406934 ], [ 354513.837499998509884, 515322.348400000482798 ], [ 354332.50560000166297, 515287.578299999237061 ], [ 354217.809399999678135, 515262.777899999171495 ], [ 354204.480000000447035, 515260.829500000923872 ], [ 354121.302299998700619, 515245.298800000920892 ], [ 354059.333200000226498, 515237.673299999908 ], [ 354034.605200000107288, 515234.760299999266863 ], [ 353974.56810000166297, 515229.910399999469519 ], [ 353900.980700001120567, 515231.612999999895692 ], [ 353855.84739999845624, 515233.9342 ], [ 353736.890799999237061, 515254.073200000450015 ], [ 353728.014800000935793, 515255.574599999934 ], [ 353657.895599998533726, 515260.683800000697374 ], [ 353392.763300001621246, 515262.226500000804663 ], [ 353307.350900001823902, 515261.495899999514222 ], [ 353316.332899998873472, 515339.499800000339746 ], [ 353317.748100001364946, 515351.880799999460578 ], [ 353328.754099998623133, 515446.996300000697374 ], [ 353336.539500001817942, 515487.770899999886751 ], [ 353347.241300001740456, 515544.129799999296665 ], [ 353351.574099998921156, 515573.886700000613928 ], [ 353354.532800000160933, 515613.994999999180436 ], [ 353355.974899999797344, 515658.513599999248981 ], [ 353344.230399999767542, 516001.625900000333786 ], [ 353419.637499999254942, 515999.552899999544024 ], [ 353476.704300001263618, 516000.793199999257922 ], [ 353655.220199998468161, 516004.7357 ], [ 353665.13399999961, 516005.744699999690056 ], [ 353884.484700001776218, 516020.388599999248981 ], [ 354114.008200000971556, 516041.210699999704957 ], [ 354231.802200000733137, 516053.721400000154972 ], [ 354286.410500001162291, 516056.535599999129772 ], [ 354421.443500000983477, 516070.055600000545382 ], [ 354456.240600001066923, 516072.307399999350309 ], [ 354484.389499999582767, 516074.145500000566244 ], [ 354486.617400001734495, 516074.022700000554323 ], [ 354510.878299999982, 516072.661100000143051 ], [ 354670.648200001567602, 516072.528400000184774 ], [ 354700.3618, 516072.534800000488758 ], [ 354749.911100000143051, 516070.755400000140071 ], [ 354788.655999999493361, 516073.076199999079108 ], [ 354815.940999999642372, 516072.188899999484 ], [ 354848.324700001627207, 516073.212999999523163 ], [ 354972.130800001323223, 516078.393999999389052 ], [ 355075.021499998867512, 516081.95380000025034 ], [ 355180.817600000649691, 516084.975199999287724 ], [ 355256.681200001388788, 516092.794399999082088 ], [ 355281.750100001692772, 516095.391100000590086 ], [ 355349.999200001358986, 516100.513199999928 ], [ 355408.046900000423193, 516103.715800000354648 ], [ 355445.607999999076128, 515985.613900000229478 ], [ 355486.420800000429153, 515857.582499999552965 ], [ 355525.55689999833703, 515757.356399999931 ], [ 355652.396899998188019, 515470.208699999377131 ], [ 355672.563099998980761, 515428.688999999314547 ], [ 355675.461599998176098, 515422.886499999091029 ], [ 355694.032800000160933, 515385.661100000143051 ], [ 355700.194200001657009, 515373.288699999451637 ] ] ] } },
{ "type": "Feature", "properties": { "IA_blck_gr": "G19011300009012", "IA_blck__1": "2", "IA_blck__2": "Block Group 2", "blck_grp_I": 1905, "blck_grp_1": 75848700, "Shape_Leng": 6744.0410321700001, "Shape_Area": 1870029.5666199999 }, "geometry": { "type": "Polygon", "coordinates": [ [ [ 355700.194200001657009, 515373.288699999451637 ], [ 355719.304400000721216, 515335.080199999734759 ], [ 355730.524399999529123, 515312.860500000417233 ], [ 355745.264699999243021, 515285.650499999523163 ], [ 355876.135299999266863, 515044.038100000470877 ], [ 355947.685899998992682, 514908.338400000706315 ], [ 355985.712000001221895, 514836.280200000852346 ], [ 356086.674499999731779, 514692.964400000870228 ], [ 356108.385800000280142, 514653.755300000309944 ], [ 356104.026399999856949, 514653.668400000780821 ], [ 356082.291499998420477, 514653.685000000521541 ], [ 356036.88569999858737, 514652.845899999141693 ], [ 355594.307, 514641.8581000007689 ], [ 355564.664099998772144, 514640.1721 ], [ 355502.888900000602007, 514639.038599999621511 ], [ 355416.55350000038743, 514634.88399999961 ], [ 355206.776000000536442, 514629.704299999400973 ], [ 354881.259500000625849, 514615.237500000745058 ], [ 354779.529199998825788, 514609.270500000566244 ], [ 354681.502900000661612, 514606.944299999624491 ], [ 354584.908700000494719, 514603.900399999693036 ], [ 354450.932500001043081, 514597.369000000879169 ], [ 354369.664900001138449, 514594.016000000759959 ], [ 354340.236900001764297, 514591.224700000137091 ], [ 354290.568900000303984, 514589.978499999269843 ], [ 354206.394299998879433, 514585.375499999150634 ], [ 354126.8103, 514581.205499999225 ], [ 353886.015299998223782, 514570.175499999895692 ], [ 353879.791600000113249, 514569.445499999448657 ], [ 353729.912000000476837, 514561.42200000025332 ], [ 353536.813799999654293, 514553.347799999639392 ], [ 353324.648800000548363, 514550.01410000026226 ], [ 353298.734099999070168, 514851.618799999356 ], [ 353299.315099999308586, 514889.716199999675155 ], [ 353295.542100001126528, 514920.338199999183416 ], [ 353294.770500000566244, 514977.409800000488758 ], [ 353292.627700001001358, 515026.581199999898672 ], [ 353289.633099999278784, 515069.107599999755621 ], [ 353289.175500001758337, 515075.581299999728799 ], [ 353293.153200000524521, 515155.038499999791384 ], [ 353307.350900001823902, 515261.495899999514222 ], [ 353392.763300001621246, 515262.226500000804663 ], [ 353657.895599998533726, 515260.683800000697374 ], [ 353728.014800000935793, 515255.574599999934 ], [ 353736.890799999237061, 515254.073200000450015 ], [ 353855.84739999845624, 515233.9342 ], [ 353900.980700001120567, 515231.612999999895692 ], [ 353974.56810000166297, 515229.910399999469519 ], [ 354034.605200000107288, 515234.760299999266863 ], [ 354059.333200000226498, 515237.673299999908 ], [ 354121.302299998700619, 515245.298800000920892 ], [ 354204.480000000447035, 515260.829500000923872 ], [ 354217.809399999678135, 515262.777899999171495 ], [ 354332.50560000166297, 515287.578299999237061 ], [ 354513.837499998509884, 515322.348400000482798 ], [ 354564.321899998933077, 515332.703199999406934 ], [ 354588.706700000911951, 515337.729800000786781 ], [ 354740.87220000103116, 515367.597500000149012 ], [ 354845.089400000870228, 515387.450300000607967 ], [ 354911.962900001555681, 515401.239800000563264 ], [ 354916.229499999433756, 515401.545700000599027 ], [ 354953.366999998688698, 515406.705299999564886 ], [ 355054.639600001275539, 515411.646500000730157 ], [ 355064.851300001144409, 515411.551100000739098 ], [ 355124.287200000137091, 515407.871999999508262 ], [ 355167.319099999964, 515402.887199999764562 ], [ 355213.989500001072884, 515393.925200000405312 ], [ 355254.207400001585484, 515387.469100000336766 ], [ 355297.331000000238419, 515380.473600000143051 ], [ 355349.793499998748302, 515372.671800000593066 ], [ 355356.359400000423193, 515371.291099999 ], [ 355384.369600001722574, 515367.191299999132752 ], [ 355437.023400001227856, 515362.4221 ], [ 355492.348200000822544, 515360.462200000882149 ], [ 355511.329500000923872, 515361.214600000530481 ], [ 355546.406100001186132, 515361.020400000736117 ], [ 355655.099399998784065, 515369.330600000917912 ], [ 355690.536400001496077, 515372.064899999648333 ], [ 355700.194200001657009, 515373.288699999451637 ] ] ] } },
{ "type": "Feature", "properties": { "IA_blck_gr": "G19011300009013", "IA_blck__1": "3", "IA_blck__2": "Block Group 3", "blck_grp_I": 2882, "blck_grp_1": 115252100, "Shape_Leng": 5895.9727437499996, "Shape_Area": 1417390.62433 }, "geometry": { "type": "Polygon", "coordinates": [ [ [ 356301.328299999237061, 513559.251599999144673 ], [ 356251.334499999880791, 513586.644600000232458 ], [ 356200.052999999374151, 513617.002499999478459 ], [ 356172.305500000715256, 513627.830299999564886 ], [ 355953.593299999833107, 513698.816500000655651 ], [ 355862.335599999875, 513728.362099999561906 ], [ 355800.002999998629093, 513751.948100000619888 ], [ 355724.848799999803305, 513776.854100000113249 ], [ 355690.609999999403954, 513796.457900000736117 ], [ 355658.429900001734495, 513814.252000000327826 ], [ 355640.438900001347065, 513820.599099999293685 ], [ 355615.540199998766184, 513824.951899999752641 ], [ 355582.420099999755621, 513829.042500000447035 ], [ 355496.4814000017941, 513825.017400000244379 ], [ 355392.400499999523163, 513821.623199999332428 ], [ 355366.668600000441074, 513822.579600000753999 ], [ 355246.461500000208616, 513815.318199999630451 ], [ 355213.590599998831749, 513824.796399999409914 ], [ 355184.878699999302626, 513855.067700000479817 ], [ 355176.46229999884963, 513866.330299999564886 ], [ 355157.511199999600649, 513893.7982 ], [ 355096.784299999475479, 513981.736999999731779 ], [ 355035.609499998390675, 514054.202899999917 ], [ 355017.646800000220537, 514074.437699999660254 ], [ 354997.75959999859333, 514086.298699999228 ], [ 354983.304499998688698, 514096.391100000590086 ], [ 354960.834699999541044, 514098.057099999859929 ], [ 354900.314300000667572, 514109.0789 ], [ 354874.544700000435114, 514114.5142 ], [ 354834.383000001311302, 514132.284700000658631 ], [ 354811.063999999314547, 514139.959100000560284 ], [ 354773.778200000524521, 514157.860600000247359 ], [ 354735.642799999564886, 514170.908800000324845 ], [ 354704.712200000882149, 514184.844200000166893 ], [ 354576.671500001102686, 514228.7456 ], [ 354559.187600001692772, 514229.407299999147654 ], [ 354527.696899998933077, 514232.120400000363588 ], [ 354500.179400000721216, 514232.550699999555945 ], [ 354474.863000001758337, 514229.833599999547005 ], [ 354451.784200001507998, 514224.978700000792742 ], [ 354436.455800000578165, 514223.498999999836087 ], [ 354326.504299998283386, 514199.025000000372529 ], [ 354291.318399999290705, 514187.014599999412894 ], [ 354260.095300000160933, 514182.014799999073148 ], [ 354244.531500000506639, 514182.092399999499321 ], [ 354226.168099999427795, 514180.363500000908971 ], [ 354218.031199999153614, 514183.689500000327826 ], [ 354192.55460000038147, 514188.13260000012815 ], [ 354171.001299999654293, 514193.201500000432134 ], [ 354151.238299999386072, 514195.104399999603629 ], [ 354146.698899999260902, 514255.253100000321865 ], [ 354138.6798, 514370.335599999875 ], [ 354126.8103, 514581.205499999225 ], [ 354206.394299998879433, 514585.375499999150634 ], [ 354290.568900000303984, 514589.978499999269843 ], [ 354340.236900001764297, 514591.224700000137091 ], [ 354369.664900001138449, 514594.016000000759959 ], [ 354450.932500001043081, 514597.369000000879169 ], [ 354584.908700000494719, 514603.900399999693036 ], [ 354681.502900000661612, 514606.944299999624491 ], [ 354779.529199998825788, 514609.270500000566244 ], [ 354881.259500000625849, 514615.237500000745058 ], [ 355206.776000000536442, 514629.704299999400973 ], [ 355416.55350000038743, 514634.88399999961 ], [ 355502.888900000602007, 514639.038599999621511 ], [ 355564.664099998772144, 514640.1721 ], [ 355594.307, 514641.8581000007689 ], [ 356036.88569999858737, 514652.845899999141693 ], [ 356082.291499998420477, 514653.685000000521541 ], [ 356104.026399999856949, 514653.668400000780821 ], [ 356108.385800000280142, 514653.755300000309944 ], [ 356124.934599999338388, 514623.0449 ], [ 356197.313200000673532, 514483.801100000739098 ], [ 356218.776700001209974, 514437.41440000012517 ], [ 356239.625599998980761, 514379.24210000038147 ], [ 356248.453600000590086, 514351.762700000777841 ], [ 356265.079199999570847, 514285.111500000581145 ], [ 356276.315499998629093, 514224.709000000730157 ], [ 356255.151799999177456, 514185.111500000581145 ], [ 356256.594799999147654, 514106.569700000807643 ], [ 356247.431200001388788, 514004.252800000831485 ], [ 356243.896600000560284, 513921.116699999198318 ], [ 356242.065600000321865, 513865.604599999263883 ], [ 356244.007199998944998, 513774.320000000298023 ], [ 356268.045200001448393, 513774.408800000324845 ], [ 356281.561599999666214, 513682.084599999710917 ], [ 356292.349500000476837, 513615.2785 ], [ 356301.328299999237061, 513559.251599999144673 ] ] ] } },
{ "type": "Feature", "properties": { "IA_blck_gr": "G19011300009021", "IA_blck__1": "1", "IA_blck__2": "Block Group 1", "blck_grp_I": 2384, "blck_grp_1": 131347000, "Shape_Leng": 7984.5440069200004, "Shape_Area": 3159317.9228099999 }, "geometry": { "type": "Polygon", "coordinates": [ [ [ 355392.400499999523163, 513821.623199999332428 ], [ 355398.688900001347065, 513723.258099999278784 ], [ 355418.087799999862909, 513414.637599999085069 ], [ 355432.086399998515844, 513168.589299999177456 ], [ 355434.830200001597404, 513113.73340000025928 ], [ 355440.287300001829863, 513004.691899999976 ], [ 355445.509799998253584, 512898.999099999666214 ], [ 355450.831700000911951, 512809.211300000548363 ], [ 355475.177200000733137, 512395.553600000217557 ], [ 355462.186000000685453, 512402.352800000458956 ], [ 355388.02930000051856, 512432.235300000756979 ], [ 355370.0777000002563, 512441.272600000724196 ], [ 355331.844200000166893, 512450.842700000852346 ], [ 355318.455800000578165, 512453.704800000414252 ], [ 355307.348900001496077, 512458.910399999469519 ], [ 355018.247299998998642, 512512.72550000064075 ], [ 354987.35020000115037, 512514.90430000051856 ], [ 354950.508099999278784, 512511.997999999672174 ], [ 354942.388700000941753, 512513.084599999710917 ], [ 354937.663899999111891, 512513.765799999237061 ], [ 354924.78830000013113, 512514.412299999967 ], [ 354905.442699998617172, 512517.900299999862909 ], [ 354863.953200001269579, 512535.722899999469519 ], [ 354689.788600001484156, 512633.629599999636412 ], [ 354527.876699998975, 512730.192299999296665 ], [ 354515.635600000619888, 512716.871200000867248 ], [ 354508.4386, 512704.898900000378489 ], [ 354468.135600000619888, 512638.570699999108911 ], [ 354418.955800000578165, 512588.188400000333786 ], [ 354418.973099999129772, 512591.436499999836087 ], [ 354193.9243, 512816.489800000563264 ], [ 353728.9276, 513176.468599999323487 ], [ 353563.958399999886751, 513266.5285 ], [ 353413.982599999755621, 513296.467499999329448 ], [ 353338.913699999451637, 513341.443800000473857 ], [ 353150.544199999421835, 513351.958399999886751 ], [ 353154.138000000268221, 513399.934399999678135 ], [ 353158.795299999415874, 513462.627199999988 ], [ 353161.035999998450279, 513493.185799999162555 ], [ 353165.303300000727177, 513535.3695 ], [ 353169.694299999624491, 513571.176200000569224 ], [ 353182.460999999195337, 513663.909099999815226 ], [ 353190.759199999272823, 513706.16300000064075 ], [ 353197.025600001215935, 513729.625399999320507 ], [ 353203.219799999147654, 513752.860400000587106 ], [ 353209.182700000703335, 513768.470599999651313 ], [ 353269.618599999696016, 513877.580900000408292 ], [ 353290.652499999850988, 513922.2027000002563 ], [ 353308.514800000935793, 513955.035700000822544 ], [ 353328.866900000721216, 514001.97829999961 ], [ 353336.736699998378754, 514028.200500000268221 ], [ 353348.973400000482798, 514079.814799999818206 ], [ 353351.179000001400709, 514098.390399999917 ], [ 353353.742199998348951, 514121.79700000025332 ], [ 353352.518399998545647, 514148.839500000700355 ], [ 353350.408100001513958, 514222.759199999272823 ], [ 353348.46339999884367, 514291.199599999934 ], [ 353342.500500001013279, 514355.650900000706315 ], [ 353324.648800000548363, 514550.01410000026226 ], [ 353536.813799999654293, 514553.347799999639392 ], [ 353729.912000000476837, 514561.42200000025332 ], [ 353879.791600000113249, 514569.445499999448657 ], [ 353886.015299998223782, 514570.175499999895692 ], [ 354126.8103, 514581.205499999225 ], [ 354138.6798, 514370.335599999875 ], [ 354146.698899999260902, 514255.253100000321865 ], [ 354151.238299999386072, 514195.104399999603629 ], [ 354171.001299999654293, 514193.201500000432134 ], [ 354192.55460000038147, 514188.13260000012815 ], [ 354218.031199999153614, 514183.689500000327826 ], [ 354226.168099999427795, 514180.363500000908971 ], [ 354244.531500000506639, 514182.092399999499321 ], [ 354260.095300000160933, 514182.014799999073148 ], [ 354291.318399999290705, 514187.014599999412894 ], [ 354326.504299998283386, 514199.025000000372529 ], [ 354436.455800000578165, 514223.498999999836087 ], [ 354451.784200001507998, 514224.978700000792742 ], [ 354474.863000001758337, 514229.833599999547005 ], [ 354500.179400000721216, 514232.550699999555945 ], [ 354527.696899998933077, 514232.120400000363588 ], [ 354559.187600001692772, 514229.407299999147654 ], [ 354576.671500001102686, 514228.7456 ], [ 354704.712200000882149, 514184.844200000166893 ], [ 354735.642799999564886, 514170.908800000324845 ], [ 354773.778200000524521, 514157.860600000247359 ], [ 354811.063999999314547, 514139.959100000560284 ], [ 354834.383000001311302, 514132.284700000658631 ], [ 354874.544700000435114, 514114.5142 ], [ 354900.314300000667572, 514109.0789 ], [ 354960.834699999541044, 514098.057099999859929 ], [ 354983.304499998688698, 514096.391100000590086 ], [ 354997.75959999859333, 514086.298699999228 ], [ 355017.646800000220537, 514074.437699999660254 ], [ 355035.609499998390675, 514054.202899999917 ], [ 355096.784299999475479, 513981.736999999731779 ], [ 355157.511199999600649, 513893.7982 ], [ 355176.46229999884963, 513866.330299999564886 ], [ 355184.878699999302626, 513855.067700000479817 ], [ 355213.590599998831749, 513824.796399999409914 ], [ 355246.461500000208616, 513815.318199999630451 ], [ 355366.668600000441074, 513822.579600000753999 ], [ 355392.400499999523163, 513821.623199999332428 ] ] ] } },
{ "type": "Feature", "properties": { "IA_blck_gr": "G19011300009022", "IA_blck__1": "2", "IA_blck__2": "Block Group 2", "blck_grp_I": 1169, "blck_grp_1": 55063600, "Shape_Leng": 4710.0497146400003, "Shape_Area": 1348808.5804099999 }, "geometry": { "type": "Polygon", "coordinates": [ [ [ 356301.328299999237061, 513559.251599999144673 ], [ 356327.683400001376867, 513544.665500000119209 ], [ 356335.386399999260902, 513496.754699999466538 ], [ 356339.409600000828505, 513471.743300000205636 ], [ 356348.137800000607967, 513417.6086 ], [ 356366.253600001335144, 513314.744100000709295 ], [ 356377.500799998641014, 513236.089199999347329 ], [ 356383.594700001180172, 513165.70920000039041 ], [ 356386.834499999880791, 513035.178899999707937 ], [ 356387.914500001817942, 513007.905600000172853 ], [ 356386.809500001370907, 512925.663200000301003 ], [ 356386.353900000452995, 512787.685399999842048 ], [ 356386.751899998635054, 512732.050200000405312 ], [ 356379.6096, 512643.149499999359 ], [ 356378.900800000876188, 512611.7631 ], [ 356371.534600000828505, 512266.084699999541044 ], [ 356370.018899999558926, 512218.088600000366569 ], [ 356340.485300000756979, 512217.41300000064075 ], [ 356338.343499999493361, 512217.427200000733137 ], [ 356305.717599999159575, 512215.938699999824166 ], [ 356292.804900001734495, 512215.573599999770522 ], [ 356286.964999999850988, 512215.419099999591708 ], [ 356272.19029999896884, 512207.1305 ], [ 356248.749000001698732, 512193.855599999427795 ], [ 356236.000100001692772, 512177.261 ], [ 356225.123500000685453, 512168.366499999538064 ], [ 356186.741500001400709, 512157.657600000500679 ], [ 356164.502700001001358, 512161.346599999815226 ], [ 356138.147300001233816, 512172.238399999216199 ], [ 355921.43470000103116, 512281.616499999538064 ], [ 355798.670200001448393, 512308.272399999201298 ], [ 355650.831000000238419, 512344.874199999496341 ], [ 355587.843199998140335, 512360.930299999192357 ], [ 355529.409600000828505, 512372.827199999243021 ], [ 355498.24720000103116, 512380.814699999988 ], [ 355487.057900000363588, 512386.0164 ], [ 355475.177200000733137, 512395.553600000217557 ], [ 355450.831700000911951, 512809.211300000548363 ], [ 355445.509799998253584, 512898.999099999666214 ], [ 355440.287300001829863, 513004.691899999976 ], [ 355434.830200001597404, 513113.73340000025928 ], [ 355432.086399998515844, 513168.589299999177456 ], [ 355418.087799999862909, 513414.637599999085069 ], [ 355398.688900001347065, 513723.258099999278784 ], [ 355392.400499999523163, 513821.623199999332428 ], [ 355496.4814000017941, 513825.017400000244379 ], [ 355582.420099999755621, 513829.042500000447035 ], [ 355615.540199998766184, 513824.951899999752641 ], [ 355640.438900001347065, 513820.599099999293685 ], [ 355658.429900001734495, 513814.252000000327826 ], [ 355690.609999999403954, 513796.457900000736117 ], [ 355724.848799999803305, 513776.854100000113249 ], [ 355800.002999998629093, 513751.948100000619888 ], [ 355862.335599999875, 513728.362099999561906 ], [ 355953.593299999833107, 513698.816500000655651 ], [ 356172.305500000715256, 513627.830299999564886 ], [ 356200.052999999374151, 513617.002499999478459 ], [ 356251.334499999880791, 513586.644600000232458 ], [ 356301.328299999237061, 513559.251599999144673 ] ] ] } },
{ "type": "Feature", "properties": { "IA_blck_gr": "G19011300009023", "IA_blck__1": "3", "IA_blck__2": "Block Group 3", "blck_grp_I": 2034, "blck_grp_1": 180289600, "Shape_Leng": 8046.3591268299997, "Shape_Area": 2929173.7078499999 }, "geometry": { "type": "Polygon", "coordinates": [ [ [ 353307.350900001823902, 515261.495899999514222 ], [ 353293.153200000524521, 515155.038499999791384 ], [ 353289.175500001758337, 515075.581299999728799 ], [ 353289.633099999278784, 515069.107599999755621 ], [ 353292.627700001001358, 515026.581199999898672 ], [ 353294.770500000566244, 514977.409800000488758 ], [ 353295.542100001126528, 514920.338199999183416 ], [ 353299.315099999308586, 514889.716199999675155 ], [ 353298.734099999070168, 514851.618799999356 ], [ 353324.648800000548363, 514550.01410000026226 ], [ 353342.500500001013279, 514355.650900000706315 ], [ 353348.46339999884367, 514291.199599999934 ], [ 353350.408100001513958, 514222.759199999272823 ], [ 353352.518399998545647, 514148.839500000700355 ], [ 353353.742199998348951, 514121.79700000025332 ], [ 353351.179000001400709, 514098.390399999917 ], [ 353348.973400000482798, 514079.814799999818206 ], [ 353336.736699998378754, 514028.200500000268221 ], [ 353328.866900000721216, 514001.97829999961 ], [ 353308.514800000935793, 513955.035700000822544 ], [ 353290.652499999850988, 513922.2027000002563 ], [ 353269.618599999696016, 513877.580900000408292 ], [ 353209.182700000703335, 513768.470599999651313 ], [ 353203.219799999147654, 513752.860400000587106 ], [ 353197.025600001215935, 513729.625399999320507 ], [ 353190.759199999272823, 513706.16300000064075 ], [ 353182.460999999195337, 513663.909099999815226 ], [ 353169.694299999624491, 513571.176200000569224 ], [ 353165.303300000727177, 513535.3695 ], [ 353161.035999998450279, 513493.185799999162555 ], [ 353158.795299999415874, 513462.627199999988 ], [ 353154.138000000268221, 513399.934399999678135 ], [ 353150.544199999421835, 513351.958399999886751 ], [ 353068.910000000149012, 513356.441099999472499 ], [ 353038.973999999463558, 513326.533900000154972 ], [ 352918.967300001531839, 513296.474799999967 ], [ 352776.480700001120567, 513199.000600000843406 ], [ 352686.582800000905991, 513204.121899999678135 ], [ 352674.374499998986721, 513215.551799999549985 ], [ 352642.134899999946, 513203.794099999591708 ], [ 352489.238600000739098, 513068.679500000551343 ], [ 352458.888300001621246, 513069.773099999875 ], [ 352435.401900000870228, 513086.629100000485778 ], [ 352413.457800000905991, 513124.04619999975 ], [ 352385.3092, 513240.573699999600649 ], [ 352382.418999999761581, 513248.057499999180436 ], [ 352376.367800001055002, 513270.851299999281764 ], [ 352335.028599999845028, 513345.800699999555945 ], [ 352239.426199998706579, 513446.407999999821186 ], [ 352228.281199999153614, 513468.971999999135733 ], [ 352231.680399999022484, 513504.9572 ], [ 352238.317400000989437, 513525.747899999842048 ], [ 352262.4221, 513549.902000000700355 ], [ 352277.184399999678135, 513560.309699999168515 ], [ 352275.451699998229742, 513582.290599999949 ], [ 352274.234900001436472, 513680.43720000050962 ], [ 352271.02930000051856, 513709.51799999923 ], [ 352268.022399999201298, 513730.545399999246001 ], [ 352263.781500000506639, 513749.725600000470877 ], [ 352259.670099999755621, 513764.20890000090003 ], [ 352253.427000001072884, 513783.970499999821186 ], [ 352244.020899999886751, 513809.972100000828505 ], [ 352234.76799999923, 513828.926200000569224 ], [ 352224.204199999570847, 513845.917700000107288 ], [ 352219.188200000673532, 513853.081700000911951 ], [ 352214.356600001454353, 513859.806199999526143 ], [ 352212.776399999856949, 513885.712899999693036 ], [ 352209.762099999934, 513952.537399999797344 ], [ 352203.286400001496077, 514097.923399999738 ], [ 352192.226700000464916, 514348.581499999389052 ], [ 352184.039799999445677, 514522.778799999505281 ], [ 352123.825399998575449, 514521.742399999872 ], [ 352110.916600000113249, 514521.384199999272823 ], [ 352085.42790000140667, 514520.682700000703335 ], [ 352062.983899999409914, 514520.006400000303984 ], [ 352039.143300000578165, 514519.267400000244379 ], [ 351973.613899998366833, 514517.432800000533462 ], [ 351963.662799999117851, 514517.208100000396371 ], [ 351920.00730000063777, 514515.912100000306964 ], [ 351919.413699999451637, 514518.124800000339746 ], [ 351846.010600000619888, 514513.808900000527501 ], [ 351819.75730000063777, 514513.633500000461936 ], [ 351808.070799998939037, 514513.554899999872 ], [ 351775.268199998885393, 514516.219799999147654 ], [ 351779.35020000115037, 514533.423599999397993 ], [ 351782.069400001317263, 514542.504000000655651 ], [ 351791.679200001060963, 514597.803799999878 ], [ 351789.875799998641014, 514729.1787 ], [ 351791.117899999022484, 514734.497400000691414 ], [ 351791.936099998652935, 514736.43779999949 ], [ 351793.278900001198053, 514739.521500000730157 ], [ 351796.800900001078844, 514750.877499999478459 ], [ 351808.887200001627207, 514762.171499999240041 ], [ 351828.069099999964, 514767.626800000667572 ], [ 351855.892400000244379, 514773.135600000619888 ], [ 351863.245700001716614, 514779.849500000476837 ], [ 351873.02140000090003, 514791.263399999588728 ], [ 351963.607799999415874, 514903.736300000920892 ], [ 351995.967099998146296, 514912.697300000116229 ], [ 352008.48759999871254, 514916.173100000247359 ], [ 352024.017599999905, 514920.456499999389052 ], [ 352070.365899998694658, 514933.183800000697374 ], [ 352121.14469999819994, 514951.71000000089407 ], [ 352140.377399999648333, 514963.326799999923 ], [ 352150.703899998217821, 514977.117399999872 ], [ 352163.034400001168251, 515035.899399999529123 ], [ 352165.337499998509884, 515057.837899999693036 ], [ 352179.386700000613928, 515078.514799999073148 ], [ 352209.39750000089407, 515123.090099999681115 ], [ 352243.645899999886751, 515170.432099999859929 ], [ 352252.890299998223782, 515186.301400000229478 ], [ 352270.663899999111891, 515210.169800000265241 ], [ 352273.79, 515215.685499999672174 ], [ 352274.973299998790026, 515218.6502 ], [ 352282.407299999147654, 515230.854699999094009 ], [ 352284.165600001811981, 515233.845300000160933 ], [ 352285.543499998748302, 515236.146999999880791 ], [ 352292.360599998384714, 515247.427899999544024 ], [ 352309.127300001680851, 515277.185499999672174 ], [ 352328.865699999034405, 515312.227800000458956 ], [ 352337.003600001335144, 515325.247999999672174 ], [ 352344.363200001418591, 515340.920399999246001 ], [ 352345.942099999636412, 515344.238900000229478 ], [ 352365.647700000554323, 515383.646800000220537 ], [ 352385.99439999833703, 515428.906300000846386 ], [ 352388.43299999833107, 515435.062899999320507 ], [ 352402.026799999177456, 515465.79700000025332 ], [ 352403.724500000476837, 515470.128599999472499 ], [ 352406.739399999380112, 515478.102800000458956 ], [ 352408.427000001072884, 515482.6579 ], [ 352419.3805, 515511.705399999395013 ], [ 352433.503699999302626, 515543.471200000494719 ], [ 352448.57660000026226, 515568.785599999129772 ], [ 352474.708700001239777, 515608.036100000143051 ], [ 352513.607500001788139, 515685.373700000345707 ], [ 352532.520799998193979, 515764.160399999469519 ], [ 352544.982999999076128, 515991.242699999362 ], [ 352561.265799999237061, 515989.738600000739098 ], [ 352802.823100000619888, 515993.821900000795722 ], [ 352804.79450000077486, 515993.911000000312924 ], [ 352872.729100000113249, 515995.078099999576807 ], [ 352910.148899998515844, 515995.762000000104308 ], [ 352923.142400000244379, 515996.013499999418855 ], [ 352951.762899998575449, 515996.523700000718236 ], [ 353156.639800000935793, 515999.967199999839067 ], [ 353267.38399999961, 516000.947200000286102 ], [ 353344.230399999767542, 516001.625900000333786 ], [ 353355.974899999797344, 515658.513599999248981 ], [ 353354.532800000160933, 515613.994999999180436 ], [ 353351.574099998921156, 515573.886700000613928 ], [ 353347.241300001740456, 515544.129799999296665 ], [ 353336.539500001817942, 515487.770899999886751 ], [ 353328.754099998623133, 515446.996300000697374 ], [ 353317.748100001364946, 515351.880799999460578 ], [ 353316.332899998873472, 515339.499800000339746 ], [ 353307.350900001823902, 515261.495899999514222 ] ] ] } },
{ "type": "Feature", "properties": { "IA_blck_gr": "G19011300009024", "IA_blck__1": "4", "IA_blck__2": "Block Group 4", "blck_grp_I": 1167, "blck_grp_1": 98183800, "Shape_Leng": 12853.533194199999, "Shape_Area": 6509700.3422600003 }, "geometry": { "type": "Polygon", "coordinates": [ [ [ 352403.724500000476837, 515470.128599999472499 ], [ 352402.026799999177456, 515465.79700000025332 ], [ 352388.43299999833107, 515435.062899999320507 ], [ 352385.99439999833703, 515428.906300000846386 ], [ 352365.647700000554323, 515383.646800000220537 ], [ 352345.942099999636412, 515344.238900000229478 ], [ 352344.363200001418591, 515340.920399999246001 ], [ 352337.003600001335144, 515325.247999999672174 ], [ 352328.865699999034405, 515312.227800000458956 ], [ 352309.127300001680851, 515277.185499999672174 ], [ 352292.360599998384714, 515247.427899999544024 ], [ 352285.543499998748302, 515236.146999999880791 ], [ 352284.165600001811981, 515233.845300000160933 ], [ 352282.407299999147654, 515230.854699999094009 ], [ 352274.973299998790026, 515218.6502 ], [ 352273.79, 515215.685499999672174 ], [ 352270.663899999111891, 515210.169800000265241 ], [ 352252.890299998223782, 515186.301400000229478 ], [ 352243.645899999886751, 515170.432099999859929 ], [ 352209.39750000089407, 515123.090099999681115 ], [ 352179.386700000613928, 515078.514799999073148 ], [ 352165.337499998509884, 515057.837899999693036 ], [ 352163.034400001168251, 515035.899399999529123 ], [ 352150.703899998217821, 514977.117399999872 ], [ 352140.377399999648333, 514963.326799999923 ], [ 352121.14469999819994, 514951.71000000089407 ], [ 352070.365899998694658, 514933.183800000697374 ], [ 352024.017599999905, 514920.456499999389052 ], [ 352008.48759999871254, 514916.173100000247359 ], [ 351995.967099998146296, 514912.697300000116229 ], [ 351963.607799999415874, 514903.736300000920892 ], [ 351873.02140000090003, 514791.263399999588728 ], [ 351863.245700001716614, 514779.849500000476837 ], [ 351855.892400000244379, 514773.135600000619888 ], [ 351828.069099999964, 514767.626800000667572 ], [ 351808.887200001627207, 514762.171499999240041 ], [ 351796.800900001078844, 514750.877499999478459 ], [ 351793.278900001198053, 514739.521500000730157 ], [ 351791.936099998652935, 514736.43779999949 ], [ 351791.117899999022484, 514734.497400000691414 ], [ 351789.875799998641014, 514729.1787 ], [ 351791.679200001060963, 514597.803799999878 ], [ 351782.069400001317263, 514542.504000000655651 ], [ 351779.35020000115037, 514533.423599999397993 ], [ 351775.268199998885393, 514516.219799999147654 ], [ 351808.070799998939037, 514513.554899999872 ], [ 351819.75730000063777, 514513.633500000461936 ], [ 351846.010600000619888, 514513.808900000527501 ], [ 351919.413699999451637, 514518.124800000339746 ], [ 351920.00730000063777, 514515.912100000306964 ], [ 351963.662799999117851, 514517.208100000396371 ], [ 351973.613899998366833, 514517.432800000533462 ], [ 352039.143300000578165, 514519.267400000244379 ], [ 352062.983899999409914, 514520.006400000303984 ], [ 352085.42790000140667, 514520.682700000703335 ], [ 352110.916600000113249, 514521.384199999272823 ], [ 352123.825399998575449, 514521.742399999872 ], [ 352184.039799999445677, 514522.778799999505281 ], [ 352192.226700000464916, 514348.581499999389052 ], [ 352203.286400001496077, 514097.923399999738 ], [ 352209.762099999934, 513952.537399999797344 ], [ 352212.776399999856949, 513885.712899999693036 ], [ 352214.356600001454353, 513859.806199999526143 ], [ 352219.188200000673532, 513853.081700000911951 ], [ 352224.204199999570847, 513845.917700000107288 ], [ 352234.76799999923, 513828.926200000569224 ], [ 352244.020899999886751, 513809.972100000828505 ], [ 352253.427000001072884, 513783.970499999821186 ], [ 352259.670099999755621, 513764.20890000090003 ], [ 352263.781500000506639, 513749.725600000470877 ], [ 352268.022399999201298, 513730.545399999246001 ], [ 352271.02930000051856, 513709.51799999923 ], [ 352274.234900001436472, 513680.43720000050962 ], [ 352275.451699998229742, 513582.290599999949 ], [ 352277.184399999678135, 513560.309699999168515 ], [ 352262.4221, 513549.902000000700355 ], [ 352238.317400000989437, 513525.747899999842048 ], [ 352231.680399999022484, 513504.9572 ], [ 352228.281199999153614, 513468.971999999135733 ], [ 352239.426199998706579, 513446.407999999821186 ], [ 352335.028599999845028, 513345.800699999555945 ], [ 352376.367800001055002, 513270.851299999281764 ], [ 352382.418999999761581, 513248.057499999180436 ], [ 352385.3092, 513240.573699999600649 ], [ 352413.457800000905991, 513124.04619999975 ], [ 352435.401900000870228, 513086.629100000485778 ], [ 352458.888300001621246, 513069.773099999875 ], [ 352489.238600000739098, 513068.679500000551343 ], [ 352642.134899999946, 513203.794099999591708 ], [ 352674.374499998986721, 513215.551799999549985 ], [ 352686.582800000905991, 513204.121899999678135 ], [ 352776.480700001120567, 513199.000600000843406 ], [ 352438.92119999975, 512771.465399999171495 ], [ 352277.978700000792742, 512604.526599999517202 ], [ 352270.792300000786781, 512723.680299999192357 ], [ 352270.647199999541044, 512734.199500000104308 ], [ 352270.065900001674891, 512745.258799999952 ], [ 352268.129799999296665, 512793.6568 ], [ 352265.678100001066923, 512791.418700000271201 ], [ 352248.139400001615286, 512773.159399999305606 ], [ 352236.892400000244379, 512761.454600000753999 ], [ 351968.942299999296665, 512482.088300000876188 ], [ 351929.932, 512415.832299999892712 ], [ 351913.867800001055002, 512388.570199999958 ], [ 351893.36939999833703, 512353.718000000342727 ], [ 351848.433600001037121, 512301.976299999281764 ], [ 351841.389800000935793, 512293.820599999278784 ], [ 351837.713500000536442, 512289.511900000274181 ], [ 351793.404199998825788, 512238.470599999651313 ], [ 351790.900299999862909, 512235.558399999514222 ], [ 351761.696400001645088, 512201.994000000879169 ], [ 351753.238499999046326, 512192.31900000013411 ], [ 351748.544199999421835, 512186.844699999317527 ], [ 351720.753800000995398, 512154.799799999222159 ], [ 351713.159600000828505, 512146.059599999338388 ], [ 351703.529199998825788, 512134.988299999386072 ], [ 351697.7346, 512128.344699999317527 ], [ 351694.881700001657009, 512125.864700000733137 ], [ 351676.927499998360872, 512105.796499999240041 ], [ 351640.991999998688698, 512064.426999999210238 ], [ 351575.812199998646975, 512014.126900000497699 ], [ 351522.2331000007689, 511973.195599999278784 ], [ 351520.547400001436472, 511972.223899999633431 ], [ 351343.100699998438358, 511872.979199999943 ], [ 351260.55460000038147, 511826.043700000271201 ], [ 351081.706099998206, 511774.331700000911951 ], [ 351047.172600001096725, 511767.628499999642372 ], [ 350968.318399999290705, 511752.10329999961 ], [ 350934.494300000369549, 511746.104399999603629 ], [ 350869.960200000554323, 511780.268999999389052 ], [ 350841.723200000822544, 511807.554300000891089 ], [ 350818.6233000010252, 511830.479399999603629 ], [ 350798.458399999886751, 511850.401200000196695 ], [ 350771.649199999869, 511877.0789 ], [ 350749.499000001698732, 511899.039200000464916 ], [ 350731.058299999684095, 511917.246799999848008 ], [ 350718.718899998813868, 511929.793800000101328 ], [ 350708.388900000602007, 511943.438799999654293 ], [ 350700.423399999738, 511953.942700000479817 ], [ 350689.4831000007689, 511968.344200000166893 ], [ 350674.773099999875, 511987.839199999347329 ], [ 350649.578899998217821, 512020.748500000685453 ], [ 350598.538899999111891, 512086.426100000739098 ], [ 350552.557199999690056, 512145.836300000548363 ], [ 350501.349399998784065, 512211.618599999696016 ], [ 350474.377099998295307, 512265.835699999704957 ], [ 350468.207100000232458, 512278.547900000587106 ], [ 350446.497999999672174, 512321.91579999961 ], [ 350440.609799999744, 512366.889299999923 ], [ 350413.028099998831749, 512379.648499999195337 ], [ 350397.048000000417233, 512387.105699999257922 ], [ 350389.902300000190735, 512390.368200000375509 ], [ 350265.178599998354912, 512448.4868 ], [ 350239.03770000115037, 512467.693800000473857 ], [ 350173.634700000286102, 512515.933199999853969 ], [ 350139.322599999606609, 512557.616800000891089 ], [ 350123.3564000017941, 512599.675100000575185 ], [ 350086.13060000166297, 512634.73369999975 ], [ 350047.104200001806021, 512671.3914 ], [ 350024.577399998903275, 512692.664499999955 ], [ 349982.696800000965595, 512743.415300000458956 ], [ 349941.723700001835823, 512792.303300000727177 ], [ 349922.486499998719, 512815.515599999576807 ], [ 349916.205200001597404, 512819.713099999353 ], [ 349885.10080000013113, 512839.482499999925 ], [ 349880.030200000852346, 512842.390599999576807 ], [ 349877.664200000464916, 512843.740199999883771 ], [ 349869.766600001603365, 512849.096999999135733 ], [ 349821.912599999457598, 512884.352399999275804 ], [ 349807.529599998146296, 512894.793500000610948 ], [ 349819.593600001186132, 512930.605599999427795 ], [ 349850.482200000435114, 513022.240000000223517 ], [ 349850.9824, 513023.941999999806285 ], [ 349864.720600001513958, 513064.643999999389052 ], [ 349867.699200000613928, 513073.511399999260902 ], [ 349870.4662000015378, 513081.585400000214577 ], [ 349871.986600000411272, 513086.244400000199676 ], [ 349871.541000001132488, 513096.190099999308586 ], [ 349873.627599999308586, 513106.585200000554323 ], [ 349875.938799999654293, 513115.646600000560284 ], [ 349881.247600000351667, 513136.823400000110269 ], [ 349881.809799998998642, 513138.976099999621511 ], [ 349884.745299998670816, 513150.640900000929832 ], [ 349890.698399998247623, 513173.974099999293685 ], [ 349889.613499999046326, 513253.314600000157952 ], [ 349892.1239, 513261.601099999621511 ], [ 349898.376400001347065, 513281.924399999902 ], [ 349971.4835, 513449.2412 ], [ 349993.339200001209974, 513521.883400000631809 ], [ 350000.723999999463558, 513581.224199999123812 ], [ 350024.665199998766184, 513664.261399999260902 ], [ 350051.323100000619888, 513688.522900000214577 ], [ 350098.221599999815226, 513711.228399999439716 ], [ 350191.418400000780821, 513771.84180000051856 ], [ 350222.054900001734495, 513819.348699999973 ], [ 350309.458700001239777, 514042.064099999144673 ], [ 350353.122499998658895, 514153.308399999514222 ], [ 350363.857900001108646, 514194.771999999880791 ], [ 350388.479899998754263, 514262.500499999150634 ], [ 350421.025400001555681, 514379.292600000277162 ], [ 350437.972300000488758, 514449.252000000327826 ], [ 350443.387200001627207, 514495.515599999576807 ], [ 350455.148400001227856, 514624.139699999243021 ], [ 350440.398499999195337, 514833.536800000816584 ], [ 350410.395700000226498, 514937.107599999755621 ], [ 350400.301199998706579, 514951.098899999633431 ], [ 350396.26630000025034, 514956.628299999982 ], [ 350392.247099999338388, 514952.640900000929832 ], [ 350338.980599999427795, 514901.430800000205636 ], [ 350297.164799999445677, 514971.104299999773502 ], [ 350248.943599998950958, 515051.463899999856949 ], [ 350237.558200001716614, 515119.927400000393391 ], [ 350233.956900000572205, 515141.488199999555945 ], [ 350220.304000001400709, 515168.756599999964 ], [ 350218.767099998891354, 515171.822899999097 ], [ 350213.34180000051856, 515182.664599999785423 ], [ 350263.649900000542402, 515200.709499999880791 ], [ 350301.363200001418591, 515213.262900000438094 ], [ 350331.13399999961, 515221.205099999905 ], [ 350357.201299998909235, 515227.3015 ], [ 350379.883299998939037, 515231.790599999949 ], [ 350408.527199998497963, 515237.331199999898672 ], [ 350436.025800000876188, 515242.708399999886751 ], [ 350459.898099999875, 515246.355399999767542 ], [ 350484.960499998182058, 515249.160000000149012 ], [ 350508.661499999463558, 515251.119899999350309 ], [ 350531.941599998623133, 515253.284800000488758 ], [ 350558.814399998635054, 515254.2675 ], [ 350582.981300000101328, 515255.016799999400973 ], [ 350605.44819999858737, 515255.130000000819564 ], [ 350627.950199998915195, 515254.461100000888109 ], [ 350654.492600001394749, 515253.637599999085069 ], [ 350678.6107, 515251.809800000861287 ], [ 350701.33219999819994, 515249.919099999591708 ], [ 350726.742800001055002, 515246.805800000205636 ], [ 350751.105500001460314, 515243.197499999776483 ], [ 350775.0625, 515239.459100000560284 ], [ 350978.921, 515201.817299999296665 ], [ 351003.329300001263618, 515197.204 ], [ 351027.045200001448393, 515193.343699999153614 ], [ 351039.637499999254942, 515191.558399999514222 ], [ 351051.542399998754263, 515190.414200000464916 ], [ 351064.366099998354912, 515188.975299999117851 ], [ 351087.595899999141693, 515186.77280000038445 ], [ 351111.888700000941753, 515184.730000000447035 ], [ 351135.638300001621246, 515183.782700000330806 ], [ 351159.594200000166893, 515183.740499999374151 ], [ 351182.718600001186132, 515183.884899999946 ], [ 351209.432300001382828, 515184.750700000673532 ], [ 351234.62220000103116, 515186.555800000205636 ], [ 351250.041200000792742, 515187.809399999678135 ], [ 351265.86600000038743, 515189.193299999460578 ], [ 351291.961100000888109, 515192.830700000748038 ], [ 351315.093899998813868, 515196.447000000625849 ], [ 351340.984499998390675, 515200.971400000154972 ], [ 351373.839299999177456, 515208.048599999397993 ], [ 351378.964499998837709, 515209.399000000208616 ], [ 351395.402699999511242, 515213.609999999403954 ], [ 351422.882599998265505, 515221.229299999773502 ], [ 351470.192200001329184, 515236.347799999639392 ], [ 351491.4956, 515244.025299999862909 ], [ 351527.045899998396635, 515257.0471 ], [ 351581.9679000005126, 515276.764000000432134 ], [ 351866.971700001507998, 515382.093399999663234 ], [ 351925.526799999177456, 515401.528599999845028 ], [ 351958.583000000566244, 515411.416699999943 ], [ 351993.708000000566244, 515421.062300000339746 ], [ 352018.603199999779463, 515427.559599999338388 ], [ 352052.715500000864267, 515435.92820000089705 ], [ 352088.645100001245737, 515444.154899999499321 ], [ 352124.363499999046326, 515451.588400000706315 ], [ 352145.914200000464916, 515455.583799999207258 ], [ 352172.122099999338388, 515460.349099999293685 ], [ 352204.834600001573563, 515465.072100000455976 ], [ 352231.010800000280142, 515468.716399999335408 ], [ 352267.034400001168251, 515473.029200000688434 ], [ 352316.535000000149012, 515477.838400000706315 ], [ 352361.598299998790026, 515480.656099999323487 ], [ 352360.579399999231, 515477.698799999430776 ], [ 352357.640099998563528, 515468.048499999567866 ], [ 352366.506900001317263, 515468.560599999502301 ], [ 352369.300000000745058, 515468.686699999496341 ], [ 352375.784499999135733, 515469.091399999335408 ], [ 352398.046300001442432, 515470.096300000324845 ], [ 352403.724500000476837, 515470.128599999472499 ] ] ] } },
{ "type": "Feature", "properties": { "IA_blck_gr": "G19011300010011", "IA_blck__1": "1", "IA_blck__2": "Block Group 1", "blck_grp_I": 1764, "blck_grp_1": 82915300, "Shape_Leng": 7784.338076, "Shape_Area": 2514510.08 }, "geometry": { "type": "Polygon", "coordinates": [ [ [ 349226.034099999815226, 511162.281700000166893 ], [ 349261.015099998563528, 511113.009099999442697 ], [ 349294.887099999934, 511071.972999999299645 ], [ 349338.079999998211861, 511028.778599999845028 ], [ 349372.244800001382828, 510999.625399999320507 ], [ 349397.837699998170137, 510979.830800000578165 ], [ 349444.086100000888109, 510947.523199999704957 ], [ 349463.869600001722574, 510936.090900000184774 ], [ 349492.725099999457598, 510920.697499999776483 ], [ 349661.380300000309944, 510840.120500000193715 ], [ 349727.661400001496077, 510809.270999999716878 ], [ 349742.468100000172853, 510802.319599999114871 ], [ 349821.674899999052286, 510758.724500000476837 ], [ 349937.203899998217821, 510704.103900000452995 ], [ 350032.110500000417233, 510659.422499999403954 ], [ 350208.579700000584126, 510573.831700000911951 ], [ 350298.318900000303984, 510526.906099999323487 ], [ 350436.8048, 510450.9265 ], [ 350489.823100000619888, 510420.271999999880791 ], [ 350696.523200001567602, 510303.686599999666214 ], [ 350711.053100001066923, 510295.604699999094009 ], [ 350791.142799999564886, 510250.938500000163913 ], [ 350881.660500001162291, 510199.686899999156594 ], [ 350916.312300000339746, 510180.079600000753999 ], [ 351005.306800000369549, 510129.768699999898672 ], [ 351076.363099999725819, 510090.074300000444055 ], [ 351199.436000000685453, 510023.828500000759959 ], [ 351203.482200000435114, 510021.7708 ], [ 351313.547800000756979, 509964.572000000625849 ], [ 351439.436700001358986, 509899.912000000476837 ], [ 351503.897700000554323, 509867.762900000438094 ], [ 351530.453000001609325, 509856.080299999564886 ], [ 351558.736499998719, 509846.267100000753999 ], [ 351610.026000000536442, 509835.921800000593066 ], [ 351616.30799999833107, 509696.343599999323487 ], [ 351620.207800000905991, 509617.014399999752641 ], [ 351631.616500001400709, 509354.377900000661612 ], [ 351634.88910000026226, 509279.835200000554323 ], [ 351631.415500000119209, 509263.665999999269843 ], [ 351625.475499998778105, 509247.385600000619888 ], [ 351611.835999999195337, 509228.295199999585748 ], [ 351607.995400000363588, 509225.7708 ], [ 351568.89130000025034, 509238.008500000461936 ], [ 351554.52479999884963, 509247.888000000268221 ], [ 351532.223299998790026, 509245.540899999439716 ], [ 351475.114399999380112, 509245.994899999350309 ], [ 351352.789099998772144, 509242.172599999234 ], [ 351035.816700000315905, 509230.723999999463558 ], [ 350955.771800000220537, 509226.4561 ], [ 350876.032600000500679, 509224.554300000891089 ], [ 350791.460799999535084, 509220.196799999103 ], [ 350752.3717, 509221.129300000146031 ], [ 350714.929499998688698, 509229.414499999955 ], [ 350702.932300001382828, 509234.251000000163913 ], [ 350696.765299998223782, 509237.669399999082088 ], [ 350691.400299999862909, 509241.571799999103 ], [ 350702.801899999380112, 509270.190099999308586 ], [ 350704.908700000494719, 509289.321100000292063 ], [ 350693.457100000232458, 509582.973500000312924 ], [ 350610.5504, 509580.148299999535084 ], [ 350552.655299998819828, 509577.998099999502301 ], [ 350469.507100000977516, 509575.0515 ], [ 350416.70890000090003, 509573.131100000813603 ], [ 350099.155499998480082, 509558.446499999613 ], [ 350011.542700000107288, 509555.86460000090301 ], [ 349985.549699999392033, 509555.036000000312924 ], [ 349921.966899998486042, 509552.971799999475479 ], [ 349842.004599999636412, 509550.622500000521541 ], [ 349826.457100000232458, 509550.1502 ], [ 349625.07880000025034, 509544.0471 ], [ 349610.435600001364946, 509543.615800000727177 ], [ 349603.607299998402596, 509543.422199999914 ], [ 349328.155600000172853, 509535.915999999269843 ], [ 349209.350400000810623, 509532.732300000265241 ], [ 349190.614799998700619, 509940.833799999207258 ], [ 349188.6195, 509983.631699999794364 ], [ 349186.129200000315905, 510041.188200000673532 ], [ 349182.939399998635054, 510094.122400000691414 ], [ 349177.779399998486042, 510209.563200000673532 ], [ 349165.101799998432398, 510493.191700000315905 ], [ 349157.316799998283386, 510689.473099999129772 ], [ 349152.346200000494719, 510784.094200000166893 ], [ 349146.644600000232458, 510930.079199999570847 ], [ 349143.163800001144409, 510980.312599999830127 ], [ 349143.796500001102686, 511021.435799999162555 ], [ 349144.132500000298023, 511043.397900000214577 ], [ 349145.953899998217821, 511057.924200000241399 ], [ 349149.864700000733137, 511075.455099999905 ], [ 349156.042300000786781, 511090.176000000908971 ], [ 349169.975099999457598, 511111.962200000882149 ], [ 349195.177099999040365, 511141.418500000610948 ], [ 349215.312300000339746, 511157.09940000064671 ], [ 349224.818399999290705, 511163.683000000193715 ], [ 349226.034099999815226, 511162.281700000166893 ] ] ] } },
{ "type": "Feature", "properties": { "IA_blck_gr": "G19011300010012", "IA_blck__1": "2", "IA_blck__2": "Block Group 2", "blck_grp_I": 1881, "blck_grp_1": 61449400, "Shape_Leng": 8843.0560325400002, "Shape_Area": 2731685.42857 }, "geometry": { "type": "Polygon", "coordinates": [ [ [ 352383.565799999982, 510521.257699999958 ], [ 352392.061500001698732, 510334.749399999156594 ], [ 352393.023400001227856, 510258.647600000724196 ], [ 352399.373399998992682, 510187.267799999564886 ], [ 352403.765299998223782, 510097.211300000548363 ], [ 352407.331099998206, 509996.255400000140071 ], [ 352408.613800000399351, 509958.688400000333786 ], [ 352411.6776, 509907.204500000923872 ], [ 352413.119800001382828, 509846.017100000753999 ], [ 352417.032099999487, 509730.071399999782443 ], [ 352417.442800000309944, 509711.837500000372529 ], [ 352421.314699999988, 509644.264799999073148 ], [ 352432.609000001102686, 509313.539499999955 ], [ 352433.649399999529123, 509286.8235 ], [ 352436.242800001055002, 509220.2006 ], [ 352346.140000000596046, 509177.727700000628829 ], [ 352338.261399999260902, 509198.984400000423193 ], [ 352333.641800001263618, 509210.085999999195337 ], [ 352328.260499998927116, 509219.809499999508262 ], [ 352323.871100001037121, 509223.978800000622869 ], [ 352316.297200001776218, 509229.348099999129772 ], [ 352309.820700000971556, 509232.30350000038743 ], [ 352296.4298, 509236.962799999862909 ], [ 352290.423300001770258, 509236.803799999878 ], [ 351968.505699999630451, 509229.013699999079108 ], [ 351843.51069999858737, 509222.264000000432134 ], [ 351790.174899999052286, 509219.41440000012517 ], [ 351690.984400000423193, 509214.052999999374151 ], [ 351681.550000000745058, 509213.180400000885129 ], [ 351643.936999998986721, 509216.078600000590086 ], [ 351636.151999998837709, 509215.168299999088049 ], [ 351607.995400000363588, 509225.7708 ], [ 351611.835999999195337, 509228.295199999585748 ], [ 351625.475499998778105, 509247.385600000619888 ], [ 351631.415500000119209, 509263.665999999269843 ], [ 351634.88910000026226, 509279.835200000554323 ], [ 351631.616500001400709, 509354.377900000661612 ], [ 351620.207800000905991, 509617.014399999752641 ], [ 351616.30799999833107, 509696.343599999323487 ], [ 351610.026000000536442, 509835.921800000593066 ], [ 351558.736499998719, 509846.267100000753999 ], [ 351530.453000001609325, 509856.080299999564886 ], [ 351503.897700000554323, 509867.762900000438094 ], [ 351439.436700001358986, 509899.912000000476837 ], [ 351313.547800000756979, 509964.572000000625849 ], [ 351203.482200000435114, 510021.7708 ], [ 351199.436000000685453, 510023.828500000759959 ], [ 351076.363099999725819, 510090.074300000444055 ], [ 351005.306800000369549, 510129.768699999898672 ], [ 350916.312300000339746, 510180.079600000753999 ], [ 350881.660500001162291, 510199.686899999156594 ], [ 350791.142799999564886, 510250.938500000163913 ], [ 350711.053100001066923, 510295.604699999094009 ], [ 350696.523200001567602, 510303.686599999666214 ], [ 350489.823100000619888, 510420.271999999880791 ], [ 350436.8048, 510450.9265 ], [ 350298.318900000303984, 510526.906099999323487 ], [ 350208.579700000584126, 510573.831700000911951 ], [ 350032.110500000417233, 510659.422499999403954 ], [ 349937.203899998217821, 510704.103900000452995 ], [ 349821.674899999052286, 510758.724500000476837 ], [ 349742.468100000172853, 510802.319599999114871 ], [ 349727.661400001496077, 510809.270999999716878 ], [ 349661.380300000309944, 510840.120500000193715 ], [ 349492.725099999457598, 510920.697499999776483 ], [ 349463.869600001722574, 510936.090900000184774 ], [ 349444.086100000888109, 510947.523199999704957 ], [ 349397.837699998170137, 510979.830800000578165 ], [ 349372.244800001382828, 510999.625399999320507 ], [ 349338.079999998211861, 511028.778599999845028 ], [ 349294.887099999934, 511071.972999999299645 ], [ 349261.015099998563528, 511113.009099999442697 ], [ 349226.034099999815226, 511162.281700000166893 ], [ 349296.348400000482798, 511164.529899999499321 ], [ 349607.219599999487, 511174.294800000265241 ], [ 349653.160000000149012, 511176.463099999353 ], [ 349790.986000001430511, 511182.857999999076128 ], [ 349904.62950000166893, 511190.411499999463558 ], [ 349985.88230000063777, 511194.8355 ], [ 350071.777800001204014, 511198.572699999436736 ], [ 350141.020399998873472, 511202.6842 ], [ 350198.497499998658895, 511204.700999999418855 ], [ 350231.028400000184774, 511204.7039 ], [ 350399.29, 511202.7324 ], [ 350433.353500001132488, 511199.781500000506639 ], [ 350461.728799998760223, 511195.119899999350309 ], [ 350489.639199998229742, 511187.973999999463558 ], [ 350506.445599999278784, 511182.345599999651313 ], [ 350523.235100001096725, 511175.260600000619888 ], [ 350553.350000001490116, 511159.367799999192357 ], [ 350596.691399998962879, 511133.207100000232458 ], [ 350718.222100000828505, 511060.503499999642372 ], [ 350741.046599999070168, 511047.419299999251962 ], [ 350752.548000000417233, 511042.561000000685453 ], [ 350763.650299999862909, 511039.252299999818206 ], [ 350788.903099998831749, 511034.45160000026226 ], [ 350800.284099999815226, 511032.275299999862909 ], [ 350997.488299999386072, 511007.653300000354648 ], [ 351012.475900001823902, 511005.863299999386072 ], [ 351046.673099998384714, 511001.801300000399351 ], [ 351058.013999998569489, 511000.519300000742078 ], [ 351077.557399999350309, 510998.150399999693036 ], [ 351099.7511, 510995.4528 ], [ 351135.139299999923, 510990.548800000920892 ], [ 351147.404500000178814, 510988.8607 ], [ 351156.269600000232458, 510987.691500000655651 ], [ 351157.682, 510987.418999999761581 ], [ 351173.464600000530481, 510984.433299999684095 ], [ 351196.287300001829863, 510978.740800000727177 ], [ 351317.622299998998642, 510949.036399999633431 ], [ 351319.039700001478195, 510948.652300000190735 ], [ 351349.729600001126528, 510940.1787 ], [ 351385.745299998670816, 510930.489 ], [ 351414.592000000178814, 510922.716600000858307 ], [ 351453.7162000015378, 510913.503100000321865 ], [ 351498.161400001496077, 510903.185499999672174 ], [ 351549.45890000090003, 510887.017899999395013 ], [ 351554.306699998676777, 510885.444299999624491 ], [ 351565.168099999427795, 510882.014000000432134 ], [ 351693.479400001466274, 510849.269899999722838 ], [ 351827.659699998795986, 510812.425000000745058 ], [ 351891.443999998271465, 510793.350600000470877 ], [ 351916.005699999630451, 510783.819199999794364 ], [ 351946.870099999010563, 510762.366399999707937 ], [ 351957.74040000140667, 510751.434499999508262 ], [ 351971.197500001639128, 510737.931600000709295 ], [ 352015.618599999696016, 510698.949500000104308 ], [ 352027.712000001221895, 510688.296700000762939 ], [ 352069.73930000141263, 510660.404799999669194 ], [ 352231.226799998432398, 510586.16499999911 ], [ 352283.88399999961, 510563.680500000715256 ], [ 352351.654699999839067, 510534.823300000280142 ], [ 352383.565799999982, 510521.257699999958 ] ] ] } },
{ "type": "Feature", "properties": { "IA_blck_gr": "G19011300010013", "IA_blck__1": "3", "IA_blck__2": "Block Group 3", "blck_grp_I": 1408, "blck_grp_1": 72348000, "Shape_Leng": 19045.6281552, "Shape_Area": 8848802.4654300008 }, "geometry": { "type": "Polygon", "coordinates": [ [ [ 352776.480700001120567, 513199.000600000843406 ], [ 352918.967300001531839, 513296.474799999967 ], [ 353038.973999999463558, 513326.533900000154972 ], [ 353068.910000000149012, 513356.441099999472499 ], [ 353150.544199999421835, 513351.958399999886751 ], [ 353148.241300001740456, 513320.948999999091029 ], [ 353144.839600000530481, 513276.005000000819564 ], [ 353137.329799998551607, 513161.674399999902 ], [ 353126.079900000244379, 513080.879100000485778 ], [ 353094.980700001120567, 512965.593699999153614 ], [ 353018.060199998319149, 512803.782199999317527 ], [ 352949.546300001442432, 512665.418500000610948 ], [ 352908.310100000351667, 512544.748299999162555 ], [ 352893.359099999070168, 512146.668700000271201 ], [ 352890.53940000012517, 512074.204500000923872 ], [ 352889.338500000536442, 512042.460799999535084 ], [ 352883.100400000810623, 511927.178899999707937 ], [ 352875.346900001168251, 511870.952099999412894 ], [ 352866.359999999403954, 511827.435000000521541 ], [ 352847.899000000208616, 511767.589099999517202 ], [ 352836.436000000685453, 511736.949500000104308 ], [ 352831.726300001144409, 511724.531199999153614 ], [ 352818.592799998819828, 511692.5844 ], [ 352786.877099998295307, 511630.7961 ], [ 352744.276900000870228, 511569.300300000235438 ], [ 352687.541000001132488, 511508.957900000736117 ], [ 352684.752300001680851, 511503.233200000599027 ], [ 352591.942699998617172, 511426.481799999251962 ], [ 352538.575100000947714, 511373.571100000292063 ], [ 352534.632100000977516, 511369.698000000789762 ], [ 352499.368299998342991, 511326.227 ], [ 352460.102600000798702, 511258.276399999856949 ], [ 352441.670099999755621, 511219.596400000154972 ], [ 352421.988800000399351, 511168.430600000545382 ], [ 352391.284499999135733, 511082.278400000184774 ], [ 352378.177499998360872, 511036.896199999377131 ], [ 352371.756999999284744, 511007.604299999773502 ], [ 352364.8581000007689, 510959.7027000002563 ], [ 352368.901099998503923, 510870.079 ], [ 352371.0011, 510785.182700000703335 ], [ 352372.437699999660254, 510711.342199999839067 ], [ 352383.565799999982, 510521.257699999958 ], [ 352351.654699999839067, 510534.823300000280142 ], [ 352283.88399999961, 510563.680500000715256 ], [ 352231.226799998432398, 510586.16499999911 ], [ 352069.73930000141263, 510660.404799999669194 ], [ 352027.712000001221895, 510688.296700000762939 ], [ 352015.618599999696016, 510698.949500000104308 ], [ 351971.197500001639128, 510737.931600000709295 ], [ 351957.74040000140667, 510751.434499999508262 ], [ 351946.870099999010563, 510762.366399999707937 ], [ 351916.005699999630451, 510783.819199999794364 ], [ 351891.443999998271465, 510793.350600000470877 ], [ 351827.659699998795986, 510812.425000000745058 ], [ 351693.479400001466274, 510849.269899999722838 ], [ 351565.168099999427795, 510882.014000000432134 ], [ 351554.306699998676777, 510885.444299999624491 ], [ 351549.45890000090003, 510887.017899999395013 ], [ 351498.161400001496077, 510903.185499999672174 ], [ 351453.7162000015378, 510913.503100000321865 ], [ 351414.592000000178814, 510922.716600000858307 ], [ 351385.745299998670816, 510930.489 ], [ 351349.729600001126528, 510940.1787 ], [ 351319.039700001478195, 510948.652300000190735 ], [ 351317.622299998998642, 510949.036399999633431 ], [ 351196.287300001829863, 510978.740800000727177 ], [ 351173.464600000530481, 510984.433299999684095 ], [ 351157.682, 510987.418999999761581 ], [ 351156.269600000232458, 510987.691500000655651 ], [ 351147.404500000178814, 510988.8607 ], [ 351135.139299999923, 510990.548800000920892 ], [ 351099.7511, 510995.4528 ], [ 351077.557399999350309, 510998.150399999693036 ], [ 351058.013999998569489, 511000.519300000742078 ], [ 351046.673099998384714, 511001.801300000399351 ], [ 351012.475900001823902, 511005.863299999386072 ], [ 350997.488299999386072, 511007.653300000354648 ], [ 350800.284099999815226, 511032.275299999862909 ], [ 350788.903099998831749, 511034.45160000026226 ], [ 350763.650299999862909, 511039.252299999818206 ], [ 350752.548000000417233, 511042.561000000685453 ], [ 350741.046599999070168, 511047.419299999251962 ], [ 350718.222100000828505, 511060.503499999642372 ], [ 350596.691399998962879, 511133.207100000232458 ], [ 350553.350000001490116, 511159.367799999192357 ], [ 350523.235100001096725, 511175.260600000619888 ], [ 350506.445599999278784, 511182.345599999651313 ], [ 350489.639199998229742, 511187.973999999463558 ], [ 350461.728799998760223, 511195.119899999350309 ], [ 350433.353500001132488, 511199.781500000506639 ], [ 350399.29, 511202.7324 ], [ 350231.028400000184774, 511204.7039 ], [ 350198.497499998658895, 511204.700999999418855 ], [ 350141.020399998873472, 511202.6842 ], [ 350071.777800001204014, 511198.572699999436736 ], [ 349985.88230000063777, 511194.8355 ], [ 349904.62950000166893, 511190.411499999463558 ], [ 349790.986000001430511, 511182.857999999076128 ], [ 349653.160000000149012, 511176.463099999353 ], [ 349607.219599999487, 511174.294800000265241 ], [ 349296.348400000482798, 511164.529899999499321 ], [ 349226.034099999815226, 511162.281700000166893 ], [ 349224.818399999290705, 511163.683000000193715 ], [ 349220.30460000038147, 511168.856100000441074 ], [ 349189.6162, 511212.386099999770522 ], [ 349062.768599998206, 511387.891699999570847 ], [ 348919.252399999648333, 511586.392599999905 ], [ 348891.153599999845028, 511616.2664 ], [ 348884.985800001770258, 511628.979900000616908 ], [ 348877.183899998664856, 511645.091600000858307 ], [ 348860.423000000417233, 511668.193499999120831 ], [ 348859.371899999678135, 511669.602199999616 ], [ 348854.106300000101328, 511676.869200000539422 ], [ 348831.987700000405312, 511707.458100000396371 ], [ 348799.066700000315905, 511753.129000000655651 ], [ 348741.315799999982, 511832.963099999353 ], [ 348695.738000001758337, 511896.5449 ], [ 348656.91499999911, 511960.092399999499321 ], [ 348638.767200000584126, 511997.689300000667572 ], [ 348630.206300001591444, 512017.910299999639392 ], [ 348621.961500000208616, 512040.272900000214577 ], [ 348613.905900001525879, 512065.77930000051856 ], [ 348540.107500001788139, 512333.6853 ], [ 348531.566399998962879, 512364.544700000435114 ], [ 348523.30689999833703, 512394.632799999788404 ], [ 348491.611299999058247, 512516.276900000870228 ], [ 348461.286699999123812, 512629.360099999234 ], [ 348437.336500000208616, 512715.854299999773502 ], [ 348427.100299999117851, 512745.966099999845028 ], [ 348406.613899998366833, 512795.439799999818206 ], [ 348391.048900000751019, 512826.881599999964 ], [ 348371.474899999797344, 512859.600199999287724 ], [ 348344.803899999707937, 512900.064200000837445 ], [ 348332.02140000090003, 512918.977299999445677 ], [ 348276.852699998766184, 513000.272099999710917 ], [ 348239.6864, 513056.392200000584126 ], [ 348189.576999999582767, 513129.5152000002563 ], [ 348178.117499999701977, 513146.471899999305606 ], [ 348117.197200000286102, 513236.80460000038147 ], [ 348112.348999999463558, 513243.978599999 ], [ 348101.596999999135733, 513259.847200000658631 ], [ 348378.90260000154376, 513488.543600000441074 ], [ 348467.034200001507998, 513563.354299999773502 ], [ 348546.265700001269579, 513630.938400000333786 ], [ 348594.125700000673532, 513670.921299999579787 ], [ 348619.597899999469519, 513692.325500000268221 ], [ 348661.459499999880791, 513728.345899999141693 ], [ 348698.724700000137091, 513760.354299999773502 ], [ 348715.011900000274181, 513775.414100000634789 ], [ 348742.853100001811981, 513802.746899999678135 ], [ 348772.890000000596046, 513832.529400000348687 ], [ 348800.068399999290705, 513859.94480000063777 ], [ 348884.652399998158216, 513945.798900000751019 ], [ 348944.566500000655651, 514007.037399999797344 ], [ 349062.136300001293421, 514128.407099999487 ], [ 349266.617499999701977, 514338.540300000458956 ], [ 349408.856499999761581, 514487.892000000923872 ], [ 349555.353599999, 514630.270700000226498 ], [ 349604.584300000220537, 514679.838999999687076 ], [ 349638.320500001311302, 514713.261499999091029 ], [ 349675.693300001323223, 514748.190799999982 ], [ 349733.22520000115037, 514807.201199999079108 ], [ 349815.375, 514897.323400000110269 ], [ 349832.348799999803305, 514915.327500000596046 ], [ 349852.904399998486042, 514936.067500000819564 ], [ 349872.817600000649691, 514956.442900000140071 ], [ 349890.966400001198053, 514973.939999999478459 ], [ 349909.105099998414516, 514991.660599999129772 ], [ 349925.008600000292063, 515007.825400000438094 ], [ 349940.576400000602007, 515022.295700000599027 ], [ 349957.003699999302626, 515034.117200000211596 ], [ 349978.946100000292063, 515051.4485 ], [ 349997.989199999719858, 515065.514799999073148 ], [ 350014.971299998462, 515077.8092 ], [ 350032.4814000017941, 515089.343499999493361 ], [ 350056.346099998801947, 515104.186000000685453 ], [ 350088.008900001645088, 515123.185200000181794 ], [ 350145.446499999613, 515152.970100000500679 ], [ 350213.34180000051856, 515182.664599999785423 ], [ 350218.767099998891354, 515171.822899999097 ], [ 350220.304000001400709, 515168.756599999964 ], [ 350233.956900000572205, 515141.488199999555945 ], [ 350237.558200001716614, 515119.927400000393391 ], [ 350248.943599998950958, 515051.463899999856949 ], [ 350297.164799999445677, 514971.104299999773502 ], [ 350338.980599999427795, 514901.430800000205636 ], [ 350392.247099999338388, 514952.640900000929832 ], [ 350396.26630000025034, 514956.628299999982 ], [ 350400.301199998706579, 514951.098899999633431 ], [ 350410.395700000226498, 514937.107599999755621 ], [ 350440.398499999195337, 514833.536800000816584 ], [ 350455.148400001227856, 514624.139699999243021 ], [ 350443.387200001627207, 514495.515599999576807 ], [ 350437.972300000488758, 514449.252000000327826 ], [ 350421.025400001555681, 514379.292600000277162 ], [ 350388.479899998754263, 514262.500499999150634 ], [ 350363.857900001108646, 514194.771999999880791 ], [ 350353.122499998658895, 514153.308399999514222 ], [ 350309.458700001239777, 514042.064099999144673 ], [ 350222.054900001734495, 513819.348699999973 ], [ 350191.418400000780821, 513771.84180000051856 ], [ 350098.221599999815226, 513711.228399999439716 ], [ 350051.323100000619888, 513688.522900000214577 ], [ 350024.665199998766184, 513664.261399999260902 ], [ 350000.723999999463558, 513581.224199999123812 ], [ 349993.339200001209974, 513521.883400000631809 ], [ 349971.4835, 513449.2412 ], [ 349898.376400001347065, 513281.924399999902 ], [ 349892.1239, 513261.601099999621511 ], [ 349889.613499999046326, 513253.314600000157952 ], [ 349890.698399998247623, 513173.974099999293685 ], [ 349884.745299998670816, 513150.640900000929832 ], [ 349881.809799998998642, 513138.976099999621511 ], [ 349881.247600000351667, 513136.823400000110269 ], [ 349875.938799999654293, 513115.646600000560284 ], [ 349873.627599999308586, 513106.585200000554323 ], [ 349871.541000001132488, 513096.190099999308586 ], [ 349871.986600000411272, 513086.244400000199676 ], [ 349870.4662000015378, 513081.585400000214577 ], [ 349867.699200000613928, 513073.511399999260902 ], [ 349864.720600001513958, 513064.643999999389052 ], [ 349850.9824, 513023.941999999806285 ], [ 349850.482200000435114, 513022.240000000223517 ], [ 349819.593600001186132, 512930.605599999427795 ], [ 349807.529599998146296, 512894.793500000610948 ], [ 349821.912599999457598, 512884.352399999275804 ], [ 349869.766600001603365, 512849.096999999135733 ], [ 349877.664200000464916, 512843.740199999883771 ], [ 349880.030200000852346, 512842.390599999576807 ], [ 349885.10080000013113, 512839.482499999925 ], [ 349916.205200001597404, 512819.713099999353 ], [ 349922.486499998719, 512815.515599999576807 ], [ 349941.723700001835823, 512792.303300000727177 ], [ 349982.696800000965595, 512743.415300000458956 ], [ 350024.577399998903275, 512692.664499999955 ], [ 350047.104200001806021, 512671.3914 ], [ 350086.13060000166297, 512634.73369999975 ], [ 350123.3564000017941, 512599.675100000575185 ], [ 350139.322599999606609, 512557.616800000891089 ], [ 350173.634700000286102, 512515.933199999853969 ], [ 350239.03770000115037, 512467.693800000473857 ], [ 350265.178599998354912, 512448.4868 ], [ 350389.902300000190735, 512390.368200000375509 ], [ 350397.048000000417233, 512387.105699999257922 ], [ 350413.028099998831749, 512379.648499999195337 ], [ 350440.609799999744, 512366.889299999923 ], [ 350446.497999999672174, 512321.91579999961 ], [ 350468.207100000232458, 512278.547900000587106 ], [ 350474.377099998295307, 512265.835699999704957 ], [ 350501.349399998784065, 512211.618599999696016 ], [ 350552.557199999690056, 512145.836300000548363 ], [ 350598.538899999111891, 512086.426100000739098 ], [ 350649.578899998217821, 512020.748500000685453 ], [ 350674.773099999875, 511987.839199999347329 ], [ 350689.4831000007689, 511968.344200000166893 ], [ 350700.423399999738, 511953.942700000479817 ], [ 350708.388900000602007, 511943.438799999654293 ], [ 350718.718899998813868, 511929.793800000101328 ], [ 350731.058299999684095, 511917.246799999848008 ], [ 350749.499000001698732, 511899.039200000464916 ], [ 350771.649199999869, 511877.0789 ], [ 350798.458399999886751, 511850.401200000196695 ], [ 350818.6233000010252, 511830.479399999603629 ], [ 350841.723200000822544, 511807.554300000891089 ], [ 350869.960200000554323, 511780.268999999389052 ], [ 350934.494300000369549, 511746.104399999603629 ], [ 350968.318399999290705, 511752.10329999961 ], [ 351047.172600001096725, 511767.628499999642372 ], [ 351081.706099998206, 511774.331700000911951 ], [ 351260.55460000038147, 511826.043700000271201 ], [ 351343.100699998438358, 511872.979199999943 ], [ 351520.547400001436472, 511972.223899999633431 ], [ 351522.2331000007689, 511973.195599999278784 ], [ 351575.812199998646975, 512014.126900000497699 ], [ 351640.991999998688698, 512064.426999999210238 ], [ 351676.927499998360872, 512105.796499999240041 ], [ 351694.881700001657009, 512125.864700000733137 ], [ 351697.7346, 512128.344699999317527 ], [ 351703.529199998825788, 512134.988299999386072 ], [ 351713.159600000828505, 512146.059599999338388 ], [ 351720.753800000995398, 512154.799799999222159 ], [ 351748.544199999421835, 512186.844699999317527 ], [ 351753.238499999046326, 512192.31900000013411 ], [ 351761.696400001645088, 512201.994000000879169 ], [ 351790.900299999862909, 512235.558399999514222 ], [ 351793.404199998825788, 512238.470599999651313 ], [ 351837.713500000536442, 512289.511900000274181 ], [ 351841.389800000935793, 512293.820599999278784 ], [ 351848.433600001037121, 512301.976299999281764 ], [ 351893.36939999833703, 512353.718000000342727 ], [ 351913.867800001055002, 512388.570199999958 ], [ 351929.932, 512415.832299999892712 ], [ 351968.942299999296665, 512482.088300000876188 ], [ 352236.892400000244379, 512761.454600000753999 ], [ 352248.139400001615286, 512773.159399999305606 ], [ 352265.678100001066923, 512791.418700000271201 ], [ 352268.129799999296665, 512793.6568 ], [ 352270.065900001674891, 512745.258799999952 ], [ 352270.647199999541044, 512734.199500000104308 ], [ 352270.792300000786781, 512723.680299999192357 ], [ 352277.978700000792742, 512604.526599999517202 ], [ 352438.92119999975, 512771.465399999171495 ], [ 352776.480700001120567, 513199.000600000843406 ] ] ] } },
{ "type": "Feature", "properties": { "IA_blck_gr": "G19011300010021", "IA_blck__1": "1", "IA_blck__2": "Block Group 1", "blck_grp_I": 656, "blck_grp_1": 29560800, "Shape_Leng": 4510.3710221399997, "Shape_Area": 785186.17668300006 }, "geometry": { "type": "Polygon", "coordinates": [ [ [ 350361.552400000393391, 508714.471999999135733 ], [ 350361.868799999356, 508694.553999999538064 ], [ 350370.376299999654293, 508480.943900000303984 ], [ 350283.404100000858307, 508478.500099999830127 ], [ 350208.597699999809265, 508478.506400000303984 ], [ 350197.66160000115633, 508481.711500000208616 ], [ 350117.034299999475479, 508495.790999999269843 ], [ 350038.628499999642372, 508528.33530000038445 ], [ 349953.953000001609325, 508581.315600000321865 ], [ 349885.613200001418591, 508633.796399999409914 ], [ 349810.282900001853704, 508687.8684 ], [ 349755.492499999701977, 508717.441400000825524 ], [ 349724.282200001180172, 508730.041699999943 ], [ 349681.579900000244379, 508736.192900000140071 ], [ 349648.772199999541044, 508736.628299999982 ], [ 349605.924600001424551, 508733.143300000578165 ], [ 349347.987300001084805, 508722.054300000891089 ], [ 349250.341899998486042, 508720.712400000542402 ], [ 349229.842599999159575, 509124.035599999129772 ], [ 349228.2445, 509156.101700000464916 ], [ 349227.056099999696016, 509179.003900000825524 ], [ 349218.524099998176098, 509349.611899999902 ], [ 349217.587699998170137, 509368.718100000172853 ], [ 349209.350400000810623, 509532.732300000265241 ], [ 349328.155600000172853, 509535.915999999269843 ], [ 349603.607299998402596, 509543.422199999914 ], [ 349610.435600001364946, 509543.615800000727177 ], [ 349625.07880000025034, 509544.0471 ], [ 349826.457100000232458, 509550.1502 ], [ 349842.004599999636412, 509550.622500000521541 ], [ 349921.966899998486042, 509552.971799999475479 ], [ 349985.549699999392033, 509555.036000000312924 ], [ 350011.542700000107288, 509555.86460000090301 ], [ 350099.155499998480082, 509558.446499999613 ], [ 350103.572000000625849, 509472.757500000298023 ], [ 350021.2949, 509468.735099999234 ], [ 350031.98369999975, 509255.896299999207258 ], [ 350042.325300000607967, 509254.903999999165535 ], [ 350067.478799998760223, 509248.752399999648333 ], [ 350074.253199998289347, 509246.480399999767542 ], [ 350094.171100001782179, 509235.839299999177456 ], [ 350081.469000000506639, 509208.619300000369549 ], [ 350078.742600001394749, 509201.442500000819564 ], [ 350074.300900001078844, 509177.392200000584126 ], [ 350073.02250000089407, 509156.283099999651313 ], [ 350075.883600000292063, 509072.20380000025034 ], [ 350078.781899999827147, 508989.133799999952 ], [ 349995.490899998694658, 508983.722699999809265 ], [ 350004.023600000888109, 508830.022900000214577 ], [ 350036.361900001764297, 508832.703299999237061 ], [ 350064.239199999719858, 508830.144999999552965 ], [ 350074.254099998623133, 508821.747400000691414 ], [ 350100.1765, 508803.9846 ], [ 350103.662599999457598, 508801.565300000831485 ], [ 350117.862700000405312, 508795.370899999514222 ], [ 350139.8706, 508791.429999999701977 ], [ 350173.3902000002563, 508793.49210000038147 ], [ 350199.266499999911, 508793.308199999853969 ], [ 350202.925900001078844, 508709.824200000613928 ], [ 350275.061099998652935, 508712.385800000280142 ], [ 350361.552400000393391, 508714.471999999135733 ] ] ] } },
{ "type": "Feature", "properties": { "IA_blck_gr": "G19011300010022", "IA_blck__1": "2", "IA_blck__2": "Block Group 2", "blck_grp_I": 1051, "blck_grp_1": 32237700, "Shape_Leng": 3146.8878040300001, "Shape_Area": 417598.16309400002 }, "geometry": { "type": "Polygon", "coordinates": [ [ [ 350691.400299999862909, 509241.571799999103 ], [ 350668.728399999439716, 509252.983799999579787 ], [ 350650.421, 509257.089099999517202 ], [ 350622.955099999905, 509254.176799999549985 ], [ 350576.06529999896884, 509230.684800000861287 ], [ 350565.954199999570847, 509226.535900000482798 ], [ 350513.77930000051856, 509214.340900000184774 ], [ 350465.301899999380112, 509209.702600000426173 ], [ 350466.319499999284744, 509168.652300000190735 ], [ 350469.152800001204014, 509129.362999999895692 ], [ 350471.932100001722574, 509096.79 ], [ 350469.269099999219179, 509086.368599999696016 ], [ 350467.741099998354912, 509070.846999999135733 ], [ 350464.216899998486042, 509048.405200000852346 ], [ 350448.951799999923, 508984.676699999719858 ], [ 350446.956399999558926, 508964.878900000825524 ], [ 350445.451999999582767, 508888.2182 ], [ 350449.204300001263618, 508802.722799999639392 ], [ 350449.945000000298023, 508771.514000000432134 ], [ 350452.946600001305342, 508717.450899999588728 ], [ 350361.552400000393391, 508714.471999999135733 ], [ 350275.061099998652935, 508712.385800000280142 ], [ 350202.925900001078844, 508709.824200000613928 ], [ 350199.266499999911, 508793.308199999853969 ], [ 350173.3902000002563, 508793.49210000038147 ], [ 350139.8706, 508791.429999999701977 ], [ 350117.862700000405312, 508795.370899999514222 ], [ 350103.662599999457598, 508801.565300000831485 ], [ 350100.1765, 508803.9846 ], [ 350074.254099998623133, 508821.747400000691414 ], [ 350064.239199999719858, 508830.144999999552965 ], [ 350036.361900001764297, 508832.703299999237061 ], [ 350004.023600000888109, 508830.022900000214577 ], [ 349995.490899998694658, 508983.722699999809265 ], [ 350078.781899999827147, 508989.133799999952 ], [ 350075.883600000292063, 509072.20380000025034 ], [ 350073.02250000089407, 509156.283099999651313 ], [ 350074.300900001078844, 509177.392200000584126 ], [ 350078.742600001394749, 509201.442500000819564 ], [ 350081.469000000506639, 509208.619300000369549 ], [ 350094.171100001782179, 509235.839299999177456 ], [ 350074.253199998289347, 509246.480399999767542 ], [ 350067.478799998760223, 509248.752399999648333 ], [ 350042.325300000607967, 509254.903999999165535 ], [ 350031.98369999975, 509255.896299999207258 ], [ 350021.2949, 509468.735099999234 ], [ 350103.572000000625849, 509472.757500000298023 ], [ 350099.155499998480082, 509558.446499999613 ], [ 350416.70890000090003, 509573.131100000813603 ], [ 350469.507100000977516, 509575.0515 ], [ 350552.655299998819828, 509577.998099999502301 ], [ 350610.5504, 509580.148299999535084 ], [ 350693.457100000232458, 509582.973500000312924 ], [ 350704.908700000494719, 509289.321100000292063 ], [ 350702.801899999380112, 509270.190099999308586 ], [ 350691.400299999862909, 509241.571799999103 ] ] ] } },
{ "type": "Feature", "properties": { "IA_blck_gr": "G19011300010023", "IA_blck__1": "3", "IA_blck__2": "Block Group 3", "blck_grp_I": 1778, "blck_grp_1": 51502400, "Shape_Leng": 3296.9922048499998, "Shape_Area": 688720.66325400001 }, "geometry": { "type": "Polygon", "coordinates": [ [ [ 350197.66160000115633, 508481.711500000208616 ], [ 350207.688999999314547, 508125.619599999859929 ], [ 350212.793999999761581, 508083.408299999311566 ], [ 350253.248100001364946, 508022.736899999902 ], [ 350153.814699999988, 507963.634800000116229 ], [ 350122.363800000399351, 507953.938999999314547 ], [ 350075.315099999308586, 507930.107100000604987 ], [ 349991.979899998754263, 507927.269999999552965 ], [ 349948.128299999982, 507925.86600000038743 ], [ 349901.375900000333786, 507926.683800000697374 ], [ 349892.968800000846386, 507926.755300000309944 ], [ 349879.5559, 507926.378699999302626 ], [ 349866.39469999819994, 507925.901399999856949 ], [ 349691.927700001746416, 507919.547599999234 ], [ 349685.8902000002563, 507920.061300000175834 ], [ 349660.307799998670816, 507919.140499999747 ], [ 349579.454300001263618, 507916.082900000736117 ], [ 349427.148299999535084, 507911.622300000861287 ], [ 349379.160300001502037, 507910.596400000154972 ], [ 349280.799800001084805, 507908.438899999484 ], [ 349275.925599999725819, 508006.426400000229478 ], [ 349272.38120000064373, 508135.491399999707937 ], [ 349269.041900001466274, 508256.278899999335408 ], [ 349261.169599998742342, 508452.673000000417233 ], [ 349252.705200001597404, 508664.157199999317527 ], [ 349250.341899998486042, 508720.712400000542402 ], [ 349347.987300001084805, 508722.054300000891089 ], [ 349605.924600001424551, 508733.143300000578165 ], [ 349648.772199999541044, 508736.628299999982 ], [ 349681.579900000244379, 508736.192900000140071 ], [ 349724.282200001180172, 508730.041699999943 ], [ 349755.492499999701977, 508717.441400000825524 ], [ 349810.282900001853704, 508687.8684 ], [ 349885.613200001418591, 508633.796399999409914 ], [ 349953.953000001609325, 508581.315600000321865 ], [ 350038.628499999642372, 508528.33530000038445 ], [ 350117.034299999475479, 508495.790999999269843 ], [ 350197.66160000115633, 508481.711500000208616 ] ] ] } },
{ "type": "Feature", "properties": { "IA_blck_gr": "G19011300010041", "IA_blck__1": "1", "IA_blck__2": "Block Group 1", "blck_grp_I": 1225, "blck_grp_1": 52134700, "Shape_Leng": 4107.3336445900004, "Shape_Area": 723529.17631899996 }, "geometry": { "type": "Polygon", "coordinates": [ [ [ 350691.400299999862909, 509241.571799999103 ], [ 350696.765299998223782, 509237.669399999082088 ], [ 350702.932300001382828, 509234.251000000163913 ], [ 350714.929499998688698, 509229.414499999955 ], [ 350752.3717, 509221.129300000146031 ], [ 350791.460799999535084, 509220.196799999103 ], [ 350876.032600000500679, 509224.554300000891089 ], [ 350955.771800000220537, 509226.4561 ], [ 351035.816700000315905, 509230.723999999463558 ], [ 351352.789099998772144, 509242.172599999234 ], [ 351475.114399999380112, 509245.994899999350309 ], [ 351532.223299998790026, 509245.540899999439716 ], [ 351554.52479999884963, 509247.888000000268221 ], [ 351568.89130000025034, 509238.008500000461936 ], [ 351607.995400000363588, 509225.7708 ], [ 351594.890799999237061, 509202.113399999216199 ], [ 351591.1195, 509170.589600000530481 ], [ 351595.614999998360872, 509143.916999999433756 ], [ 351601.828699998557568, 508993.024700000882149 ], [ 351604.284099999815226, 508929.307 ], [ 351604.132100000977516, 508905.224600000306964 ], [ 351614.500399999320507, 508878.032299999147654 ], [ 351650.205099999905, 508818.722400000318885 ], [ 351656.253199998289347, 508797.830399999395013 ], [ 351666.172499999403954, 508551.809599999338388 ], [ 351670.613299999386072, 508400.052799999713898 ], [ 351647.128199998289347, 508398.323999999091029 ], [ 351630.049600001424551, 508395.20380000025034 ], [ 351608.248799998313189, 508387.167999999597669 ], [ 351585.709600001573563, 508375.403699999675155 ], [ 351571.608899999409914, 508364.691099999472499 ], [ 351534.105999998748302, 508337.5844 ], [ 351516.343600001186132, 508324.019500000402331 ], [ 351488.947999998927116, 508312.1491 ], [ 351446.2423, 508303.621300000697374 ], [ 351378.106899999082088, 508301.788899999111891 ], [ 351277.545800000429153, 508299.1711 ], [ 351270.782900001853704, 508348.810100000351667 ], [ 351270.231199998408556, 508351.920700000599027 ], [ 351265.380699999630451, 508377.346000000834465 ], [ 351261.259199999272823, 508392.053999999538064 ], [ 351251.416200000792742, 508409.416300000622869 ], [ 351238.692099999636412, 508428.552799999713898 ], [ 351203.735599998384714, 508469.421700000762939 ], [ 351166.874699998646975, 508541.671499999240041 ], [ 351148.677400000393391, 508574.447499999776483 ], [ 351130.568999998271465, 508638.245899999514222 ], [ 351121.954100001603365, 508793.285800000652671 ], [ 351116.311599999666214, 508812.516699999570847 ], [ 351105.632100000977516, 508830.177300000563264 ], [ 351084.608899999409914, 508852.524399999529123 ], [ 351062.5912000015378, 508862.173000000417233 ], [ 350986.874099999666214, 508823.83390000090003 ], [ 350931.534099999815226, 508784.8429000005126 ], [ 350923.88399999961, 508780.915999999269843 ], [ 350897.245700001716614, 508779.719599999487 ], [ 350808.909200001507998, 508776.536800000816584 ], [ 350778.328200001269579, 508778.747099999338388 ], [ 350769.126800000667572, 508780.013699999079108 ], [ 350759.837099999189377, 508785.083699999377131 ], [ 350747.113200001418591, 508793.246899999678135 ], [ 350733.92509999871254, 508804.412599999457598 ], [ 350718.729699999094009, 508812.576799999923 ], [ 350626.456099998206, 508812.690600000321865 ], [ 350536.15989999845624, 508807.295399999246001 ], [ 350449.204300001263618, 508802.722799999639392 ], [ 350445.451999999582767, 508888.2182 ], [ 350446.956399999558926, 508964.878900000825524 ], [ 350448.951799999923, 508984.676699999719858 ], [ 350464.216899998486042, 509048.405200000852346 ], [ 350467.741099998354912, 509070.846999999135733 ], [ 350469.269099999219179, 509086.368599999696016 ], [ 350471.932100001722574, 509096.79 ], [ 350469.152800001204014, 509129.362999999895692 ], [ 350466.319499999284744, 509168.652300000190735 ], [ 350465.301899999380112, 509209.702600000426173 ], [ 350513.77930000051856, 509214.340900000184774 ], [ 350565.954199999570847, 509226.535900000482798 ], [ 350576.06529999896884, 509230.684800000861287 ], [ 350622.955099999905, 509254.176799999549985 ], [ 350650.421, 509257.089099999517202 ], [ 350668.728399999439716, 509252.983799999579787 ], [ 350691.400299999862909, 509241.571799999103 ] ] ] } },
{ "type": "Feature", "properties": { "IA_blck_gr": "G19011300010042", "IA_blck__1": "2", "IA_blck__2": "Block Group 2", "blck_grp_I": 1502, "blck_grp_1": 43237300, "Shape_Leng": 4046.1575128099998, "Shape_Area": 546688.34321900003 }, "geometry": { "type": "Polygon", "coordinates": [ [ [ 351277.545800000429153, 508299.1711 ], [ 351199.431400001049042, 508297.563500000163913 ], [ 351149.878299999982, 508296.568299999460578 ], [ 351108.141399998217821, 508295.8125 ], [ 351045.013399999588728, 508296.223600000143051 ], [ 351023.372000001370907, 508293.7956000007689 ], [ 351005.471400000154972, 508296.126900000497699 ], [ 350993.124899998307228, 508297.699899999424815 ], [ 350970.403999999165535, 508304.629899999126792 ], [ 350951.348000001162291, 508312.508400000631809 ], [ 350921.585400000214577, 508336.814899999648333 ], [ 350888.820799998939037, 508383.942700000479817 ], [ 350865.817299999296665, 508371.487800000235438 ], [ 350858.331199999898672, 508367.568299999460578 ], [ 350853.426199998706579, 508364.884500000625849 ], [ 350817.383600000292063, 508345.573400000110269 ], [ 350723.894400000572205, 508291.881699999794364 ], [ 350701.576400000602007, 508276.994599999859929 ], [ 350477.467500001192093, 508152.384500000625849 ], [ 350480.851700000464916, 508064.072499999776483 ], [ 350481.13740000128746, 508057.702500000596046 ], [ 350483.493200000375509, 507995.995400000363588 ], [ 350485.432900000363588, 507943.563999999314547 ], [ 350075.315099999308586, 507930.107100000604987 ], [ 350122.363800000399351, 507953.938999999314547 ], [ 350153.814699999988, 507963.634800000116229 ], [ 350253.248100001364946, 508022.736899999902 ], [ 350212.793999999761581, 508083.408299999311566 ], [ 350207.688999999314547, 508125.619599999859929 ], [ 350197.66160000115633, 508481.711500000208616 ], [ 350208.597699999809265, 508478.506400000303984 ], [ 350283.404100000858307, 508478.500099999830127 ], [ 350370.376299999654293, 508480.943900000303984 ], [ 350361.868799999356, 508694.553999999538064 ], [ 350361.552400000393391, 508714.471999999135733 ], [ 350452.946600001305342, 508717.450899999588728 ], [ 350449.945000000298023, 508771.514000000432134 ], [ 350449.204300001263618, 508802.722799999639392 ], [ 350536.15989999845624, 508807.295399999246001 ], [ 350626.456099998206, 508812.690600000321865 ], [ 350718.729699999094009, 508812.576799999923 ], [ 350733.92509999871254, 508804.412599999457598 ], [ 350747.113200001418591, 508793.246899999678135 ], [ 350759.837099999189377, 508785.083699999377131 ], [ 350769.126800000667572, 508780.013699999079108 ], [ 350778.328200001269579, 508778.747099999338388 ], [ 350808.909200001507998, 508776.536800000816584 ], [ 350897.245700001716614, 508779.719599999487 ], [ 350923.88399999961, 508780.915999999269843 ], [ 350931.534099999815226, 508784.8429000005126 ], [ 350986.874099999666214, 508823.83390000090003 ], [ 351062.5912000015378, 508862.173000000417233 ], [ 351084.608899999409914, 508852.524399999529123 ], [ 351105.632100000977516, 508830.177300000563264 ], [ 351116.311599999666214, 508812.516699999570847 ], [ 351121.954100001603365, 508793.285800000652671 ], [ 351130.568999998271465, 508638.245899999514222 ], [ 351148.677400000393391, 508574.447499999776483 ], [ 351166.874699998646975, 508541.671499999240041 ], [ 351203.735599998384714, 508469.421700000762939 ], [ 351238.692099999636412, 508428.552799999713898 ], [ 351251.416200000792742, 508409.416300000622869 ], [ 351261.259199999272823, 508392.053999999538064 ], [ 351265.380699999630451, 508377.346000000834465 ], [ 351270.231199998408556, 508351.920700000599027 ], [ 351270.782900001853704, 508348.810100000351667 ], [ 351277.545800000429153, 508299.1711 ] ] ] } },
{ "type": "Feature", "properties": { "IA_blck_gr": "G19011300010043", "IA_blck__1": "3", "IA_blck__2": "Block Group 3", "blck_grp_I": 916, "blck_grp_1": 19117900, "Shape_Leng": 4756.6861028699996, "Shape_Area": 1374522.94771 }, "geometry": { "type": "Polygon", "coordinates": [ [ [ 351717.832600001245737, 507178.789100000634789 ], [ 351350.786200001835823, 507163.0625 ], [ 351310.655900001525879, 507161.258400000631809 ], [ 351272.145100001245737, 507160.087099999189377 ], [ 351022.428199999034405, 507151.8903 ], [ 350964.751699998975, 507149.971799999475479 ], [ 350921.882500000298023, 507148.606499999761581 ], [ 350714.787999998778105, 507141.773499999195337 ], [ 350517.808200001716614, 507135.399700000882149 ], [ 350501.517499998211861, 507557.394899999722838 ], [ 350494.139499999582767, 507749.445699999108911 ], [ 350487.543099999427795, 507896.5152000002563 ], [ 350486.390299998223782, 507922.218800000846386 ], [ 350485.432900000363588, 507943.563999999314547 ], [ 350483.493200000375509, 507995.995400000363588 ], [ 350481.13740000128746, 508057.702500000596046 ], [ 350480.851700000464916, 508064.072499999776483 ], [ 350477.467500001192093, 508152.384500000625849 ], [ 350701.576400000602007, 508276.994599999859929 ], [ 350723.894400000572205, 508291.881699999794364 ], [ 350817.383600000292063, 508345.573400000110269 ], [ 350853.426199998706579, 508364.884500000625849 ], [ 350858.331199999898672, 508367.568299999460578 ], [ 350865.817299999296665, 508371.487800000235438 ], [ 350888.820799998939037, 508383.942700000479817 ], [ 350921.585400000214577, 508336.814899999648333 ], [ 350951.348000001162291, 508312.508400000631809 ], [ 350970.403999999165535, 508304.629899999126792 ], [ 350993.124899998307228, 508297.699899999424815 ], [ 351005.471400000154972, 508296.126900000497699 ], [ 351023.372000001370907, 508293.7956000007689 ], [ 351045.013399999588728, 508296.223600000143051 ], [ 351108.141399998217821, 508295.8125 ], [ 351149.878299999982, 508296.568299999460578 ], [ 351199.431400001049042, 508297.563500000163913 ], [ 351277.545800000429153, 508299.1711 ], [ 351378.106899999082088, 508301.788899999111891 ], [ 351446.2423, 508303.621300000697374 ], [ 351488.947999998927116, 508312.1491 ], [ 351516.343600001186132, 508324.019500000402331 ], [ 351534.105999998748302, 508337.5844 ], [ 351571.608899999409914, 508364.691099999472499 ], [ 351585.709600001573563, 508375.403699999675155 ], [ 351608.248799998313189, 508387.167999999597669 ], [ 351630.049600001424551, 508395.20380000025034 ], [ 351647.128199998289347, 508398.323999999091029 ], [ 351670.613299999386072, 508400.052799999713898 ], [ 351678.0515, 508302.517100000753999 ], [ 351675.675799999386072, 508227.159499999135733 ], [ 351677.164599999785423, 508194.080299999564886 ], [ 351674.830899998545647, 508040.898199999704957 ], [ 351678.875799998641014, 507978.483300000429153 ], [ 351684.658500000834465, 507901.253100000321865 ], [ 351693.252300001680851, 507787.195599999278784 ], [ 351701.372499998658895, 507582.972200000658631 ], [ 351707.286499999463558, 507471.705299999564886 ], [ 351713.455800000578165, 507327.303300000727177 ], [ 351717.832600001245737, 507178.789100000634789 ] ] ] } },
{ "type": "Feature", "properties": { "IA_blck_gr": "G19011300010051", "IA_blck__1": "1", "IA_blck__2": "Block Group 1", "blck_grp_I": 1295, "blck_grp_1": 39742700, "Shape_Leng": 3247.09026073, "Shape_Area": 636741.134433 }, "geometry": { "type": "Polygon", "coordinates": [ [ [ 352436.242800001055002, 509220.2006 ], [ 352452.661200001835823, 508938.416300000622869 ], [ 352451.747699998319149, 508874.658600000664592 ], [ 352456.407600000500679, 508791.44370000064373 ], [ 352461.878600001335144, 508701.2105 ], [ 352464.795400001108646, 508616.461100000888109 ], [ 352469.677400000393391, 508446.135199999436736 ], [ 352409.344999998807907, 508428.408500000834465 ], [ 352381.695399999619, 508424.026100000366569 ], [ 352328.61430000141263, 508419.056900000199676 ], [ 352270.908399999141693, 508419.814400000497699 ], [ 352250.579700000584126, 508419.345899999141693 ], [ 352083.997900001704693, 508415.533399999141693 ], [ 352020.378899998962879, 508412.219000000506639 ], [ 351972.396999999880791, 508409.273700000718236 ], [ 351872.823800001293421, 508406.692700000479817 ], [ 351871.411299999803305, 508434.400100000202656 ], [ 351863.098999999463558, 508463.476600000634789 ], [ 351824.238600000739098, 508541.568399999290705 ], [ 351813.657600000500679, 508551.506100000813603 ], [ 351796.005699999630451, 508555.638499999418855 ], [ 351666.172499999403954, 508551.809599999338388 ], [ 351656.253199998289347, 508797.830399999395013 ], [ 351650.205099999905, 508818.722400000318885 ], [ 351614.500399999320507, 508878.032299999147654 ], [ 351604.132100000977516, 508905.224600000306964 ], [ 351604.284099999815226, 508929.307 ], [ 351601.828699998557568, 508993.024700000882149 ], [ 351595.614999998360872, 509143.916999999433756 ], [ 351591.1195, 509170.589600000530481 ], [ 351594.890799999237061, 509202.113399999216199 ], [ 351607.995400000363588, 509225.7708 ], [ 351636.151999998837709, 509215.168299999088049 ], [ 351643.936999998986721, 509216.078600000590086 ], [ 351681.550000000745058, 509213.180400000885129 ], [ 351690.984400000423193, 509214.052999999374151 ], [ 351790.174899999052286, 509219.41440000012517 ], [ 351843.51069999858737, 509222.264000000432134 ], [ 351968.505699999630451, 509229.013699999079108 ], [ 352290.423300001770258, 509236.803799999878 ], [ 352296.4298, 509236.962799999862909 ], [ 352309.820700000971556, 509232.30350000038743 ], [ 352316.297200001776218, 509229.348099999129772 ], [ 352323.871100001037121, 509223.978800000622869 ], [ 352328.260499998927116, 509219.809499999508262 ], [ 352333.641800001263618, 509210.085999999195337 ], [ 352338.261399999260902, 509198.984400000423193 ], [ 352346.140000000596046, 509177.727700000628829 ], [ 352436.242800001055002, 509220.2006 ] ] ] } },
{ "type": "Feature", "properties": { "IA_blck_gr": "G19011300010052", "IA_blck__1": "2", "IA_blck__2": "Block Group 2", "blck_grp_I": 1403, "blck_grp_1": 27344500, "Shape_Leng": 4319.3789702599997, "Shape_Area": 1002012.97866 }, "geometry": { "type": "Polygon", "coordinates": [ [ [ 352469.677400000393391, 508446.135199999436736 ], [ 352473.581000000238419, 508332.203099999576807 ], [ 352480.653999999165535, 508222.893100000917912 ], [ 352482.599800001829863, 508073.822399999946 ], [ 352482.08729999884963, 508057.786000000312924 ], [ 352487.4309, 507992.294199999421835 ], [ 352495.719700001180172, 507815.849999999627471 ], [ 352499.69310000166297, 507652.872500000521541 ], [ 352499.309099998325109, 507619.372700000181794 ], [ 352499.219399999827147, 507604.923100000247359 ], [ 352498.883499998599291, 507579.488199999555945 ], [ 352494.989100001752377, 507539.782999999821186 ], [ 352485.236600000411272, 507460.060100000351667 ], [ 352483.523800000548363, 507417.653799999505281 ], [ 352485.881000000983477, 507369.0482 ], [ 352486.643699999898672, 507353.964999999850988 ], [ 352490.33390000090003, 507295.900900000706315 ], [ 352497.842099998146296, 507237.225199999287724 ], [ 352507.597899999469519, 507203.6228 ], [ 352351.32319999858737, 507197.247199999168515 ], [ 352323.2982, 507197.439400000497699 ], [ 352320.163199998438358, 507197.521999999880791 ], [ 352234.351199999451637, 507198.245100000873208 ], [ 352217.855799999088049, 507194.926100000739098 ], [ 352154.426600001752377, 507190.835799999535084 ], [ 352060.770399998873472, 507190.087500000372529 ], [ 351968.035599999129772, 507185.350400000810623 ], [ 351717.832600001245737, 507178.789100000634789 ], [ 351713.455800000578165, 507327.303300000727177 ], [ 351707.286499999463558, 507471.705299999564886 ], [ 351701.372499998658895, 507582.972200000658631 ], [ 351693.252300001680851, 507787.195599999278784 ], [ 351684.658500000834465, 507901.253100000321865 ], [ 351678.875799998641014, 507978.483300000429153 ], [ 351674.830899998545647, 508040.898199999704957 ], [ 351677.164599999785423, 508194.080299999564886 ], [ 351675.675799999386072, 508227.159499999135733 ], [ 351678.0515, 508302.517100000753999 ], [ 351670.613299999386072, 508400.052799999713898 ], [ 351666.172499999403954, 508551.809599999338388 ], [ 351796.005699999630451, 508555.638499999418855 ], [ 351813.657600000500679, 508551.506100000813603 ], [ 351824.238600000739098, 508541.568399999290705 ], [ 351863.098999999463558, 508463.476600000634789 ], [ 351871.411299999803305, 508434.400100000202656 ], [ 351872.823800001293421, 508406.692700000479817 ], [ 351972.396999999880791, 508409.273700000718236 ], [ 352020.378899998962879, 508412.219000000506639 ], [ 352083.997900001704693, 508415.533399999141693 ], [ 352250.579700000584126, 508419.345899999141693 ], [ 352270.908399999141693, 508419.814400000497699 ], [ 352328.61430000141263, 508419.056900000199676 ], [ 352381.695399999619, 508424.026100000366569 ], [ 352409.344999998807907, 508428.408500000834465 ], [ 352469.677400000393391, 508446.135199999436736 ] ] ] } },
{ "type": "Feature", "properties": { "IA_blck_gr": "G19011300011011", "IA_blck__1": "1", "IA_blck__2": "Block Group 1", "blck_grp_I": 2130, "blck_grp_1": 72527700, "Shape_Leng": 5240.6746727399996, "Shape_Area": 1176923.6434200001 }, "geometry": { "type": "Polygon", "coordinates": [ [ [ 354775.439699999988, 510395.932600000873208 ], [ 354776.594900000840425, 510366.870400000363588 ], [ 354783.810400001704693, 510251.522700000554323 ], [ 354788.814599998295307, 510132.267200000584126 ], [ 354846.330400001257658, 510133.64780000038445 ], [ 354849.968600001186132, 510069.872300000861287 ], [ 354855.973299998790026, 509955.813100000843406 ], [ 354864.033199999481, 509841.847100000828505 ], [ 354871.115800000727177, 509725.821000000461936 ], [ 354804.048799999058247, 509720.647199999541044 ], [ 354608.490600001066923, 509716.919399999082088 ], [ 354468.589899998158216, 509712.0263 ], [ 354440.953000001609325, 509711.108300000429153 ], [ 354320.540300000458956, 509706.990000000223517 ], [ 354153.983899999409914, 509701.341499999165535 ], [ 354009.551399998366833, 509696.475199999287724 ], [ 354004.705400001257658, 509772.51410000026226 ], [ 353992.594999998807907, 509848.895500000566244 ], [ 354002.864900000393391, 509894.936799999326468 ], [ 354014.307599999010563, 509927.817500000819564 ], [ 354026.718400001525879, 509948.4243 ], [ 354035.847899999469519, 509979.632400000467896 ], [ 354034.96680000051856, 510022.704700000584126 ], [ 354034.713599998503923, 510028.292199999094009 ], [ 354013.108600001782179, 510441.413499999791384 ], [ 354010.515700001269579, 510498.629300000146031 ], [ 354010.190400000661612, 510503.98960000090301 ], [ 353992.881799999624491, 510502.421299999579787 ], [ 353938.162200000137091, 510506.660599999129772 ], [ 353897.582600001245737, 510498.7752 ], [ 353866.069400001317263, 510512.576799999923 ], [ 353830.853599999, 510528.114299999549985 ], [ 353816.515299998223782, 510535.5274 ], [ 353799.2939000017941, 510541.130200000479817 ], [ 353796.700199998915195, 510542.020500000566244 ], [ 353774.75560000166297, 510544.609999999403954 ], [ 353717.494699999690056, 510543.136800000444055 ], [ 353697.677200000733137, 510538.76799999923 ], [ 353683.8629, 510530.975999999791384 ], [ 353660.168200001120567, 510514.002100000157952 ], [ 353646.103399999439716, 510508.102299999445677 ], [ 353609.55009999871254, 510505.887800000607967 ], [ 353572.078600000590086, 510505.759299999103 ], [ 353525.0304000005126, 510504.301899999380112 ], [ 353508.069499999284744, 510500.510800000280142 ], [ 353497.317800000309944, 510494.201400000602007 ], [ 353485.317899998277426, 510488.171399999409914 ], [ 353472.535100001841784, 510479.418500000610948 ], [ 353452.8048, 510482.221000000834465 ], [ 353430.751600001007318, 510490.853499999269843 ], [ 353415.657600000500679, 510504.0559 ], [ 353408.423300001770258, 510523.77280000038445 ], [ 353410.012099999934, 510546.912399999797344 ], [ 353428.77140000090003, 510685.718800000846386 ], [ 353432.378299999982, 510700.663200000301003 ], [ 353434.521999999880791, 510716.996999999508262 ], [ 353449.417599998414516, 510735.475600000470877 ], [ 353503.551399998366833, 510776.893699999898672 ], [ 353514.863200001418591, 510812.678899999707937 ], [ 353526.003100000321865, 510903.2138 ], [ 353649.403000000864267, 510908.239700000733137 ], [ 353652.896899998188019, 510909.293800000101328 ], [ 353738.502199999988, 510912.274199999869 ], [ 353906.830899998545647, 510918.219200000166893 ], [ 354191.600699998438358, 510924.631899999454618 ], [ 354336.623500000685453, 510932.32880000025034 ], [ 354344.442099999636412, 510932.459699999541044 ], [ 354540.705499999225, 510938.117900000885129 ], [ 354742.168299999088049, 510945.360999999567866 ], [ 354746.484299998730421, 510844.887599999085069 ], [ 354755.9485, 510699.9682 ], [ 354766.810499999672174, 510536.971200000494719 ], [ 354775.439699999988, 510395.932600000873208 ] ] ] } },
{ "type": "Feature", "properties": { "IA_blck_gr": "G19011300011012", "IA_blck__1": "2", "IA_blck__2": "Block Group 2", "blck_grp_I": 809, "blck_grp_1": 21829300, "Shape_Leng": 5316.2281389299997, "Shape_Area": 715959.69035799999 }, "geometry": { "type": "Polygon", "coordinates": [ [ [ 354009.551399998366833, 509696.475199999287724 ], [ 353853.884300000965595, 509686.847400000318885 ], [ 353809.082299999892712, 509686.609999999403954 ], [ 353705.346200000494719, 509681.688699999824166 ], [ 353535.251899998635054, 509679.588600000366569 ], [ 353485.014199998229742, 509679.3311 ], [ 353413.235399998724461, 509674.515900000929832 ], [ 353325.973700001835823, 509673.25650000013411 ], [ 353282.218800000846386, 509671.725700000301003 ], [ 353253.600400000810623, 509670.655600000172853 ], [ 353155.096500001847744, 509668.441800000146031 ], [ 353051.443799998611212, 509665.324599999934 ], [ 352967.915399998426437, 509661.662399999797344 ], [ 352869.842700000852346, 509659.023700000718236 ], [ 352797.110300000756979, 509657.082599999383092 ], [ 352733.343499999493361, 509655.435100000351667 ], [ 352588.185699999332428, 509650.226299999281764 ], [ 352421.314699999988, 509644.264799999073148 ], [ 352417.442800000309944, 509711.837500000372529 ], [ 352417.032099999487, 509730.071399999782443 ], [ 352413.119800001382828, 509846.017100000753999 ], [ 352815.176100000739098, 509848.039200000464916 ], [ 352842.689899999648333, 509849.841700000688434 ], [ 352860.754999998956919, 509851.105599999427795 ], [ 352939.545800000429153, 509850.185599999502301 ], [ 353057.146699998527765, 509849.004599999636412 ], [ 353144.26069999858737, 509848.01490000076592 ], [ 353206.3235, 509847.237299999222159 ], [ 353246.932, 509847.281700000166893 ], [ 353279.078200001269579, 509846.831700000911951 ], [ 353385.708200000226498, 509849.638599999248981 ], [ 353440.391699999570847, 509853.568199999630451 ], [ 353479.683699999004602, 509859.041200000792742 ], [ 353472.204799998551607, 509938.768100000917912 ], [ 353462.8059, 509949.876800000667572 ], [ 353318.9879, 510073.603000000119209 ], [ 353308.869699999690056, 510084.231300000101328 ], [ 353294.440799999982, 510108.214199999347329 ], [ 353266.646000001579523, 510189.149900000542402 ], [ 353230.143100000917912, 510289.624099999666214 ], [ 353227.921999998390675, 510307.776200000196695 ], [ 353230.586199998855591, 510325.365299999713898 ], [ 353240.088899999856949, 510330.162200000137091 ], [ 353271.247999999672174, 510331.459300000220537 ], [ 353316.029500000178814, 510322.958499999716878 ], [ 353330.048099998384714, 510328.071699999272823 ], [ 353346.261300001293421, 510348.401399999856949 ], [ 353367.388900000602007, 510372.9846 ], [ 353369.9485, 510374.668199999257922 ], [ 353373.046900000423193, 510375.368100000545382 ], [ 353379.910000000149012, 510374.782800000160933 ], [ 353382.770500000566244, 510373.456499999389052 ], [ 353389.128699999302626, 510364.002000000327826 ], [ 353425.720300000160933, 510298.022099999710917 ], [ 353450.293999999761581, 510264.644300000742078 ], [ 353449.313400000333786, 510300.881100000813603 ], [ 353452.573300000280142, 510347.164000000804663 ], [ 353472.535100001841784, 510479.418500000610948 ], [ 353485.317899998277426, 510488.171399999409914 ], [ 353497.317800000309944, 510494.201400000602007 ], [ 353508.069499999284744, 510500.510800000280142 ], [ 353525.0304000005126, 510504.301899999380112 ], [ 353572.078600000590086, 510505.759299999103 ], [ 353609.55009999871254, 510505.887800000607967 ], [ 353646.103399999439716, 510508.102299999445677 ], [ 353660.168200001120567, 510514.002100000157952 ], [ 353683.8629, 510530.975999999791384 ], [ 353697.677200000733137, 510538.76799999923 ], [ 353717.494699999690056, 510543.136800000444055 ], [ 353774.75560000166297, 510544.609999999403954 ], [ 353796.700199998915195, 510542.020500000566244 ], [ 353799.2939000017941, 510541.130200000479817 ], [ 353816.515299998223782, 510535.5274 ], [ 353830.853599999, 510528.114299999549985 ], [ 353866.069400001317263, 510512.576799999923 ], [ 353897.582600001245737, 510498.7752 ], [ 353938.162200000137091, 510506.660599999129772 ], [ 353992.881799999624491, 510502.421299999579787 ], [ 354010.190400000661612, 510503.98960000090301 ], [ 354010.515700001269579, 510498.629300000146031 ], [ 354013.108600001782179, 510441.413499999791384 ], [ 354034.713599998503923, 510028.292199999094009 ], [ 354034.96680000051856, 510022.704700000584126 ], [ 354035.847899999469519, 509979.632400000467896 ], [ 354026.718400001525879, 509948.4243 ], [ 354014.307599999010563, 509927.817500000819564 ], [ 354002.864900000393391, 509894.936799999326468 ], [ 353992.594999998807907, 509848.895500000566244 ], [ 354004.705400001257658, 509772.51410000026226 ], [ 354009.551399998366833, 509696.475199999287724 ] ] ] } },
{ "type": "Feature", "properties": { "IA_blck_gr": "G19011300011013", "IA_blck__1": "3", "IA_blck__2": "Block Group 3", "blck_grp_I": 1281, "blck_grp_1": 59877100, "Shape_Leng": 4827.811096, "Shape_Area": 1050285.98587 }, "geometry": { "type": "Polygon", "coordinates": [ [ [ 353472.535100001841784, 510479.418500000610948 ], [ 353452.573300000280142, 510347.164000000804663 ], [ 353449.313400000333786, 510300.881100000813603 ], [ 353450.293999999761581, 510264.644300000742078 ], [ 353425.720300000160933, 510298.022099999710917 ], [ 353389.128699999302626, 510364.002000000327826 ], [ 353382.770500000566244, 510373.456499999389052 ], [ 353379.910000000149012, 510374.782800000160933 ], [ 353373.046900000423193, 510375.368100000545382 ], [ 353369.9485, 510374.668199999257922 ], [ 353367.388900000602007, 510372.9846 ], [ 353346.261300001293421, 510348.401399999856949 ], [ 353330.048099998384714, 510328.071699999272823 ], [ 353316.029500000178814, 510322.958499999716878 ], [ 353271.247999999672174, 510331.459300000220537 ], [ 353240.088899999856949, 510330.162200000137091 ], [ 353230.586199998855591, 510325.365299999713898 ], [ 353227.921999998390675, 510307.776200000196695 ], [ 353230.143100000917912, 510289.624099999666214 ], [ 353266.646000001579523, 510189.149900000542402 ], [ 353294.440799999982, 510108.214199999347329 ], [ 353308.869699999690056, 510084.231300000101328 ], [ 353318.9879, 510073.603000000119209 ], [ 353462.8059, 509949.876800000667572 ], [ 353472.204799998551607, 509938.768100000917912 ], [ 353479.683699999004602, 509859.041200000792742 ], [ 353440.391699999570847, 509853.568199999630451 ], [ 353385.708200000226498, 509849.638599999248981 ], [ 353279.078200001269579, 509846.831700000911951 ], [ 353246.932, 509847.281700000166893 ], [ 353206.3235, 509847.237299999222159 ], [ 353144.26069999858737, 509848.01490000076592 ], [ 353057.146699998527765, 509849.004599999636412 ], [ 352939.545800000429153, 509850.185599999502301 ], [ 352860.754999998956919, 509851.105599999427795 ], [ 352842.689899999648333, 509849.841700000688434 ], [ 352815.176100000739098, 509848.039200000464916 ], [ 352413.119800001382828, 509846.017100000753999 ], [ 352411.6776, 509907.204500000923872 ], [ 352408.613800000399351, 509958.688400000333786 ], [ 352407.331099998206, 509996.255400000140071 ], [ 352403.765299998223782, 510097.211300000548363 ], [ 352399.373399998992682, 510187.267799999564886 ], [ 352393.023400001227856, 510258.647600000724196 ], [ 352392.061500001698732, 510334.749399999156594 ], [ 352383.565799999982, 510521.257699999958 ], [ 352372.437699999660254, 510711.342199999839067 ], [ 352371.0011, 510785.182700000703335 ], [ 352368.901099998503923, 510870.079 ], [ 352642.368799999356, 510875.029500000178814 ], [ 352744.136500000953674, 510879.400599999353 ], [ 352811.997999999672174, 510881.345499999821186 ], [ 352841.23930000141263, 510883.114299999549985 ], [ 352859.394299998879433, 510884.158299999311566 ], [ 353094.147100001573563, 510892.862800000235438 ], [ 353183.414599999785423, 510894.994899999350309 ], [ 353356.217500001192093, 510900.346499999985 ], [ 353446.434599999338388, 510901.516599999741 ], [ 353526.003100000321865, 510903.2138 ], [ 353514.863200001418591, 510812.678899999707937 ], [ 353503.551399998366833, 510776.893699999898672 ], [ 353449.417599998414516, 510735.475600000470877 ], [ 353434.521999999880791, 510716.996999999508262 ], [ 353432.378299999982, 510700.663200000301003 ], [ 353428.77140000090003, 510685.718800000846386 ], [ 353410.012099999934, 510546.912399999797344 ], [ 353408.423300001770258, 510523.77280000038445 ], [ 353415.657600000500679, 510504.0559 ], [ 353430.751600001007318, 510490.853499999269843 ], [ 353452.8048, 510482.221000000834465 ], [ 353472.535100001841784, 510479.418500000610948 ] ] ] } },
{ "type": "Feature", "properties": { "IA_blck_gr": "G19011300011021", "IA_blck__1": "1", "IA_blck__2": "Block Group 1", "blck_grp_I": 1581, "blck_grp_1": 60935800, "Shape_Leng": 8313.8865713699997, "Shape_Area": 2914487.4005999998 }, "geometry": { "type": "Polygon", "coordinates": [ [ [ 354418.955800000578165, 512588.188400000333786 ], [ 354418.930199999362, 512561.536699999123812 ], [ 354493.98030000180006, 512486.447000000625849 ], [ 354553.905000001192093, 512336.430099999532104 ], [ 354698.292300000786781, 512178.043299999088049 ], [ 355161.843800000846386, 511669.228000000119209 ], [ 355021.793200001120567, 511664.764499999582767 ], [ 354971.528799999505281, 511629.110300000756979 ], [ 354895.942400000989437, 511587.042799999937 ], [ 355023.853300001472235, 511354.900900000706315 ], [ 354959.661800000816584, 511350.191800000146031 ], [ 354942.458599999547005, 511349.969900000840425 ], [ 354923.3651, 511349.662200000137091 ], [ 354832.937399998307228, 511349.584899999201298 ], [ 354833.735399998724461, 511333.832100000232458 ], [ 354843.739, 511204.278999999165535 ], [ 354845.727499999106, 511024.530999999493361 ], [ 354845.169199999421835, 510951.607100000604987 ], [ 354742.168299999088049, 510945.360999999567866 ], [ 354540.705499999225, 510938.117900000885129 ], [ 354344.442099999636412, 510932.459699999541044 ], [ 354336.623500000685453, 510932.32880000025034 ], [ 354191.600699998438358, 510924.631899999454618 ], [ 353906.830899998545647, 510918.219200000166893 ], [ 353738.502199999988, 510912.274199999869 ], [ 353719.021699998527765, 511324.255999999120831 ], [ 353714.813999999314547, 511406.257400000467896 ], [ 353711.505899999290705, 511466.575699999928 ], [ 353688.767400000244379, 511875.94400000013411 ], [ 353675.488600000739098, 512123.7083 ], [ 353427.973799999803305, 512115.750900000333786 ], [ 353075.199700001627207, 512104.4978 ], [ 353019.2423, 512099.9527000002563 ], [ 353010.586500000208616, 512098.329700000584126 ], [ 353003.269499998539686, 512094.41579999961 ], [ 352994.024300001561642, 512087.615299999713898 ], [ 352985.36939999833703, 512080.5055 ], [ 352977.925700001418591, 512072.106699999421835 ], [ 352967.740600001066923, 512058.768999999389052 ], [ 352890.53940000012517, 512074.204500000923872 ], [ 352893.359099999070168, 512146.668700000271201 ], [ 352908.310100000351667, 512544.748299999162555 ], [ 352949.546300001442432, 512665.418500000610948 ], [ 353018.060199998319149, 512803.782199999317527 ], [ 353094.980700001120567, 512965.593699999153614 ], [ 353126.079900000244379, 513080.879100000485778 ], [ 353137.329799998551607, 513161.674399999902 ], [ 353144.839600000530481, 513276.005000000819564 ], [ 353148.241300001740456, 513320.948999999091029 ], [ 353150.544199999421835, 513351.958399999886751 ], [ 353338.913699999451637, 513341.443800000473857 ], [ 353413.982599999755621, 513296.467499999329448 ], [ 353563.958399999886751, 513266.5285 ], [ 353728.9276, 513176.468599999323487 ], [ 354193.9243, 512816.489800000563264 ], [ 354418.973099999129772, 512591.436499999836087 ], [ 354418.955800000578165, 512588.188400000333786 ] ] ] } },
{ "type": "Feature", "properties": { "IA_blck_gr": "G19011300011022", "IA_blck__1": "2", "IA_blck__2": "Block Group 2", "blck_grp_I": 1850, "blck_grp_1": 65545600, "Shape_Leng": 4751.8525354000003, "Shape_Area": 1292706.9541799999 }, "geometry": { "type": "Polygon", "coordinates": [ [ [ 353738.502199999988, 510912.274199999869 ], [ 353652.896899998188019, 510909.293800000101328 ], [ 353649.403000000864267, 510908.239700000733137 ], [ 353526.003100000321865, 510903.2138 ], [ 353446.434599999338388, 510901.516599999741 ], [ 353356.217500001192093, 510900.346499999985 ], [ 353183.414599999785423, 510894.994899999350309 ], [ 353094.147100001573563, 510892.862800000235438 ], [ 352859.394299998879433, 510884.158299999311566 ], [ 352841.23930000141263, 510883.114299999549985 ], [ 352811.997999999672174, 510881.345499999821186 ], [ 352744.136500000953674, 510879.400599999353 ], [ 352642.368799999356, 510875.029500000178814 ], [ 352368.901099998503923, 510870.079 ], [ 352364.8581000007689, 510959.7027000002563 ], [ 352371.756999999284744, 511007.604299999773502 ], [ 352378.177499998360872, 511036.896199999377131 ], [ 352391.284499999135733, 511082.278400000184774 ], [ 352421.988800000399351, 511168.430600000545382 ], [ 352441.670099999755621, 511219.596400000154972 ], [ 352460.102600000798702, 511258.276399999856949 ], [ 352499.368299998342991, 511326.227 ], [ 352534.632100000977516, 511369.698000000789762 ], [ 352538.575100000947714, 511373.571100000292063 ], [ 352591.942699998617172, 511426.481799999251962 ], [ 352684.752300001680851, 511503.233200000599027 ], [ 352687.541000001132488, 511508.957900000736117 ], [ 352744.276900000870228, 511569.300300000235438 ], [ 352786.877099998295307, 511630.7961 ], [ 352818.592799998819828, 511692.5844 ], [ 352831.726300001144409, 511724.531199999153614 ], [ 352836.436000000685453, 511736.949500000104308 ], [ 352847.899000000208616, 511767.589099999517202 ], [ 352866.359999999403954, 511827.435000000521541 ], [ 352875.346900001168251, 511870.952099999412894 ], [ 352883.100400000810623, 511927.178899999707937 ], [ 352889.338500000536442, 512042.460799999535084 ], [ 352890.53940000012517, 512074.204500000923872 ], [ 352967.740600001066923, 512058.768999999389052 ], [ 352977.925700001418591, 512072.106699999421835 ], [ 352985.36939999833703, 512080.5055 ], [ 352994.024300001561642, 512087.615299999713898 ], [ 353003.269499998539686, 512094.41579999961 ], [ 353010.586500000208616, 512098.329700000584126 ], [ 353019.2423, 512099.9527000002563 ], [ 353075.199700001627207, 512104.4978 ], [ 353427.973799999803305, 512115.750900000333786 ], [ 353675.488600000739098, 512123.7083 ], [ 353688.767400000244379, 511875.94400000013411 ], [ 353711.505899999290705, 511466.575699999928 ], [ 353714.813999999314547, 511406.257400000467896 ], [ 353719.021699998527765, 511324.255999999120831 ], [ 353738.502199999988, 510912.274199999869 ] ] ] } },
{ "type": "Feature", "properties": { "IA_blck_gr": "G19011300012001", "IA_blck__1": "1", "IA_blck__2": "Block Group 1", "blck_grp_I": 651, "blck_grp_1": 21902300, "Shape_Leng": 4302.9922307699999, "Shape_Area": 712372.27278600005 }, "geometry": { "type": "Polygon", "coordinates": [ [ [ 355753.958399999886751, 510881.524299999698997 ], [ 355623.700599998235703, 510866.074699999764562 ], [ 355588.193, 510866.249900000169873 ], [ 355631.330699998885393, 510741.900299999862909 ], [ 355653.297200001776218, 510671.904999999329448 ], [ 355666.929499998688698, 510585.964999999850988 ], [ 355588.814899999648333, 510581.176899999380112 ], [ 355565.0493, 510580.319099999964 ], [ 355550.896000001579523, 510580.010800000280142 ], [ 355472.858399998396635, 510575.339500000700355 ], [ 355372.643300000578165, 510571.115599999204278 ], [ 355270.130800001323223, 510564.884999999776483 ], [ 355170.017200000584126, 510558.428799999878 ], [ 355068.327300000935793, 510554.029899999499321 ], [ 354968.767700001597404, 510546.257699999958 ], [ 354976.420299999415874, 510406.854499999433756 ], [ 354878.913699999451637, 510399.176899999380112 ], [ 354775.439699999988, 510395.932600000873208 ], [ 354766.810499999672174, 510536.971200000494719 ], [ 354755.9485, 510699.9682 ], [ 354746.484299998730421, 510844.887599999085069 ], [ 354742.168299999088049, 510945.360999999567866 ], [ 354845.169199999421835, 510951.607100000604987 ], [ 354845.727499999106, 511024.530999999493361 ], [ 354843.739, 511204.278999999165535 ], [ 354833.735399998724461, 511333.832100000232458 ], [ 354832.937399998307228, 511349.584899999201298 ], [ 354923.3651, 511349.662200000137091 ], [ 354942.458599999547005, 511349.969900000840425 ], [ 354959.661800000816584, 511350.191800000146031 ], [ 355023.853300001472235, 511354.900900000706315 ], [ 354895.942400000989437, 511587.042799999937 ], [ 354971.528799999505281, 511629.110300000756979 ], [ 355021.793200001120567, 511664.764499999582767 ], [ 355161.843800000846386, 511669.228000000119209 ], [ 355168.949000000953674, 511661.488700000569224 ], [ 355213.903099998831749, 511511.465700000524521 ], [ 355348.959199998527765, 511256.473699999973 ], [ 355753.958399999886751, 510881.524299999698997 ] ] ] } },
{ "type": "Feature", "properties": { "IA_blck_gr": "G19011300012002", "IA_blck__1": "2", "IA_blck__2": "Block Group 2", "blck_grp_I": 1064, "blck_grp_1": 30086200, "Shape_Leng": 4421.3572805900003, "Shape_Area": 871470.01046500006 }, "geometry": { "type": "Polygon", "coordinates": [ [ [ 355850.692600000649691, 510309.343399999663234 ], [ 355888.926899999380112, 510041.435200000181794 ], [ 355969.901000000536442, 509889.582599999383092 ], [ 355974.403299998492002, 509881.165200000628829 ], [ 355879.861600000411272, 509828.145999999716878 ], [ 355848.064800001680851, 509806.428999999538064 ], [ 355844.281300000846386, 509813.535399999469519 ], [ 355830.087099999189377, 509805.050300000235438 ], [ 355821.154800001531839, 509798.596400000154972 ], [ 355808.974199999123812, 509789.307099999859929 ], [ 355797.317299999296665, 509779.369799999520183 ], [ 355790.054499998688698, 509772.432199999690056 ], [ 355774.495099999010563, 509755.9342 ], [ 355710.274700000882149, 509749.762499999254942 ], [ 355693.395899999886751, 509747.762099999934 ], [ 355658.324000000953674, 509745.493499999866 ], [ 355616.820399999619, 509745.171900000423193 ], [ 355501.36259999871254, 509744.396500000730157 ], [ 355489.221299998462, 509743.284099999815226 ], [ 355460.3412000015378, 509742.529899999499321 ], [ 355383.844599999487, 509743.641000000759959 ], [ 355372.288899999111891, 509742.331399999558926 ], [ 355307.026599999517202, 509739.139000000432134 ], [ 355215.868999999016523, 509734.769799999892712 ], [ 355131.926199998706579, 509732.969100000336766 ], [ 355101.067899998277426, 509732.238399999216199 ], [ 355016.761700000613928, 509732.998099999502301 ], [ 354985.076299998909235, 509732.3421 ], [ 354913.806800000369549, 509727.200300000607967 ], [ 354871.115800000727177, 509725.821000000461936 ], [ 354864.033199999481, 509841.847100000828505 ], [ 354855.973299998790026, 509955.813100000843406 ], [ 354849.968600001186132, 510069.872300000861287 ], [ 354846.330400001257658, 510133.64780000038445 ], [ 354788.814599998295307, 510132.267200000584126 ], [ 354783.810400001704693, 510251.522700000554323 ], [ 354776.594900000840425, 510366.870400000363588 ], [ 354775.439699999988, 510395.932600000873208 ], [ 354878.913699999451637, 510399.176899999380112 ], [ 354976.420299999415874, 510406.854499999433756 ], [ 354968.767700001597404, 510546.257699999958 ], [ 355068.327300000935793, 510554.029899999499321 ], [ 355170.017200000584126, 510558.428799999878 ], [ 355270.130800001323223, 510564.884999999776483 ], [ 355372.643300000578165, 510571.115599999204278 ], [ 355472.858399998396635, 510575.339500000700355 ], [ 355550.896000001579523, 510580.010800000280142 ], [ 355565.0493, 510580.319099999964 ], [ 355588.814899999648333, 510581.176899999380112 ], [ 355666.929499998688698, 510585.964999999850988 ], [ 355653.297200001776218, 510671.904999999329448 ], [ 355631.330699998885393, 510741.900299999862909 ], [ 355588.193, 510866.249900000169873 ], [ 355623.700599998235703, 510866.074699999764562 ], [ 355753.958399999886751, 510881.524299999698997 ], [ 355753.922499999403954, 510701.458699999377131 ], [ 355783.943399999290705, 510626.455399999395013 ], [ 355791.063099998980761, 510540.666699999943 ], [ 355798.975699998438358, 510446.515599999576807 ], [ 355843.931000001728535, 510356.5152000002563 ], [ 355850.692600000649691, 510309.343399999663234 ] ] ] } },
{ "type": "Feature", "properties": { "IA_blck_gr": "G19011300013001", "IA_blck__1": "1", "IA_blck__2": "Block Group 1", "blck_grp_I": 1070, "blck_grp_1": 33130700, "Shape_Leng": 4859.1914475100002, "Shape_Area": 820637.47752800002 }, "geometry": { "type": "Polygon", "coordinates": [ [ [ 356607.037300001829863, 513436.930199999362 ], [ 356697.642299998551607, 513438.045 ], [ 356992.218299999833107, 513442.436499999836087 ], [ 356967.795000001788139, 513340.875700000673532 ], [ 356943.57660000026226, 513240.220100000500679 ], [ 356917.698699999600649, 513139.824599999934 ], [ 356906.190200001001358, 513101.562000000849366 ], [ 356908.240600001066923, 513045.890399999917 ], [ 356908.031500000506639, 512931.551000000908971 ], [ 356908.773800000548363, 512762.161299999803305 ], [ 356911.612700000405312, 512480.216299999505281 ], [ 356925.572399999946, 512223.414200000464916 ], [ 356804.736999999731779, 512223.939699999988 ], [ 356694.379099998623133, 512222.257999999448657 ], [ 356706.619600001722574, 511995.723099999129772 ], [ 356717.289599999785423, 511790.951999999582767 ], [ 356612.5760000012815, 511789.977499999106 ], [ 356492.92509999871254, 511787.87470000050962 ], [ 356486.997499998658895, 511787.82799999975 ], [ 356457.73369999975, 511784.812699999660254 ], [ 356433.874400001019239, 511784.283700000494719 ], [ 356399.465599998831749, 511771.291600000113249 ], [ 356379.604899998754263, 511762.546800000593066 ], [ 356361.825599998235703, 511818.285199999809265 ], [ 356347.341299999505281, 511895.673900000751019 ], [ 356383.849800001829863, 511830.152100000530481 ], [ 356372.863499999046326, 511877.801899999380112 ], [ 356368.300200000405312, 511902.005200000479817 ], [ 356364.761599998921156, 511948.875 ], [ 356365.157000001519918, 511994.356599999591708 ], [ 356366.551399998366833, 512063.063500000163913 ], [ 356366.32319999858737, 512102.357699999585748 ], [ 356368.191799998283386, 512160.67200000025332 ], [ 356370.018899999558926, 512218.088600000366569 ], [ 356371.534600000828505, 512266.084699999541044 ], [ 356378.900800000876188, 512611.7631 ], [ 356379.6096, 512643.149499999359 ], [ 356386.751899998635054, 512732.050200000405312 ], [ 356386.353900000452995, 512787.685399999842048 ], [ 356386.809500001370907, 512925.663200000301003 ], [ 356387.914500001817942, 513007.905600000172853 ], [ 356386.834499999880791, 513035.178899999707937 ], [ 356383.594700001180172, 513165.70920000039041 ], [ 356377.500799998641014, 513236.089199999347329 ], [ 356366.253600001335144, 513314.744100000709295 ], [ 356348.137800000607967, 513417.6086 ], [ 356339.409600000828505, 513471.743300000205636 ], [ 356335.386399999260902, 513496.754699999466538 ], [ 356327.683400001376867, 513544.665500000119209 ], [ 356366.752500001341105, 513525.732499999925 ], [ 356381.179900001734495, 513516.313100000843406 ], [ 356419.288699999451637, 513496.776699999347329 ], [ 356442.810199998319149, 513484.7489 ], [ 356465.993000000715256, 513472.9298 ], [ 356497.519600000232458, 513456.900499999523163 ], [ 356529.596099998801947, 513441.456399999558926 ], [ 356563.688200000673532, 513434.166799999773502 ], [ 356607.037300001829863, 513436.930199999362 ] ] ] } },
{ "type": "Feature", "properties": { "IA_blck_gr": "G19011300013002", "IA_blck__1": "2", "IA_blck__2": "Block Group 2", "blck_grp_I": 1726, "blck_grp_1": 37751500, "Shape_Leng": 3688.404289, "Shape_Area": 745621.91023599997 }, "geometry": { "type": "Polygon", "coordinates": [ [ [ 358040.783300001174212, 512424.961899999529123 ], [ 357956.535700000822544, 512351.336500000208616 ], [ 357938.793999999761581, 512341.341 ], [ 357906.107200000435114, 512341.186799999326468 ], [ 357800.543000001460314, 512342.732599999755621 ], [ 357677.731100000441074, 512341.474199999123812 ], [ 357438.199000000953674, 512339.018100000917912 ], [ 357363.867899999022484, 512338.303999999538064 ], [ 357167.428599998354912, 512335.36460000090301 ], [ 357145.584300000220537, 512290.805700000375509 ], [ 357137.644099999219179, 512226.726299999281764 ], [ 356965.839699998497963, 512219.879599999636412 ], [ 356925.572399999946, 512223.414200000464916 ], [ 356911.612700000405312, 512480.216299999505281 ], [ 356908.773800000548363, 512762.161299999803305 ], [ 356908.031500000506639, 512931.551000000908971 ], [ 356908.240600001066923, 513045.890399999917 ], [ 356952.890299998223782, 513045.467700000852346 ], [ 357056.322399999946, 513039.894300000742078 ], [ 357131.991799999028444, 513038.203400000929832 ], [ 357196.116599999368191, 513038.672800000756979 ], [ 357456.591499999165535, 513043.648900000378489 ], [ 357656.448899999260902, 513045.2971 ], [ 357720.16270000115037, 513043.96030000038445 ], [ 357863.727800000458956, 513048.522399999201298 ], [ 357867.965700000524521, 512939.872999999672174 ], [ 357870.651700001209974, 512901.027300000190735 ], [ 357875.106300000101328, 512837.963199999183416 ], [ 357881.158700000494719, 512702.297599999234 ], [ 357903.836899999529123, 512685.420199999585748 ], [ 357924.666799999773502, 512672.937300000339746 ], [ 357944.288400001823902, 512649.089199999347329 ], [ 357990.330600000917912, 512589.610799999908 ], [ 358009.976599998772144, 512552.662299999967 ], [ 358020.800200000405312, 512524.939600000157952 ], [ 358033.189399998635054, 512490.009999999776483 ], [ 358040.783300001174212, 512424.961899999529123 ] ] ] } },
{ "type": "Feature", "properties": { "IA_blck_gr": "G19011300013003", "IA_blck__1": "3", "IA_blck__2": "Block Group 3", "blck_grp_I": 1012, "blck_grp_1": 30537100, "Shape_Leng": 11586.423818499999, "Shape_Area": 3637155.0674100001 }, "geometry": { "type": "Polygon", "coordinates": [ [ [ 355475.177200000733137, 512395.553600000217557 ], [ 355487.057900000363588, 512386.0164 ], [ 355498.24720000103116, 512380.814699999988 ], [ 355529.409600000828505, 512372.827199999243021 ], [ 355587.843199998140335, 512360.930299999192357 ], [ 355650.831000000238419, 512344.874199999496341 ], [ 355798.670200001448393, 512308.272399999201298 ], [ 355921.43470000103116, 512281.616499999538064 ], [ 356138.147300001233816, 512172.238399999216199 ], [ 356164.502700001001358, 512161.346599999815226 ], [ 356186.741500001400709, 512157.657600000500679 ], [ 356225.123500000685453, 512168.366499999538064 ], [ 356236.000100001692772, 512177.261 ], [ 356248.749000001698732, 512193.855599999427795 ], [ 356272.19029999896884, 512207.1305 ], [ 356286.964999999850988, 512215.419099999591708 ], [ 356292.804900001734495, 512215.573599999770522 ], [ 356305.717599999159575, 512215.938699999824166 ], [ 356338.343499999493361, 512217.427200000733137 ], [ 356340.485300000756979, 512217.41300000064075 ], [ 356370.018899999558926, 512218.088600000366569 ], [ 356368.191799998283386, 512160.67200000025332 ], [ 356366.32319999858737, 512102.357699999585748 ], [ 356366.551399998366833, 512063.063500000163913 ], [ 356365.157000001519918, 511994.356599999591708 ], [ 356364.761599998921156, 511948.875 ], [ 356368.300200000405312, 511902.005200000479817 ], [ 356372.863499999046326, 511877.801899999380112 ], [ 356383.849800001829863, 511830.152100000530481 ], [ 356347.341299999505281, 511895.673900000751019 ], [ 356361.825599998235703, 511818.285199999809265 ], [ 356379.604899998754263, 511762.546800000593066 ], [ 356399.465599998831749, 511771.291600000113249 ], [ 356433.874400001019239, 511784.283700000494719 ], [ 356457.73369999975, 511784.812699999660254 ], [ 356486.997499998658895, 511787.82799999975 ], [ 356492.92509999871254, 511787.87470000050962 ], [ 356612.5760000012815, 511789.977499999106 ], [ 356717.289599999785423, 511790.951999999582767 ], [ 356706.619600001722574, 511995.723099999129772 ], [ 356694.379099998623133, 512222.257999999448657 ], [ 356804.736999999731779, 512223.939699999988 ], [ 356925.572399999946, 512223.414200000464916 ], [ 356965.839699998497963, 512219.879599999636412 ], [ 357137.644099999219179, 512226.726299999281764 ], [ 357145.584300000220537, 512290.805700000375509 ], [ 357167.428599998354912, 512335.36460000090301 ], [ 357363.867899999022484, 512338.303999999538064 ], [ 357438.199000000953674, 512339.018100000917912 ], [ 357677.731100000441074, 512341.474199999123812 ], [ 357800.543000001460314, 512342.732599999755621 ], [ 357906.107200000435114, 512341.186799999326468 ], [ 357938.793999999761581, 512341.341 ], [ 357956.535700000822544, 512351.336500000208616 ], [ 358040.783300001174212, 512424.961899999529123 ], [ 358050.801899999380112, 512407.616399999707937 ], [ 358059.922299999744, 512395.492799999192357 ], [ 358049.23369999975, 512393.323100000619888 ], [ 358036.448300000280142, 512381.20299999975 ], [ 357881.325300000607967, 512233.222300000488758 ], [ 357654.608199998736382, 512010.186599999666214 ], [ 357546.2652000002563, 511896.045399999246001 ], [ 357531.628499999642372, 511881.153899999335408 ], [ 357495.753600001335144, 511846.253599999472499 ], [ 357475.902199998497963, 511826.532299999147654 ], [ 357444.892200000584126, 511796.893999999389052 ], [ 357341.984200000762939, 511689.835200000554323 ], [ 357313.207400001585484, 511659.963700000196695 ], [ 357307.072900000959635, 511653.636199999600649 ], [ 357187.318500000983477, 511506.055800000205636 ], [ 357185.1195, 511503.715600000694394 ], [ 357191.957299999892712, 511485.663599999621511 ], [ 357230.277100000530481, 511440.160299999639392 ], [ 357101.53770000115037, 511330.467599999159575 ], [ 357020.442499998956919, 511252.293500000610948 ], [ 357003.245000001043081, 511235.718100000172853 ], [ 356998.98030000180006, 511231.715900000184774 ], [ 356983.25730000063777, 511254.961100000888109 ], [ 356960.246300000697374, 511225.018500000238419 ], [ 356974.368200000375509, 511207.971000000834465 ], [ 356969.372600000351667, 511198.336400000378489 ], [ 356950.314800001680851, 511161.183700000867248 ], [ 356946.546799998730421, 511151.7171 ], [ 356940.281899999827147, 511141.016599999741 ], [ 356930.751400001347065, 511117.065199999138713 ], [ 356925.850699998438358, 511098.140499999747 ], [ 356921.805399999022484, 511089.333100000396371 ], [ 356916.973099999129772, 511076.122600000351667 ], [ 356911.283100001513958, 511045.627800000831485 ], [ 356913.547899998724461, 511024.902899999171495 ], [ 356916.829700000584126, 511003.5526 ], [ 356919.775499999523163, 510993.161000000312924 ], [ 356920.056299999356, 510987.01490000076592 ], [ 356925.229100000113249, 510967.542600000277162 ], [ 356929.977600000798702, 510955.5537 ], [ 356934.242699999362, 510941.527000000700355 ], [ 356934.53830000013113, 510933.254000000655651 ], [ 356936.873599998652935, 510925.410099999979 ], [ 356940.051600001752377, 510918.948400000110269 ], [ 356918.399999998509884, 510942.1469 ], [ 356868.233199998736382, 510967.514000000432134 ], [ 356869.588199999183416, 510927.039000000804663 ], [ 356868.251200001686811, 510885.992799999192357 ], [ 356857.911400001496077, 510836.472899999469519 ], [ 356841.016600001603365, 510769.968299999833107 ], [ 356829.577899999917, 510740.890699999406934 ], [ 356789.461599998176098, 510672.42960000038147 ], [ 356771.348600000143051, 510641.591299999505281 ], [ 356725.080899998545647, 510586.95920000039041 ], [ 356647.633099999278784, 510480.960200000554323 ], [ 356632.800299998372793, 510461.246300000697374 ], [ 356612.9923, 510435.034299999475479 ], [ 356600.646899998188019, 510418.569399999454618 ], [ 356593.888399999588728, 510409.638299999758601 ], [ 356431.7456, 510186.56279999949 ], [ 356424.278000000864267, 510178.7193 ], [ 356403.458399999886751, 510201.73340000025928 ], [ 356381.700899999588728, 510173.081399999558926 ], [ 356294.880800001323223, 510299.467199999839067 ], [ 356278.489900000393391, 510321.115900000557303 ], [ 356257.865699999034405, 510314.576199999079108 ], [ 356244.223999999463558, 510310.25870000012219 ], [ 356240.870900001376867, 510300.699300000444055 ], [ 356229.767499998211861, 510311.167199999094009 ], [ 356202.778200000524521, 510346.666200000792742 ], [ 356195.155900001525879, 510351.245799999684095 ], [ 356187.818999998271465, 510349.567500000819564 ], [ 356087.021099999547005, 510347.211799999698997 ], [ 355962.753199998289347, 510326.654899999499321 ], [ 355940.105700001120567, 510322.9353 ], [ 355850.692600000649691, 510309.343399999663234 ], [ 355843.931000001728535, 510356.5152000002563 ], [ 355798.975699998438358, 510446.515599999576807 ], [ 355791.063099998980761, 510540.666699999943 ], [ 355783.943399999290705, 510626.455399999395013 ], [ 355753.922499999403954, 510701.458699999377131 ], [ 355753.958399999886751, 510881.524299999698997 ], [ 355348.959199998527765, 511256.473699999973 ], [ 355213.903099998831749, 511511.465700000524521 ], [ 355168.949000000953674, 511661.488700000569224 ], [ 355161.843800000846386, 511669.228000000119209 ], [ 354698.292300000786781, 512178.043299999088049 ], [ 354553.905000001192093, 512336.430099999532104 ], [ 354493.98030000180006, 512486.447000000625849 ], [ 354418.930199999362, 512561.536699999123812 ], [ 354418.955800000578165, 512588.188400000333786 ], [ 354468.135600000619888, 512638.570699999108911 ], [ 354508.4386, 512704.898900000378489 ], [ 354515.635600000619888, 512716.871200000867248 ], [ 354527.876699998975, 512730.192299999296665 ], [ 354689.788600001484156, 512633.629599999636412 ], [ 354863.953200001269579, 512535.722899999469519 ], [ 354905.442699998617172, 512517.900299999862909 ], [ 354924.78830000013113, 512514.412299999967 ], [ 354937.663899999111891, 512513.765799999237061 ], [ 354942.388700000941753, 512513.084599999710917 ], [ 354950.508099999278784, 512511.997999999672174 ], [ 354987.35020000115037, 512514.90430000051856 ], [ 355018.247299998998642, 512512.72550000064075 ], [ 355307.348900001496077, 512458.910399999469519 ], [ 355318.455800000578165, 512453.704800000414252 ], [ 355331.844200000166893, 512450.842700000852346 ], [ 355370.0777000002563, 512441.272600000724196 ], [ 355388.02930000051856, 512432.235300000756979 ], [ 355462.186000000685453, 512402.352800000458956 ], [ 355475.177200000733137, 512395.553600000217557 ] ] ] } },
{ "type": "Feature", "properties": { "IA_blck_gr": "G19011300014001", "IA_blck__1": "1", "IA_blck__2": "Block Group 1", "blck_grp_I": 938, "blck_grp_1": 26317200, "Shape_Leng": 4200.93703293, "Shape_Area": 762389.28264600004 }, "geometry": { "type": "Polygon", "coordinates": [ [ [ 359124.386500000953674, 513873.231000000610948 ], [ 359123.358600001782179, 513754.149900000542402 ], [ 359131.415500000119209, 513623.728800000622869 ], [ 359108.586100000888109, 513541.829800000414252 ], [ 359093.443599998950958, 513471.818199999630451 ], [ 358921.003899998962879, 513468.593399999663234 ], [ 358927.398400001227856, 513334.847999999299645 ], [ 358931.301699999719858, 513292.9232 ], [ 358938.697700001299381, 513189.346000000834465 ], [ 358950.433499999344349, 513059.429199999198318 ], [ 358823.492699999362, 513056.842599999159575 ], [ 358709.175700001418591, 513055.509999999776483 ], [ 358613.193399999290705, 513053.005300000309944 ], [ 358515.244199998676777, 513052.091199999675155 ], [ 358417.603300001472235, 513053.432 ], [ 358363.595600001513958, 513051.4013 ], [ 358358.133200000971556, 513156.075300000607967 ], [ 358357.267299998551607, 513183.918299999088049 ], [ 358354.375399999320507, 513252.316899999976 ], [ 358351.078499998897314, 513329.543199999257922 ], [ 358341.889499999582767, 513458.009299999103 ], [ 358236.462799999862909, 513455.0756 ], [ 358123.061299998313189, 513457.264499999582767 ], [ 358034.422800000756979, 513456.33530000038445 ], [ 357966.675500001758337, 513455.916899999603629 ], [ 357943.3706, 513454.176599999889731 ], [ 357838.576200000941753, 513455.420499999076128 ], [ 357831.344000000506639, 513561.132699999958 ], [ 357826.298500001430511, 513658.658600000664592 ], [ 357821.592300001531839, 513759.559299999848008 ], [ 357815.9824, 513860.418400000780821 ], [ 357989.162599999457598, 513863.429300000891089 ], [ 358052.710799999535084, 513863.767599999905 ], [ 358216.6064000017941, 513864.566199999302626 ], [ 358406.506999999284744, 513865.665899999439716 ], [ 358617.333700001239777, 513868.291099999 ], [ 358892.628299999982, 513872.7653 ], [ 358942.506799999624491, 513873.154400000348687 ], [ 358984.564300000667572, 513873.520199999213219 ], [ 359014.523299999535084, 513873.777699999511242 ], [ 359124.386500000953674, 513873.231000000610948 ] ] ] } },
{ "type": "Feature", "properties": { "IA_blck_gr": "G19011300014002", "IA_blck__1": "2", "IA_blck__2": "Block Group 2", "blck_grp_I": 1617, "blck_grp_1": 40678400, "Shape_Leng": 3260.4357843799999, "Shape_Area": 525616.99838 }, "geometry": { "type": "Polygon", "coordinates": [ [ [ 357815.9824, 513860.418400000780821 ], [ 357821.592300001531839, 513759.559299999848008 ], [ 357826.298500001430511, 513658.658600000664592 ], [ 357831.344000000506639, 513561.132699999958 ], [ 357838.576200000941753, 513455.420499999076128 ], [ 357820.211500000208616, 513453.683199999853969 ], [ 357801.143300000578165, 513452.921399999409914 ], [ 357634.66160000115633, 513452.685399999842048 ], [ 357480.324599999934, 513447.969900000840425 ], [ 357481.361200001090765, 513385.757400000467896 ], [ 357458.254999998956919, 513349.090500000864267 ], [ 357445.637899998575449, 513326.1173 ], [ 357447.436000000685453, 513245.463099999353 ], [ 357452.044599998742342, 513144.781400000676513 ], [ 357456.591499999165535, 513043.648900000378489 ], [ 357196.116599999368191, 513038.672800000756979 ], [ 357131.991799999028444, 513038.203400000929832 ], [ 357056.322399999946, 513039.894300000742078 ], [ 356952.890299998223782, 513045.467700000852346 ], [ 356908.240600001066923, 513045.890399999917 ], [ 356906.190200001001358, 513101.562000000849366 ], [ 356917.698699999600649, 513139.824599999934 ], [ 356943.57660000026226, 513240.220100000500679 ], [ 356967.795000001788139, 513340.875700000673532 ], [ 356992.218299999833107, 513442.436499999836087 ], [ 357023.261799998581409, 513550.458799999207258 ], [ 357033.724500000476837, 513602.558900000527501 ], [ 357048.776799999177456, 513649.718000000342727 ], [ 357079.288199998438358, 513751.333200000226498 ], [ 357086.214200001209974, 513767.326899999752641 ], [ 357127.793400000780821, 513857.354699999094009 ], [ 357352.618099998682737, 513861.706000000238419 ], [ 357459.604299999773502, 513859.212500000372529 ], [ 357683.139899998903275, 513861.162699999287724 ], [ 357794.101199999451637, 513859.975600000470877 ], [ 357815.9824, 513860.418400000780821 ] ] ] } },
{ "type": "Feature", "properties": { "IA_blck_gr": "G19011300014003", "IA_blck__1": "3", "IA_blck__2": "Block Group 3", "blck_grp_I": 1367, "blck_grp_1": 55199300, "Shape_Leng": 4360.5321539099996, "Shape_Area": 735324.38303000003 }, "geometry": { "type": "Polygon", "coordinates": [ [ [ 358709.175700001418591, 513055.509999999776483 ], [ 358724.909600000828505, 512764.973300000652671 ], [ 358603.61939999833703, 512775.527899999171495 ], [ 358564.339899998158216, 512779.099300000816584 ], [ 358535.943500000983477, 512782.386700000613928 ], [ 358523.282400000840425, 512764.000600000843406 ], [ 358502.881099998950958, 512738.42850000038743 ], [ 358480.445799998939037, 512715.898499999195337 ], [ 358462.771899998188019, 512699.074100000783801 ], [ 358364.282699998468161, 512607.5456000007689 ], [ 358338.138300001621246, 512583.278100000694394 ], [ 358323.807199999690056, 512565.375600000843406 ], [ 358317.693900000303984, 512547.850299999117851 ], [ 358290.394799999892712, 512537.975299999117851 ], [ 358250.625100001692772, 512527.080499999225 ], [ 358217.383400000631809, 512517.493100000545382 ], [ 358197.300200000405312, 512506.493699999526143 ], [ 358184.68470000103116, 512494.269300000742078 ], [ 358164.934099998325109, 512472.4232 ], [ 358157.38230000063777, 512455.727800000458956 ], [ 358153.508000001311302, 512439.649000000208616 ], [ 358151.261700000613928, 512422.189099999144673 ], [ 358144.936099998652935, 512393.120100000873208 ], [ 358114.01799999923, 512361.579700000584126 ], [ 358092.145700000226498, 512341.092299999669194 ], [ 358084.738699998706579, 512335.601600000634789 ], [ 358075.481899999082088, 512368.659199999645352 ], [ 358065.098799999803305, 512388.563400000333786 ], [ 358059.922299999744, 512395.492799999192357 ], [ 358050.801899999380112, 512407.616399999707937 ], [ 358040.783300001174212, 512424.961899999529123 ], [ 358033.189399998635054, 512490.009999999776483 ], [ 358020.800200000405312, 512524.939600000157952 ], [ 358009.976599998772144, 512552.662299999967 ], [ 357990.330600000917912, 512589.610799999908 ], [ 357944.288400001823902, 512649.089199999347329 ], [ 357924.666799999773502, 512672.937300000339746 ], [ 357903.836899999529123, 512685.420199999585748 ], [ 357881.158700000494719, 512702.297599999234 ], [ 357875.106300000101328, 512837.963199999183416 ], [ 357870.651700001209974, 512901.027300000190735 ], [ 357867.965700000524521, 512939.872999999672174 ], [ 357863.727800000458956, 513048.522399999201298 ], [ 357720.16270000115037, 513043.96030000038445 ], [ 357656.448899999260902, 513045.2971 ], [ 357456.591499999165535, 513043.648900000378489 ], [ 357452.044599998742342, 513144.781400000676513 ], [ 357447.436000000685453, 513245.463099999353 ], [ 357445.637899998575449, 513326.1173 ], [ 357458.254999998956919, 513349.090500000864267 ], [ 357481.361200001090765, 513385.757400000467896 ], [ 357480.324599999934, 513447.969900000840425 ], [ 357634.66160000115633, 513452.685399999842048 ], [ 357801.143300000578165, 513452.921399999409914 ], [ 357820.211500000208616, 513453.683199999853969 ], [ 357838.576200000941753, 513455.420499999076128 ], [ 357943.3706, 513454.176599999889731 ], [ 357966.675500001758337, 513455.916899999603629 ], [ 358034.422800000756979, 513456.33530000038445 ], [ 358123.061299998313189, 513457.264499999582767 ], [ 358236.462799999862909, 513455.0756 ], [ 358341.889499999582767, 513458.009299999103 ], [ 358351.078499998897314, 513329.543199999257922 ], [ 358354.375399999320507, 513252.316899999976 ], [ 358357.267299998551607, 513183.918299999088049 ], [ 358358.133200000971556, 513156.075300000607967 ], [ 358363.595600001513958, 513051.4013 ], [ 358417.603300001472235, 513053.432 ], [ 358515.244199998676777, 513052.091199999675155 ], [ 358613.193399999290705, 513053.005300000309944 ], [ 358709.175700001418591, 513055.509999999776483 ] ] ] } },
{ "type": "Feature", "properties": { "IA_blck_gr": "G19011300015001", "IA_blck__1": "1", "IA_blck__2": "Block Group 1", "blck_grp_I": 1081, "blck_grp_1": 30647400, "Shape_Leng": 5349.3317744300002, "Shape_Area": 752455.24046100001 }, "geometry": { "type": "Polygon", "coordinates": [ [ [ 359629.526999998837709, 513805.329 ], [ 359633.481899999082088, 513798.120500000193715 ], [ 359637.791200000792742, 513790.3684 ], [ 359638.14640000090003, 513782.658199999481 ], [ 359646.173799999058247, 513772.837799999862909 ], [ 359652.014499999582767, 513755.078099999576807 ], [ 359657.603100001811981, 513742.793800000101328 ], [ 359663.294300001114607, 513730.066400000825524 ], [ 359677.986200001090765, 513684.607499999925 ], [ 359697.067400000989437, 513654.692099999636412 ], [ 359715.474500000476837, 513637.623199999332428 ], [ 359762.477699998766184, 513603.955199999734759 ], [ 359778.1074, 513538.159299999475479 ], [ 359780.068999998271465, 513495.585400000214577 ], [ 359780.578699998557568, 513484.522900000214577 ], [ 359781.526000000536442, 513463.962200000882149 ], [ 359759.126800000667572, 513401.453199999406934 ], [ 359728.225499998778105, 513359.0449 ], [ 359664.888199999928, 513307.528100000694394 ], [ 359554.200399998575449, 513243.52930000051856 ], [ 359493.602899998426437, 513200.426599999889731 ], [ 359480.841400001198053, 513191.440700000151992 ], [ 359422.950599998235703, 513132.449899999424815 ], [ 359414.021299999207258, 513106.395500000566244 ], [ 359415.811099998652935, 513067.508799999952 ], [ 359420.372900001704693, 512968.392300000414252 ], [ 359411.679900001734495, 512937.197799999266863 ], [ 359374.238499999046326, 512954.511299999430776 ], [ 359230.789200000464916, 512952.726299999281764 ], [ 359123.152399998158216, 512949.343299999833107 ], [ 359073.709600001573563, 512946.509800000116229 ], [ 359078.308299999684095, 512841.124199999496341 ], [ 359081.761199999600649, 512758.865399999544024 ], [ 359167.875999998301268, 512759.354199999943 ], [ 359230.912200000137091, 512694.057499999180436 ], [ 359252.227400001138449, 512676.449300000444055 ], [ 359267.399900000542402, 512659.902300000190735 ], [ 359307.298900000751019, 512610.674799999222159 ], [ 359352.171700000762939, 512532.113399999216199 ], [ 359375.964299999177456, 512492.895199999213219 ], [ 359397.903200000524521, 512449.224500000476837 ], [ 359415.732799999415874, 512416.114800000563264 ], [ 359452.532099999487, 512359.130400000140071 ], [ 359419.045400001108646, 512331.609699999914 ], [ 359398.962999999523163, 512324.190600000321865 ], [ 359358.695199999958, 512315.170800000429153 ], [ 359291.543600000441074, 512317.680299999192357 ], [ 359240.540500000119209, 512316.4539 ], [ 359151.730000000447035, 512292.100700000301003 ], [ 359110.069899998605251, 512281.11460000090301 ], [ 359016.235100001096725, 512276.464500000700355 ], [ 358898.213700000196695, 512274.847300000488758 ], [ 358846.440000001341105, 512274.259999999776483 ], [ 358866.683200001716614, 512358.839600000530481 ], [ 358874.480399999767542, 512389.880599999800324 ], [ 358879.683600001037121, 512407.476700000464916 ], [ 358907.075599998235703, 512504.926599999889731 ], [ 358937.568900000303984, 512624.467399999499321 ], [ 358966.751600001007318, 512738.460799999535084 ], [ 358971.204500000923872, 512754.454700000584126 ], [ 358956.042399998754263, 512944.571699999272823 ], [ 358950.433499999344349, 513059.429199999198318 ], [ 358938.697700001299381, 513189.346000000834465 ], [ 358931.301699999719858, 513292.9232 ], [ 358927.398400001227856, 513334.847999999299645 ], [ 358921.003899998962879, 513468.593399999663234 ], [ 359093.443599998950958, 513471.818199999630451 ], [ 359108.586100000888109, 513541.829800000414252 ], [ 359131.415500000119209, 513623.728800000622869 ], [ 359123.358600001782179, 513754.149900000542402 ], [ 359124.386500000953674, 513873.231000000610948 ], [ 359426.204500000923872, 513884.654699999839067 ], [ 359430.496599998325109, 513761.003299999982 ], [ 359439.622999999672174, 513680.7982 ], [ 359450.334800001233816, 513687.786100000143051 ], [ 359629.526999998837709, 513805.329 ] ] ] } },
{ "type": "Feature", "properties": { "IA_blck_gr": "G19011300015002", "IA_blck__1": "2", "IA_blck__2": "Block Group 2", "blck_grp_I": 1944, "blck_grp_1": 166998700, "Shape_Leng": 10436.077330800001, "Shape_Area": 4437228.1978599997 }, "geometry": { "type": "Polygon", "coordinates": [ [ [ 361879.068199999630451, 513167.048699999228 ], [ 361882.025499999523163, 513074.800799999386072 ], [ 361881.720800001174212, 513038.728499999269843 ], [ 361881.406599998474121, 513027.739700000733137 ], [ 361880.037099998444319, 513009.311300000175834 ], [ 361874.201499998569489, 512971.750800000503659 ], [ 361863.368299998342991, 512921.192900000140071 ], [ 361857.401799999177456, 512890.009400000795722 ], [ 361853.579999998211861, 512864.076400000602007 ], [ 361852.234299998730421, 512850.464199999347329 ], [ 361850.706900000572205, 512828.333000000566244 ], [ 361850.889199998229742, 512794.186899999156594 ], [ 361851.959699999541044, 512760.417799999937 ], [ 361854.794300001114607, 512651.254499999806285 ], [ 361854.30009999871254, 512640.593299999833107 ], [ 361852.08729999884963, 512624.365199999883771 ], [ 361849.791000001132488, 512611.71680000051856 ], [ 361845.206099998206, 512593.363199999555945 ], [ 361841.943, 512583.805600000545382 ], [ 361836.898600000888109, 512571.813699999824166 ], [ 361829.513000000268221, 512557.025800000876188 ], [ 361821.233199998736382, 512543.7642 ], [ 361802.1875, 512517.573799999430776 ], [ 361769.545899998396635, 512477.315700000151992 ], [ 361753.338500000536442, 512455.624299999326468 ], [ 361745.151000000536442, 512442.143100000917912 ], [ 361740.403999999165535, 512430.836899999529123 ], [ 361737.8596, 512421.760500000789762 ], [ 361736.52140000090003, 512415.091499999165535 ], [ 361735.261500000953674, 512404.954700000584126 ], [ 361734.951999999582767, 512393.854100000113249 ], [ 361735.581599999219179, 512385.596499999985 ], [ 361738.027399998158216, 512368.352499999106 ], [ 361742.736099999397993, 512357.372400000691414 ], [ 361748.456900000572205, 512345.879200000315905 ], [ 361754.341499999165535, 512336.1853 ], [ 361782.303199999034405, 512294.3673 ], [ 361791.287399999797344, 512278.21000000089407 ], [ 361801.676399998366833, 512254.838999999687076 ], [ 361806.679699998348951, 512239.281199999153614 ], [ 361811.644200000911951, 512217.4506 ], [ 361811.706999998539686, 512214.317900000140071 ], [ 361813.01410000026226, 512207.435499999672174 ], [ 361813.874699998646975, 512199.524700000882149 ], [ 361814.035199999809265, 512196.060699999332428 ], [ 361814.552200000733137, 512186.677999999374151 ], [ 361814.554200001060963, 512181.302899999544024 ], [ 361814.513300001621246, 512166.183299999684095 ], [ 361812.698899999260902, 512127.129200000315905 ], [ 361810.466899998486042, 512077.529400000348687 ], [ 361810.932799998670816, 512053.250700000673532 ], [ 361811.887299999594688, 512041.536699999123812 ], [ 361813.246800001710653, 512031.745200000703335 ], [ 361814.976500000804663, 512021.074999999254942 ], [ 361817.713100001215935, 512010.003399999812245 ], [ 361819.729499999433756, 512002.034099999815226 ], [ 361821.25730000063777, 511995.721799999475479 ], [ 361827.160300001502037, 511978.526000000536442 ], [ 361831.2423, 511968.636499999091029 ], [ 361831.710099998861551, 511967.426400000229478 ], [ 361836.6554000005126, 511956.681199999526143 ], [ 361837.657800000160933, 511954.599999999627471 ], [ 361844.8026, 511940.821000000461936 ], [ 361861.440699998289347, 511910.572599999606609 ], [ 361866.44310000166297, 511898.598200000822544 ], [ 361869.466400001198053, 511890.227600000798702 ], [ 361871.827199999243021, 511881.938200000673532 ], [ 361873.978300001472235, 511871.063500000163913 ], [ 361874.972199998795986, 511863.830600000917912 ], [ 361875.532699998468161, 511848.178899999707937 ], [ 361874.908900000154972, 511840.311200000345707 ], [ 361873.130699999630451, 511828.918500000610948 ], [ 361869.180599998682737, 511814.625700000673532 ], [ 361864.761999998241663, 511803.334599999710917 ], [ 361860.157800000160933, 511794.274599999189377 ], [ 361852.128800000995398, 511780.912499999627471 ], [ 361828.841699998825788, 511744.894899999722838 ], [ 361824.724500000476837, 511737.761199999600649 ], [ 361817.738600000739098, 511723.215600000694394 ], [ 361809.707600001245737, 511701.006799999624491 ], [ 361805.83500000089407, 511685.037900000810623 ], [ 361791.303399998694658, 511611.127499999478459 ], [ 361788.63060000166297, 511601.261199999600649 ], [ 361784.273899998515844, 511588.629200000315905 ], [ 361779.680300001055002, 511577.553999999538064 ], [ 361777.467599999159575, 511573.756100000813603 ], [ 361768.170499999076128, 511557.535700000822544 ], [ 361753.163400001823902, 511534.779899999499321 ], [ 361727.289099998772144, 511504.801799999549985 ], [ 361702.565799999982, 511473.08530000038445 ], [ 361700.717399999499321, 511470.31220000050962 ], [ 361685.032400000840425, 511446.181199999526143 ], [ 361672.764699999243021, 511417.6173 ], [ 361662.30350000038743, 511378.49860000051558 ], [ 361648.888099998235703, 511324.909099999815226 ], [ 361578.596200000494719, 511380.782199999317527 ], [ 361537.175500001758337, 511401.933399999514222 ], [ 361501.7971, 511402.871600000187755 ], [ 361471.551399998366833, 511401.471799999475479 ], [ 361443.496599998325109, 511407.900399999693036 ], [ 361404.03489999845624, 511441.909 ], [ 361264.280099999159575, 511461.087999999523163 ], [ 361176.427999999374151, 511503.162100000306964 ], [ 361136.104600001126528, 511557.625199999660254 ], [ 361108.883900001645088, 511579.883099999278784 ], [ 361088.846000000834465, 511596.426000000908971 ], [ 361058.556400001049042, 511608.463700000196695 ], [ 361046.743000000715256, 511603.886299999430776 ], [ 361035.093899998813868, 511599.316299999132752 ], [ 361031.031500000506639, 511596.329 ], [ 361028.720300000160933, 511594.654400000348687 ], [ 361026.008600000292063, 511592.737299999222159 ], [ 361022.978500001132488, 511590.581599999219179 ], [ 361021.211599998176098, 511589.604100000113249 ], [ 361019.598900001496077, 511588.857599999755621 ], [ 361016.085499998182058, 511588.247300000861287 ], [ 361013.311700001358986, 511587.6711 ], [ 361010.861600000411272, 511587.221899999305606 ], [ 361001.117400001734495, 511585.987700000405312 ], [ 360992.554400000721216, 511585.927899999544024 ], [ 360982.717199999839067, 511586.705 ], [ 360981.546, 511587.098799999803305 ], [ 360968.369199998676777, 511590.633199999108911 ], [ 360964.171999998390675, 511592.3429000005126 ], [ 360946.314899999648333, 511599.13260000012815 ], [ 360937.73030000180006, 511603.103199999779463 ], [ 360930.8004, 511605.134600000455976 ], [ 360857.647599998861551, 511626.838600000366569 ], [ 360791.674499999731779, 511633.981200000271201 ], [ 360751.02250000089407, 511633.223400000482798 ], [ 360745.50560000166297, 511633.192500000819564 ], [ 360733.162000000476837, 511632.958399999886751 ], [ 360707.15989999845624, 511632.429300000891089 ], [ 360700.903299998492002, 511632.364399999380112 ], [ 360681.166200000792742, 511640.635500000789762 ], [ 360662.271600000560284, 511648.497600000351667 ], [ 360628.81529999896884, 511677.412100000306964 ], [ 360622.891499999911, 511682.625700000673532 ], [ 360600.339299999177456, 511693.006599999964 ], [ 360574.925599999725819, 511704.711300000548363 ], [ 360541.939899999648333, 511719.874099999666214 ], [ 360496.579, 511740.848600000143051 ], [ 360459.433600001037121, 511780.119799999520183 ], [ 360451.011, 511800.223799999803305 ], [ 360437.493000000715256, 511820.092700000852346 ], [ 360439.3706, 511832.945399999619 ], [ 360429.225400000810623, 511835.052799999713898 ], [ 360421.41950000077486, 511882.844900000840425 ], [ 360348.476100001484156, 511875.1118 ], [ 360332.640299998223782, 511873.821299999952 ], [ 360171.665399998426437, 511871.211500000208616 ], [ 360122.066500000655651, 511871.611899999902 ], [ 359984.524500001221895, 511869.862500000745058 ], [ 359942.1689000017941, 511864.9989 ], [ 359879.405099999159575, 511865.130100000649691 ], [ 359659.098000001162291, 511857.893500000238419 ], [ 359334.287399999797344, 511848.653999999165535 ], [ 359235.233800001442432, 511846.33699999936 ], [ 359133.257599998265505, 511843.103099999949 ], [ 358931.472699999809265, 511836.066899999976 ], [ 358918.785399999469519, 511836.1557 ], [ 358745.266899999231, 511832.326899999752641 ], [ 358737.731699999421835, 511836.796 ], [ 358667.769499998539686, 511900.435599999502301 ], [ 358702.647999998182058, 511940.782700000330806 ], [ 358716.1217, 511959.430500000715256 ], [ 358721.463899999856949, 511966.842599999159575 ], [ 358728.855799999088049, 511979.835999999195337 ], [ 358739.843299999833107, 511998.817500000819564 ], [ 358742.586300000548363, 512003.64670000039041 ], [ 358754.000100001692772, 512022.311899999156594 ], [ 358794.749699998646975, 512108.729299999773502 ], [ 358846.440000001341105, 512274.259999999776483 ], [ 358898.213700000196695, 512274.847300000488758 ], [ 359016.235100001096725, 512276.464500000700355 ], [ 359110.069899998605251, 512281.11460000090301 ], [ 359151.730000000447035, 512292.100700000301003 ], [ 359240.540500000119209, 512316.4539 ], [ 359291.543600000441074, 512317.680299999192357 ], [ 359358.695199999958, 512315.170800000429153 ], [ 359398.962999999523163, 512324.190600000321865 ], [ 359419.045400001108646, 512331.609699999914 ], [ 359452.532099999487, 512359.130400000140071 ], [ 359415.732799999415874, 512416.114800000563264 ], [ 359397.903200000524521, 512449.224500000476837 ], [ 359375.964299999177456, 512492.895199999213219 ], [ 359352.171700000762939, 512532.113399999216199 ], [ 359307.298900000751019, 512610.674799999222159 ], [ 359267.399900000542402, 512659.902300000190735 ], [ 359252.227400001138449, 512676.449300000444055 ], [ 359230.912200000137091, 512694.057499999180436 ], [ 359167.875999998301268, 512759.354199999943 ], [ 359081.761199999600649, 512758.865399999544024 ], [ 359078.308299999684095, 512841.124199999496341 ], [ 359073.709600001573563, 512946.509800000116229 ], [ 359123.152399998158216, 512949.343299999833107 ], [ 359230.789200000464916, 512952.726299999281764 ], [ 359374.238499999046326, 512954.511299999430776 ], [ 359411.679900001734495, 512937.197799999266863 ], [ 359420.372900001704693, 512968.392300000414252 ], [ 359415.811099998652935, 513067.508799999952 ], [ 359434.474399998784065, 513068.143899999558926 ], [ 359539.326200000941753, 513071.178999999538064 ], [ 359574.213199999183416, 513075.360899999738 ], [ 359607.778999999165535, 513093.927500000223517 ], [ 359619.291999999433756, 513108.567099999636412 ], [ 359629.253800000995398, 513124.703099999576807 ], [ 359648.981899999082088, 513161.221400000154972 ], [ 359662.954900000244379, 513174.294700000435114 ], [ 359658.078299999237061, 513203.29700000025332 ], [ 359680.582400001585484, 513208.140799999237061 ], [ 359851.810199998319149, 513386.127299999818206 ], [ 359875.713500000536442, 513408.841 ], [ 359893.306499999016523, 513420.177999999374151 ], [ 359911.043600000441074, 513428.386099999770522 ], [ 359927.944299999624491, 513431.516699999570847 ], [ 359957.493900001049042, 513433.550699999555945 ], [ 360000.714999999850988, 513431.959799999371171 ], [ 360052.070199999958, 513434.327500000596046 ], [ 360150.307700000703335, 513437.849999999627471 ], [ 360202.674600001424551, 513439.705499999225 ], [ 360236.548500001430511, 513440.820199999958 ], [ 360249.864999998360872, 513441.322499999776483 ], [ 360250.024500001221895, 513439.6502 ], [ 360250.199400000274181, 513437.642599999905 ], [ 360250.611200001090765, 513432.286599999293685 ], [ 360250.806800000369549, 513429.832100000232458 ], [ 360250.935699999332428, 513427.038499999791384 ], [ 360253.931600000709295, 513387.0877 ], [ 360257.83839999884367, 513336.316999999806285 ], [ 360305.968400001525879, 513342.568900000303984 ], [ 360346.651799999177456, 513347.805500000715256 ], [ 360355.736499998719, 513349.008600000292063 ], [ 360373.910999998450279, 513351.303099999204278 ], [ 360458.374600000679493, 513360.6886 ], [ 360648.069200001657009, 513382.661000000312924 ], [ 360660.538199998438358, 513383.684800000861287 ], [ 360688.249699998646975, 513384.516899999231 ], [ 360703.040500000119209, 513383.408299999311566 ], [ 360730.876299999654293, 513379.767100000753999 ], [ 360766.272999998182058, 513371.099999999627471 ], [ 360809.73369999975, 513358.998500000685453 ], [ 360854.231600001454353, 513347.617000000551343 ], [ 360869.341299999505281, 513344.955900000408292 ], [ 360904.028400000184774, 513340.959799999371171 ], [ 360949.503699999302626, 513344.069599999114871 ], [ 360998.192400000989437, 513352.479199999943 ], [ 361016.20719999819994, 513356.447499999776483 ], [ 361029.897900000214577, 513359.543999999761581 ], [ 361046.207299999892712, 513364.777300000190735 ], [ 361069.2483000010252, 513374.017400000244379 ], [ 361075.050799999386072, 513376.749199999496341 ], [ 361083.112700000405312, 513380.481399999931 ], [ 361094.783700000494719, 513388.075999999418855 ], [ 361109.037200000137091, 513398.589400000870228 ], [ 361193.897300001233816, 513470.598500000312924 ], [ 361226.910399999469519, 513499.225099999457598 ], [ 361247.211800001561642, 513514.273800000548363 ], [ 361255.134399998933077, 513519.231499999761581 ], [ 361267.175700001418591, 513524.155899999663234 ], [ 361277.733399998396635, 513527.331900000572205 ], [ 361288.281300000846386, 513528.939699999988 ], [ 361295.008600000292063, 513529.474899999797344 ], [ 361306.240299999713898, 513528.762800000607967 ], [ 361376.703099999576807, 513518.585699999704957 ], [ 361417.358199998736382, 513511.956800000742078 ], [ 361499.27930000051856, 513499.735600000247359 ], [ 361512.00620000064373, 513496.965399999171495 ], [ 361532.442499998956919, 513491.30460000038147 ], [ 361548.986499998719, 513484.343900000676513 ], [ 361564.524500001221895, 513475.992799999192357 ], [ 361574.45890000090003, 513469.510099999606609 ], [ 361583.402199998497963, 513463.093299999833107 ], [ 361590.568199999630451, 513457.713999999687076 ], [ 361601.438799999654293, 513447.019300000742078 ], [ 361611.677999999374151, 513435.735500000417233 ], [ 361620.638700000941753, 513423.6086 ], [ 361646.129999998956919, 513385.259700000286102 ], [ 361682.7467, 513328.949200000613928 ], [ 361717.030699998140335, 513276.786100000143051 ], [ 361736.926899999380112, 513247.248800000175834 ], [ 361749.628400001674891, 513230.815999999642372 ], [ 361758.650400001555681, 513220.931600000709295 ], [ 361766.834499999880791, 513213.136099999770522 ], [ 361779.662200000137091, 513202.868200000375509 ], [ 361791.395199999213219, 513194.901100000366569 ], [ 361801.715199999511242, 513188.996300000697374 ], [ 361811.408199999481, 513184.182299999520183 ], [ 361824.172499999403954, 513178.838700000196695 ], [ 361838.395300000905991, 513174.010500000789762 ], [ 361844.810499999672174, 513172.404100000858307 ], [ 361867.399199999869, 513168.299699999392033 ], [ 361879.068199999630451, 513167.048699999228 ] ] ] } },
{ "type": "Feature", "properties": { "IA_blck_gr": "G19011300016001", "IA_blck__1": "1", "IA_blck__2": "Block Group 1", "blck_grp_I": 1096, "blck_grp_1": 87430500, "Shape_Leng": 4971.5253865000004, "Shape_Area": 1532881.20784 }, "geometry": { "type": "Polygon", "coordinates": [ [ [ 360401.857799999415874, 510655.617799999192357 ], [ 360247.341899998486042, 510648.154500000178814 ], [ 360147.753699999302626, 510648.153699999675155 ], [ 360056.585900001227856, 510645.966600000858307 ], [ 359951.100400000810623, 510643.456800000742078 ], [ 359629.8662, 510632.356599999591708 ], [ 359600.439500000327826, 510631.001900000497699 ], [ 359552.533399999141693, 510632.044199999421835 ], [ 359426.436599999666214, 510629.936499999836087 ], [ 359319.399599999189377, 510625.348200000822544 ], [ 359188.170699998736382, 510623.792300000786781 ], [ 359185.612100001424551, 510647.190999999642372 ], [ 359177.448699999600649, 510668.876199999824166 ], [ 359168.792100001126528, 510685.163699999451637 ], [ 359144.019900001585484, 510707.989 ], [ 359122.525299999862909, 510732.980699999257922 ], [ 359080.712999999523163, 510755.582699999213219 ], [ 359071.106300000101328, 510767.45920000039041 ], [ 359059.218800000846386, 510789.533199999481 ], [ 359057.276999998837709, 510804.89750000089407 ], [ 359056.855799999088049, 510814.060699999332428 ], [ 359060.945099998265505, 510829.0304000005126 ], [ 359109.568900000303984, 510909.093399999663234 ], [ 359118.445900000631809, 510925.627000000327826 ], [ 359125.155000001192093, 510949.899599999189377 ], [ 359150.767900001257658, 511075.377499999478459 ], [ 359139.450599998235703, 511111.923299999908 ], [ 359112.876600001007318, 511141.720499999821186 ], [ 359090.057799998670816, 511175.833799999207258 ], [ 359081.124499998986721, 511199.947200000286102 ], [ 359075.109099999070168, 511210.756899999454618 ], [ 359063.627999998629093, 511250.878499999642372 ], [ 359061.588599998503923, 511282.699599999934 ], [ 359064.090300001204014, 511321.448300000280142 ], [ 359069.391600001603365, 511351.255300000309944 ], [ 359080.640999998897314, 511464.873999999836087 ], [ 359087.611400000751019, 511499.572799999266863 ], [ 359092.1985, 511507.286499999463558 ], [ 359106.951200000941753, 511532.152799999341369 ], [ 359128.900299999862909, 511559.925599999725819 ], [ 359146.565200001001358, 511589.517100000753999 ], [ 359139.377599999308586, 511690.30599999987 ], [ 359133.257599998265505, 511843.103099999949 ], [ 359235.233800001442432, 511846.33699999936 ], [ 359334.287399999797344, 511848.653999999165535 ], [ 359659.098000001162291, 511857.893500000238419 ], [ 359879.405099999159575, 511865.130100000649691 ], [ 359942.1689000017941, 511864.9989 ], [ 359984.524500001221895, 511869.862500000745058 ], [ 360122.066500000655651, 511871.611899999902 ], [ 360171.665399998426437, 511871.211500000208616 ], [ 360332.640299998223782, 511873.821299999952 ], [ 360334.577199999243021, 511810.416699999943 ], [ 360335.910300001502037, 511763.669600000604987 ], [ 360337.118799999356, 511724.979499999433756 ], [ 360339.636399999260902, 511690.045199999585748 ], [ 360346.005300000309944, 511601.984999999403954 ], [ 360348.162399999797344, 511573.081000000238419 ], [ 360349.104699999094009, 511559.798599999397993 ], [ 360350.304400000721216, 511542.720599999651313 ], [ 360350.397799998521805, 511537.125800000503659 ], [ 360351.110899999738, 511480.607499999925 ], [ 360352.413499999791384, 511463.086300000548363 ], [ 360358.447399999946, 511319.802899999544024 ], [ 360372.353399999439716, 511132.649199999869 ], [ 360381.829100001603365, 510959.400599999353 ], [ 360392.958299998193979, 510791.379200000315905 ], [ 360401.857799999415874, 510655.617799999192357 ] ] ] } },
{ "type": "Feature", "properties": { "IA_blck_gr": "G19011300016002", "IA_blck__1": "2", "IA_blck__2": "Block Group 2", "blck_grp_I": 1857, "blck_grp_1": 66476300, "Shape_Leng": 4053.3256568800002, "Shape_Area": 984734.66815599997 }, "geometry": { "type": "Polygon", "coordinates": [ [ [ 360450.41160000115633, 509844.293999999761581 ], [ 360348.105999998748302, 509840.470300000160933 ], [ 360276.489, 509837.503200000151992 ], [ 360191.945000000298023, 509834.388699999079108 ], [ 360098.157600000500679, 509833.424599999561906 ], [ 360047.770300000905991, 509830.990299999713898 ], [ 359998.420699998736382, 509831.067700000479817 ], [ 359796.275499999523163, 509821.755300000309944 ], [ 359651.160599999129772, 509817.313100000843406 ], [ 359641.598799999803305, 509819.224600000306964 ], [ 359532.228399999439716, 509814.97440000064671 ], [ 359443.563499998301268, 509813.69400000013411 ], [ 359423.438400000333786, 509812.432199999690056 ], [ 359348.008900001645088, 509809.970000000670552 ], [ 359338.976399999111891, 509809.330600000917912 ], [ 359242.810199998319149, 509808.155500000342727 ], [ 359225.3092, 510052.594699999317527 ], [ 359216.0603, 510210.737700000405312 ], [ 359208.055100001394749, 510314.961899999529123 ], [ 359202.104899998754263, 510442.572899999097 ], [ 359200.640599999576807, 510451.128299999982 ], [ 359199.294100001454353, 510509.0735 ], [ 359195.594700001180172, 510564.446900000795722 ], [ 359188.170699998736382, 510623.792300000786781 ], [ 359319.399599999189377, 510625.348200000822544 ], [ 359426.436599999666214, 510629.936499999836087 ], [ 359552.533399999141693, 510632.044199999421835 ], [ 359600.439500000327826, 510631.001900000497699 ], [ 359629.8662, 510632.356599999591708 ], [ 359951.100400000810623, 510643.456800000742078 ], [ 360056.585900001227856, 510645.966600000858307 ], [ 360147.753699999302626, 510648.153699999675155 ], [ 360247.341899998486042, 510648.154500000178814 ], [ 360401.857799999415874, 510655.617799999192357 ], [ 360407.043800000101328, 510546.785099999979 ], [ 360408.899599999189377, 510508.348300000652671 ], [ 360413.958399999886751, 510423.698000000789762 ], [ 360419.59180000051856, 510312.310000000521541 ], [ 360425.347899999469519, 510205.4068 ], [ 360437.363200001418591, 510025.330700000748038 ], [ 360450.41160000115633, 509844.293999999761581 ] ] ] } },
{ "type": "Feature", "properties": { "IA_blck_gr": "G19011300016003", "IA_blck__1": "3", "IA_blck__2": "Block Group 3", "blck_grp_I": 1065, "blck_grp_1": 43409700, "Shape_Leng": 3385.5931813500001, "Shape_Area": 608413.31537099998 }, "geometry": { "type": "Polygon", "coordinates": [ [ [ 361376.1385000012815, 510337.463999999687076 ], [ 361373.44029999896884, 510322.781199999153614 ], [ 361372.921500001102686, 510285.914300000295043 ], [ 361371.929299999028444, 510269.966499999165535 ], [ 361372.327899999917, 510259.570399999619 ], [ 361388.311500001698732, 510204.317500000819564 ], [ 361399.021899998188019, 510156.211500000208616 ], [ 361399.507899999619, 510145.707499999552965 ], [ 361400.343699999153614, 510115.1743 ], [ 361403.523800000548363, 510098.075699999928 ], [ 361404.933499999344349, 510055.138599999248981 ], [ 361406.945599999278784, 510043.697399999946 ], [ 361407.506499998271465, 510040.475700000301003 ], [ 361413.039000000804663, 510025.949599999934 ], [ 361438.293200001120567, 509984.003799999132752 ], [ 361446.579399999231, 509970.501000000163913 ], [ 361452.357999999076128, 509957.778100000694394 ], [ 361461.462099999189377, 509940.841600000858307 ], [ 361466.318500000983477, 509919.565199999138713 ], [ 361468.000300001353025, 509895.67820000089705 ], [ 361453.861000001430511, 509895.024000000208616 ], [ 361437.013999998569489, 509894.132500000298023 ], [ 361427.396000001579523, 509893.687599999830127 ], [ 361387.942400000989437, 509891.750399999320507 ], [ 361386.462799999862909, 509891.681900000199676 ], [ 361346.772999998182058, 509889.510099999606609 ], [ 361281.024000000208616, 509886.133199999108911 ], [ 361243.055300001055002, 509884.1535 ], [ 361031.565900001674891, 509873.817099999636412 ], [ 360910.852000001817942, 509867.231599999591708 ], [ 360783.046999998390675, 509864.35190000012517 ], [ 360646.133799999952, 509853.550899999216199 ], [ 360604.907699998468161, 509850.751900000497699 ], [ 360568.413400001823902, 509848.955499999225 ], [ 360450.41160000115633, 509844.293999999761581 ], [ 360437.363200001418591, 510025.330700000748038 ], [ 360425.347899999469519, 510205.4068 ], [ 360419.59180000051856, 510312.310000000521541 ], [ 360413.958399999886751, 510423.698000000789762 ], [ 360408.899599999189377, 510508.348300000652671 ], [ 360407.043800000101328, 510546.785099999979 ], [ 360401.857799999415874, 510655.617799999192357 ], [ 360594.908799998462, 510665.198999999091029 ], [ 360632.278099998831749, 510665.804300000891089 ], [ 360668.770599998533726, 510656.850700000301003 ], [ 360697.373100001364946, 510643.949500000104308 ], [ 360726.177999999374151, 510621.314999999478459 ], [ 360752.208999998867512, 510598.104699999094009 ], [ 360789.080099999905, 510550.646500000730157 ], [ 360804.310600001364946, 510536.568099999800324 ], [ 360824.88399999961, 510522.736500000581145 ], [ 360892.335700001567602, 510492.705199999734759 ], [ 360939.110100001096725, 510459.143400000408292 ], [ 360975.922400001436472, 510429.04079999961 ], [ 361013.783399999141693, 510397.643100000917912 ], [ 361099.711100000888109, 510349.317900000140071 ], [ 361151.080400001257658, 510335.79079999961 ], [ 361223.115600001066923, 510313.588999999687076 ], [ 361233.620000001043081, 510321.5777000002563 ], [ 361254.214800000190735, 510328.689200000837445 ], [ 361318.430500000715256, 510345.545299999415874 ], [ 361343.501200001686811, 510348.496600000187755 ], [ 361362.594000000506639, 510343.556500000879169 ], [ 361376.1385000012815, 510337.463999999687076 ] ] ] } },
{ "type": "Feature", "properties": { "IA_blck_gr": "G19011300016004", "IA_blck__1": "4", "IA_blck__2": "Block Group 4", "blck_grp_I": 1257, "blck_grp_1": 63803000, "Shape_Leng": 4907.5542083600003, "Shape_Area": 1331709.48062 }, "geometry": { "type": "Polygon", "coordinates": [ [ [ 361648.888099998235703, 511324.909099999815226 ], [ 361635.937600001692772, 511263.054400000721216 ], [ 361631.695900000631809, 511242.588899999856949 ], [ 361629.25959999859333, 511231.165899999439716 ], [ 361626.096099998801947, 511212.318099999800324 ], [ 361615.918299999088049, 511152.831399999558926 ], [ 361611.908799998462, 511129.129200000315905 ], [ 361609.39130000025034, 511114.118799999356 ], [ 361606.145599998533726, 511095.267100000753999 ], [ 361604.19709999859333, 511083.978599999 ], [ 361601.346200000494719, 511067.273 ], [ 361599.346500001847744, 511055.310200000181794 ], [ 361597.787799999117851, 511046.27930000051856 ], [ 361592.856199998408556, 511014.023499999195337 ], [ 361575.784600000828505, 510902.369000000879169 ], [ 361566.030000001192093, 510833.719100000336766 ], [ 361535.17790000140667, 510642.477800000458956 ], [ 361518.936900001019239, 510546.651399999856949 ], [ 361501.857999999076128, 510484.941500000655651 ], [ 361485.403900001198053, 510463.126900000497699 ], [ 361446.772999998182058, 510416.769500000402331 ], [ 361404.394400000572205, 510376.621999999508262 ], [ 361400.168099999427795, 510370.043400000780821 ], [ 361376.1385000012815, 510337.463999999687076 ], [ 361362.594000000506639, 510343.556500000879169 ], [ 361343.501200001686811, 510348.496600000187755 ], [ 361318.430500000715256, 510345.545299999415874 ], [ 361254.214800000190735, 510328.689200000837445 ], [ 361233.620000001043081, 510321.5777000002563 ], [ 361223.115600001066923, 510313.588999999687076 ], [ 361151.080400001257658, 510335.79079999961 ], [ 361099.711100000888109, 510349.317900000140071 ], [ 361013.783399999141693, 510397.643100000917912 ], [ 360975.922400001436472, 510429.04079999961 ], [ 360939.110100001096725, 510459.143400000408292 ], [ 360892.335700001567602, 510492.705199999734759 ], [ 360824.88399999961, 510522.736500000581145 ], [ 360804.310600001364946, 510536.568099999800324 ], [ 360789.080099999905, 510550.646500000730157 ], [ 360752.208999998867512, 510598.104699999094009 ], [ 360726.177999999374151, 510621.314999999478459 ], [ 360697.373100001364946, 510643.949500000104308 ], [ 360668.770599998533726, 510656.850700000301003 ], [ 360632.278099998831749, 510665.804300000891089 ], [ 360594.908799998462, 510665.198999999091029 ], [ 360401.857799999415874, 510655.617799999192357 ], [ 360392.958299998193979, 510791.379200000315905 ], [ 360381.829100001603365, 510959.400599999353 ], [ 360372.353399999439716, 511132.649199999869 ], [ 360358.447399999946, 511319.802899999544024 ], [ 360352.413499999791384, 511463.086300000548363 ], [ 360351.110899999738, 511480.607499999925 ], [ 360350.397799998521805, 511537.125800000503659 ], [ 360350.304400000721216, 511542.720599999651313 ], [ 360349.104699999094009, 511559.798599999397993 ], [ 360348.162399999797344, 511573.081000000238419 ], [ 360346.005300000309944, 511601.984999999403954 ], [ 360339.636399999260902, 511690.045199999585748 ], [ 360337.118799999356, 511724.979499999433756 ], [ 360335.910300001502037, 511763.669600000604987 ], [ 360334.577199999243021, 511810.416699999943 ], [ 360332.640299998223782, 511873.821299999952 ], [ 360348.476100001484156, 511875.1118 ], [ 360421.41950000077486, 511882.844900000840425 ], [ 360429.225400000810623, 511835.052799999713898 ], [ 360439.3706, 511832.945399999619 ], [ 360437.493000000715256, 511820.092700000852346 ], [ 360451.011, 511800.223799999803305 ], [ 360459.433600001037121, 511780.119799999520183 ], [ 360496.579, 511740.848600000143051 ], [ 360541.939899999648333, 511719.874099999666214 ], [ 360574.925599999725819, 511704.711300000548363 ], [ 360600.339299999177456, 511693.006599999964 ], [ 360622.891499999911, 511682.625700000673532 ], [ 360628.81529999896884, 511677.412100000306964 ], [ 360662.271600000560284, 511648.497600000351667 ], [ 360681.166200000792742, 511640.635500000789762 ], [ 360700.903299998492002, 511632.364399999380112 ], [ 360707.15989999845624, 511632.429300000891089 ], [ 360733.162000000476837, 511632.958399999886751 ], [ 360745.50560000166297, 511633.192500000819564 ], [ 360751.02250000089407, 511633.223400000482798 ], [ 360791.674499999731779, 511633.981200000271201 ], [ 360857.647599998861551, 511626.838600000366569 ], [ 360930.8004, 511605.134600000455976 ], [ 360937.73030000180006, 511603.103199999779463 ], [ 360946.314899999648333, 511599.13260000012815 ], [ 360964.171999998390675, 511592.3429000005126 ], [ 360968.369199998676777, 511590.633199999108911 ], [ 360981.546, 511587.098799999803305 ], [ 360982.717199999839067, 511586.705 ], [ 360992.554400000721216, 511585.927899999544024 ], [ 361001.117400001734495, 511585.987700000405312 ], [ 361010.861600000411272, 511587.221899999305606 ], [ 361013.311700001358986, 511587.6711 ], [ 361016.085499998182058, 511588.247300000861287 ], [ 361019.598900001496077, 511588.857599999755621 ], [ 361021.211599998176098, 511589.604100000113249 ], [ 361022.978500001132488, 511590.581599999219179 ], [ 361026.008600000292063, 511592.737299999222159 ], [ 361028.720300000160933, 511594.654400000348687 ], [ 361031.031500000506639, 511596.329 ], [ 361035.093899998813868, 511599.316299999132752 ], [ 361046.743000000715256, 511603.886299999430776 ], [ 361058.556400001049042, 511608.463700000196695 ], [ 361088.846000000834465, 511596.426000000908971 ], [ 361108.883900001645088, 511579.883099999278784 ], [ 361136.104600001126528, 511557.625199999660254 ], [ 361176.427999999374151, 511503.162100000306964 ], [ 361264.280099999159575, 511461.087999999523163 ], [ 361404.03489999845624, 511441.909 ], [ 361443.496599998325109, 511407.900399999693036 ], [ 361471.551399998366833, 511401.471799999475479 ], [ 361501.7971, 511402.871600000187755 ], [ 361537.175500001758337, 511401.933399999514222 ], [ 361578.596200000494719, 511380.782199999317527 ], [ 361648.888099998235703, 511324.909099999815226 ] ] ] } },
{ "type": "Feature", "properties": { "IA_blck_gr": "G19011300016005", "IA_blck__1": "5", "IA_blck__2": "Block Group 5", "blck_grp_I": 399, "blck_grp_1": 24830900, "Shape_Leng": 9121.2370918300003, "Shape_Area": 3492782.1329199998 }, "geometry": { "type": "Polygon", "coordinates": [ [ [ 362035.006599999964, 509922.941600000485778 ], [ 361995.43470000103116, 509921.779799999669194 ], [ 361936.447000000625849, 509920.054700000211596 ], [ 361932.347100000828505, 509919.640699999406934 ], [ 361900.020300000905991, 509916.7993 ], [ 361895.915300000458956, 509916.497099999338388 ], [ 361884.072500001639128, 509916.060499999672174 ], [ 361837.205099999905, 509914.113600000739098 ], [ 361669.141699999570847, 509905.323400000110269 ], [ 361634.122099999338388, 509903.702299999073148 ], [ 361468.000300001353025, 509895.67820000089705 ], [ 361466.318500000983477, 509919.565199999138713 ], [ 361461.462099999189377, 509940.841600000858307 ], [ 361452.357999999076128, 509957.778100000694394 ], [ 361446.579399999231, 509970.501000000163913 ], [ 361438.293200001120567, 509984.003799999132752 ], [ 361413.039000000804663, 510025.949599999934 ], [ 361407.506499998271465, 510040.475700000301003 ], [ 361406.945599999278784, 510043.697399999946 ], [ 361404.933499999344349, 510055.138599999248981 ], [ 361403.523800000548363, 510098.075699999928 ], [ 361400.343699999153614, 510115.1743 ], [ 361399.507899999619, 510145.707499999552965 ], [ 361399.021899998188019, 510156.211500000208616 ], [ 361388.311500001698732, 510204.317500000819564 ], [ 361372.327899999917, 510259.570399999619 ], [ 361371.929299999028444, 510269.966499999165535 ], [ 361372.921500001102686, 510285.914300000295043 ], [ 361373.44029999896884, 510322.781199999153614 ], [ 361376.1385000012815, 510337.463999999687076 ], [ 361400.168099999427795, 510370.043400000780821 ], [ 361404.394400000572205, 510376.621999999508262 ], [ 361446.772999998182058, 510416.769500000402331 ], [ 361485.403900001198053, 510463.126900000497699 ], [ 361501.857999999076128, 510484.941500000655651 ], [ 361518.936900001019239, 510546.651399999856949 ], [ 361535.17790000140667, 510642.477800000458956 ], [ 361566.030000001192093, 510833.719100000336766 ], [ 361575.784600000828505, 510902.369000000879169 ], [ 361592.856199998408556, 511014.023499999195337 ], [ 361597.787799999117851, 511046.27930000051856 ], [ 361599.346500001847744, 511055.310200000181794 ], [ 361601.346200000494719, 511067.273 ], [ 361604.19709999859333, 511083.978599999 ], [ 361606.145599998533726, 511095.267100000753999 ], [ 361609.39130000025034, 511114.118799999356 ], [ 361611.908799998462, 511129.129200000315905 ], [ 361615.918299999088049, 511152.831399999558926 ], [ 361626.096099998801947, 511212.318099999800324 ], [ 361629.25959999859333, 511231.165899999439716 ], [ 361631.695900000631809, 511242.588899999856949 ], [ 361635.937600001692772, 511263.054400000721216 ], [ 361648.888099998235703, 511324.909099999815226 ], [ 361672.920099999755621, 511305.752800000831485 ], [ 361698.390799999237061, 511301.780999999493361 ], [ 361733.650600001215935, 511303.413899999111891 ], [ 361828.103500001132488, 511335.89670000039041 ], [ 361868.101700000464916, 511345.476500000804663 ], [ 361909.560600001364946, 511321.753100000321865 ], [ 361958.986600000411272, 511271.858799999579787 ], [ 361967.805100001394749, 511262.860799999908 ], [ 361990.842000000178814, 511256.313500000163913 ], [ 362031.197900000959635, 511258.183900000527501 ], [ 362076.868500001728535, 511198.709599999710917 ], [ 362096.467399999499321, 511156.168299999088049 ], [ 362119.567699998617172, 511093.184100000187755 ], [ 362124.784400001168251, 510980.657800000160933 ], [ 362203.817099999636412, 510963.8289 ], [ 362245.691899999976, 510986.264000000432134 ], [ 362297.914799999445677, 511004.027899999171495 ], [ 362312.566799998283386, 511014.898 ], [ 362311.851500000804663, 511030.31870000064373 ], [ 362274.812800001353025, 511067.011399999260902 ], [ 362273.035199999809265, 511105.339700000360608 ], [ 362282.787300001829863, 511113.518899999558926 ], [ 362367.8412000015378, 511130.230499999597669 ], [ 362419.829500000923872, 511153.023700000718236 ], [ 362441.446499999613, 511177.095499999821186 ], [ 362450.130100000649691, 511208.294199999421835 ], [ 362437.673000000417233, 511315.221000000834465 ], [ 362432.219399999827147, 511322.695000000298023 ], [ 362412.732999999076128, 511362.777000000700355 ], [ 362412.195900000631809, 511429.38260000012815 ], [ 362426.255800001323223, 511452.991800000891089 ], [ 362447.871800001710653, 511477.063500000163913 ], [ 362489.944699998944998, 511496.933399999514222 ], [ 362499.618999999016523, 511504.997400000691414 ], [ 362519.039500001817942, 511521.352600000798702 ], [ 362522.475499998778105, 511557.346899999305606 ], [ 362525.743500001728535, 511566.793299999088049 ], [ 362535.819099999964, 511596.376800000667572 ], [ 362547.952899999917, 511606.458599999547005 ], [ 362555.32660000026226, 511612.624099999666214 ], [ 362633.469399999827147, 511643.239900000393391 ], [ 362716.546100001782179, 511666.918700000271201 ], [ 362740.852800000458956, 511689.772399999201298 ], [ 362768.570900000631809, 511754.442700000479817 ], [ 362815.559500001370907, 511822.695900000631809 ], [ 362860.122699998319149, 511859.817199999466538 ], [ 362900.231499999761581, 511866.94400000013411 ], [ 362910.414299998432398, 511883.542700000107288 ], [ 362916.152399998158216, 511892.99210000038147 ], [ 362963.115699999034405, 511915.667500000447035 ], [ 362990.692299999296665, 511919.524700000882149 ], [ 363046.68189999833703, 511909.2489 ], [ 363147.048300001770258, 511847.956299999728799 ], [ 363164.34910000115633, 511837.226399999111891 ], [ 363171.460499998182058, 511833.0777000002563 ], [ 363313.189399998635054, 511716.598400000482798 ], [ 363342.826099999248981, 511674.415100000798702 ], [ 363346.678599998354912, 511646.486199999228 ], [ 363340.823899999260902, 511588.205900000408292 ], [ 363335.111600000411272, 511532.171800000593066 ], [ 363325.863699998706579, 511440.585999999195337 ], [ 363317.537300001829863, 511401.787900000810623 ], [ 363306.177200000733137, 511368.000099999830127 ], [ 363297.504599999636412, 511341.952099999412894 ], [ 363296.462900001555681, 511311.219799999147654 ], [ 363299.526399999856949, 511298.483999999240041 ], [ 363424.047899998724461, 511281.207900000736117 ], [ 363480.598000001162291, 511260.770300000905991 ], [ 363522.30180000141263, 511231.915300000458956 ], [ 363554.33219999819994, 511194.995100000873208 ], [ 363565.3114, 511175.012800000607967 ], [ 363594.201299998909235, 511150.712899999693036 ], [ 363629.461800001561642, 511152.354299999773502 ], [ 363653.628299999982, 511176.4364 ], [ 363669.4945, 511189.493499999866 ], [ 363690.125500001013279, 511206.356000000610948 ], [ 363745.2511, 511216.537900000810623 ], [ 363804.866900000721216, 511183.36710000038147 ], [ 363828.895799998193979, 511153.802300000563264 ], [ 363838.123100001364946, 511118.39670000039041 ], [ 363811.855399999767542, 511086.377199999988 ], [ 363807.232999999076128, 511075.971200000494719 ], [ 363797.444899998605251, 511070.364 ], [ 363788.16780000180006, 511052.014299999923 ], [ 363787.644200000911951, 511008.427500000223517 ], [ 363796.751800000667572, 510975.592000000178814 ], [ 363807.372699998319149, 510963.320299999788404 ], [ 363810.279899999499321, 510955.728599999 ], [ 363829.181099999696016, 510928.388599999248981 ], [ 363829.654699999839067, 510918.220000000670552 ], [ 363845.731100000441074, 510898.475400000810623 ], [ 363847.793299999088049, 510852.433299999684095 ], [ 363834.095499999821186, 510821.111099999397993 ], [ 363834.050799999386072, 510767.243899999186397 ], [ 363844.63459999859333, 510757.54619999975 ], [ 363845.467399999499321, 510739.667199999094009 ], [ 363880.565799999982, 510690.012499999254942 ], [ 363885.176300000399351, 510644.088999999687076 ], [ 363855.117199998348951, 510583.784099999815226 ], [ 363853.641199998557568, 510560.646299999207258 ], [ 363859.570300001651049, 510543.004599999636412 ], [ 363896.417100001126528, 510508.885500000789762 ], [ 363900.8706, 510468.105900000780821 ], [ 363853.731100000441074, 510394.238900000229478 ], [ 363857.69819999858737, 510307.298299999908 ], [ 363848.741799999028444, 510283.811899999156594 ], [ 363850.205299999564886, 510250.620100000873208 ], [ 363884.315600000321865, 510223.988299999386072 ], [ 363909.110199999064207, 510232.870300000533462 ], [ 363936.540500000119209, 510241.763299999758601 ], [ 363947.162599999457598, 510229.491699999198318 ], [ 363950.891199998557568, 510147.691199999302626 ], [ 363950.368000000715256, 510104.104000000283122 ], [ 363958.524300001561642, 510091.717499999329448 ], [ 363962.504200000315905, 510061.106499999761581 ], [ 363951.6305, 510022.188500000163913 ], [ 363935.028999999165535, 509998.345699999481 ], [ 363900.236900001764297, 509986.534199999645352 ], [ 363848.294599998742342, 510017.486999999731779 ], [ 363815.337900001555681, 510021.103399999439716 ], [ 363791.05350000038743, 509999.479000000283122 ], [ 363779.907099999487, 509968.163599999621511 ], [ 363778.965500000864267, 509961.848500000312924 ], [ 363748.333200000226498, 509961.541999999433756 ], [ 363645.201499998569489, 509957.74860000051558 ], [ 363557.488899998366833, 509953.666200000792742 ], [ 363046.971999999135733, 509946.386800000444055 ], [ 362854.446100000292063, 509941.025699999183416 ], [ 362839.946899998933077, 509941.024199999869 ], [ 362648.438499998301268, 509935.043600000441074 ], [ 362645.150299999862909, 509934.891000000759959 ], [ 362350.467000000178814, 509929.6162 ], [ 362343.556600000709295, 509929.407600000500679 ], [ 362202.336300000548363, 509928.010299999266863 ], [ 362171.519099999219179, 509928.149299999698997 ], [ 362035.006599999964, 509922.941600000485778 ] ] ] } },
{ "type": "Feature", "properties": { "IA_blck_gr": "G19011300017001", "IA_blck__1": "1", "IA_blck__2": "Block Group 1", "blck_grp_I": 1562, "blck_grp_1": 176236600, "Shape_Leng": 4048.45378458, "Shape_Area": 857853.32210800005 }, "geometry": { "type": "Polygon", "coordinates": [ [ [ 359133.257599998265505, 511843.103099999949 ], [ 359139.377599999308586, 511690.30599999987 ], [ 359146.565200001001358, 511589.517100000753999 ], [ 359128.900299999862909, 511559.925599999725819 ], [ 359106.951200000941753, 511532.152799999341369 ], [ 359092.1985, 511507.286499999463558 ], [ 359087.611400000751019, 511499.572799999266863 ], [ 359080.640999998897314, 511464.873999999836087 ], [ 359069.391600001603365, 511351.255300000309944 ], [ 359064.090300001204014, 511321.448300000280142 ], [ 359061.588599998503923, 511282.699599999934 ], [ 359063.627999998629093, 511250.878499999642372 ], [ 359075.109099999070168, 511210.756899999454618 ], [ 359081.124499998986721, 511199.947200000286102 ], [ 359090.057799998670816, 511175.833799999207258 ], [ 359112.876600001007318, 511141.720499999821186 ], [ 359139.450599998235703, 511111.923299999908 ], [ 359150.767900001257658, 511075.377499999478459 ], [ 359125.155000001192093, 510949.899599999189377 ], [ 359118.445900000631809, 510925.627000000327826 ], [ 359109.568900000303984, 510909.093399999663234 ], [ 358987.289000000804663, 510929.788499999791384 ], [ 358885.697000000625849, 510946.620799999684095 ], [ 358782.219999998807907, 510961.464099999517202 ], [ 358767.938900001347065, 510963.94370000064373 ], [ 358747.436599999666214, 510965.577500000596046 ], [ 358603.103700000792742, 510964.325200000777841 ], [ 358394.007199998944998, 510963.575200000777841 ], [ 358243.084100000560284, 510965.946499999613 ], [ 358108.177999999374151, 510963.903799999505281 ], [ 357986.444699998944998, 510969.186000000685453 ], [ 357973.361999999731779, 510943.726500000804663 ], [ 357973.389600001275539, 510957.501499999314547 ], [ 357956.822200000286102, 510955.958399999886751 ], [ 357973.324599999934, 510969.704500000923872 ], [ 357964.4857, 510984.640900000929832 ], [ 357902.7357, 511072.180299999192357 ], [ 357863.752900000661612, 511119.441899999976 ], [ 357824.596000000834465, 511166.919800000265241 ], [ 357905.066500000655651, 511235.219699999317527 ], [ 357955.018899999558926, 511277.486099999397993 ], [ 358059.001400001347065, 511368.253599999472499 ], [ 358085.125, 511389.495699999853969 ], [ 358240.2511, 511526.955099999905 ], [ 358342.058600001037121, 511611.131699999794364 ], [ 358515.919799998402596, 511756.511 ], [ 358603.004700001329184, 511832.960599999875 ], [ 358667.769499998539686, 511900.435599999502301 ], [ 358737.731699999421835, 511836.796 ], [ 358745.266899999231, 511832.326899999752641 ], [ 358918.785399999469519, 511836.1557 ], [ 358931.472699999809265, 511836.066899999976 ], [ 359133.257599998265505, 511843.103099999949 ] ] ] } },
{ "type": "Feature", "properties": { "IA_blck_gr": "G19011300017002", "IA_blck__1": "2", "IA_blck__2": "Block Group 2", "blck_grp_I": 908, "blck_grp_1": 23986600, "Shape_Leng": 2219.9316905199998, "Shape_Area": 242839.50002400001 }, "geometry": { "type": "Polygon", "coordinates": [ [ [ 359109.568900000303984, 510909.093399999663234 ], [ 359060.945099998265505, 510829.0304000005126 ], [ 359056.855799999088049, 510814.060699999332428 ], [ 359057.276999998837709, 510804.89750000089407 ], [ 359059.218800000846386, 510789.533199999481 ], [ 359071.106300000101328, 510767.45920000039041 ], [ 359080.712999999523163, 510755.582699999213219 ], [ 359122.525299999862909, 510732.980699999257922 ], [ 359144.019900001585484, 510707.989 ], [ 359168.792100001126528, 510685.163699999451637 ], [ 359177.448699999600649, 510668.876199999824166 ], [ 359185.612100001424551, 510647.190999999642372 ], [ 359188.170699998736382, 510623.792300000786781 ], [ 359083.954, 510618.776900000870228 ], [ 358902.440499998629093, 510614.466499999165535 ], [ 358889.391600001603365, 510615.210799999535084 ], [ 358798.120900001376867, 510609.898199999704957 ], [ 358600.178300000727177, 510609.991399999707937 ], [ 358396.250900000333786, 510609.479100000113249 ], [ 358396.020199999213219, 510725.818 ], [ 358395.147199999541044, 510843.583000000566244 ], [ 358394.007199998944998, 510963.575200000777841 ], [ 358603.103700000792742, 510964.325200000777841 ], [ 358747.436599999666214, 510965.577500000596046 ], [ 358767.938900001347065, 510963.94370000064373 ], [ 358782.219999998807907, 510961.464099999517202 ], [ 358885.697000000625849, 510946.620799999684095 ], [ 358987.289000000804663, 510929.788499999791384 ], [ 359109.568900000303984, 510909.093399999663234 ] ] ] } },
{ "type": "Feature", "properties": { "IA_blck_gr": "G19011300017003", "IA_blck__1": "3", "IA_blck__2": "Block Group 3", "blck_grp_I": 657, "blck_grp_1": 16376100, "Shape_Leng": 2459.3870751200002, "Shape_Area": 323402.37010300002 }, "geometry": { "type": "Polygon", "coordinates": [ [ [ 358394.007199998944998, 510963.575200000777841 ], [ 358395.147199999541044, 510843.583000000566244 ], [ 358396.020199999213219, 510725.818 ], [ 358396.250900000333786, 510609.479100000113249 ], [ 358404.285199999809265, 510493.610099999234 ], [ 358252.8902000002563, 510491.704700000584126 ], [ 358099.204, 510491.26490000076592 ], [ 357996.646000001579523, 510493.1711 ], [ 357853.409000001847744, 510489.407700000330806 ], [ 357774.827399998903275, 510491.183299999684095 ], [ 357585.503699999302626, 510491.9211 ], [ 357580.321499999613, 510603.329600000753999 ], [ 357537.116399999707937, 510602.471699999645352 ], [ 357579.239199999719858, 510637.770400000736117 ], [ 357628.81700000166893, 510679.345499999821186 ], [ 357685.042700000107288, 510725.032800000160933 ], [ 357761.182700000703335, 510789.101600000634789 ], [ 357824.225499998778105, 510844.172700000926852 ], [ 357891.125500001013279, 510901.324599999934 ], [ 357956.822200000286102, 510955.958399999886751 ], [ 357973.389600001275539, 510957.501499999314547 ], [ 357973.361999999731779, 510943.726500000804663 ], [ 357986.444699998944998, 510969.186000000685453 ], [ 358108.177999999374151, 510963.903799999505281 ], [ 358243.084100000560284, 510965.946499999613 ], [ 358394.007199998944998, 510963.575200000777841 ] ] ] } },
{ "type": "Feature", "properties": { "IA_blck_gr": "G19011300017004", "IA_blck__1": "4", "IA_blck__2": "Block Group 4", "blck_grp_I": 1412, "blck_grp_1": 65595700, "Shape_Leng": 3222.5628375699998, "Shape_Area": 650059.25884000002 }, "geometry": { "type": "Polygon", "coordinates": [ [ [ 359242.810199998319149, 509808.155500000342727 ], [ 359151.026700001209974, 509804.831199999898672 ], [ 359096.826900001615286, 509801.107999999076128 ], [ 358972.674499999731779, 509799.433599999174476 ], [ 358799.994600001722574, 509794.300599999725819 ], [ 358754.256999999284744, 509792.872099999338388 ], [ 358698.849899999797344, 509793.911399999633431 ], [ 358649.92680000141263, 509793.6809 ], [ 358496.535399999469519, 509797.278899999335408 ], [ 358442.228100001811981, 509799.490299999713898 ], [ 358437.875300001353025, 509896.155999999493361 ], [ 358436.633000001311302, 509907.073400000110269 ], [ 358431.488299999386072, 509995.863800000399351 ], [ 358430.341499999165535, 510038.8125 ], [ 358428.81870000064373, 510072.001599999144673 ], [ 358426.394600000232458, 510081.744799999520183 ], [ 358419.696299999952, 510148.739199999719858 ], [ 358414.106699999421835, 510258.001700000837445 ], [ 358409.124200001358986, 510377.370500000193715 ], [ 358404.285199999809265, 510493.610099999234 ], [ 358396.250900000333786, 510609.479100000113249 ], [ 358600.178300000727177, 510609.991399999707937 ], [ 358798.120900001376867, 510609.898199999704957 ], [ 358889.391600001603365, 510615.210799999535084 ], [ 358902.440499998629093, 510614.466499999165535 ], [ 359083.954, 510618.776900000870228 ], [ 359188.170699998736382, 510623.792300000786781 ], [ 359195.594700001180172, 510564.446900000795722 ], [ 359199.294100001454353, 510509.0735 ], [ 359200.640599999576807, 510451.128299999982 ], [ 359202.104899998754263, 510442.572899999097 ], [ 359208.055100001394749, 510314.961899999529123 ], [ 359216.0603, 510210.737700000405312 ], [ 359225.3092, 510052.594699999317527 ], [ 359242.810199998319149, 509808.155500000342727 ] ] ] } },
{ "type": "Feature", "properties": { "IA_blck_gr": "G19011300017005", "IA_blck__1": "5", "IA_blck__2": "Block Group 5", "blck_grp_I": 2352, "blck_grp_1": 55516700, "Shape_Leng": 3275.9497523499999, "Shape_Area": 649025.55978200003 }, "geometry": { "type": "Polygon", "coordinates": [ [ [ 358442.228100001811981, 509799.490299999713898 ], [ 358318.491999998688698, 509795.941800000146031 ], [ 358140.094599999487, 509796.944199999794364 ], [ 357928.635000001639128, 509796.771600000560284 ], [ 357885.307, 509794.898600000888109 ], [ 357815.236600000411272, 509794.152599999681115 ], [ 357685.762200001627207, 509820.5866 ], [ 357677.233899999409914, 509823.331700000911951 ], [ 357579.605000000447035, 509850.55350000038743 ], [ 357481.205499999225, 509898.234099999070168 ], [ 357388.4221, 510010.450400000438094 ], [ 357313.392900001257658, 510105.5625 ], [ 357370.092300001531839, 510151.829099999741 ], [ 357440.408700000494719, 510211.933000000193715 ], [ 357466.955200001597404, 510238.455600000917912 ], [ 357485.905299998819828, 510250.968900000676513 ], [ 357592.502199999988, 510342.63370000012219 ], [ 357590.956000000238419, 510369.214600000530481 ], [ 357585.503699999302626, 510491.9211 ], [ 357774.827399998903275, 510491.183299999684095 ], [ 357853.409000001847744, 510489.407700000330806 ], [ 357996.646000001579523, 510493.1711 ], [ 358099.204, 510491.26490000076592 ], [ 358252.8902000002563, 510491.704700000584126 ], [ 358404.285199999809265, 510493.610099999234 ], [ 358409.124200001358986, 510377.370500000193715 ], [ 358414.106699999421835, 510258.001700000837445 ], [ 358419.696299999952, 510148.739199999719858 ], [ 358426.394600000232458, 510081.744799999520183 ], [ 358428.81870000064373, 510072.001599999144673 ], [ 358430.341499999165535, 510038.8125 ], [ 358431.488299999386072, 509995.863800000399351 ], [ 358436.633000001311302, 509907.073400000110269 ], [ 358437.875300001353025, 509896.155999999493361 ], [ 358442.228100001811981, 509799.490299999713898 ] ] ] } },
{ "type": "Feature", "properties": { "IA_blck_gr": "G19011300018001", "IA_blck__1": "1", "IA_blck__2": "Block Group 1", "blck_grp_I": 1156, "blck_grp_1": 36588200, "Shape_Leng": 3127.2766509899998, "Shape_Area": 467208.77540500002 }, "geometry": { "type": "Polygon", "coordinates": [ [ [ 358846.440000001341105, 512274.259999999776483 ], [ 358794.749699998646975, 512108.729299999773502 ], [ 358754.000100001692772, 512022.311899999156594 ], [ 358742.586300000548363, 512003.64670000039041 ], [ 358739.843299999833107, 511998.817500000819564 ], [ 358728.855799999088049, 511979.835999999195337 ], [ 358721.463899999856949, 511966.842599999159575 ], [ 358716.1217, 511959.430500000715256 ], [ 358702.647999998182058, 511940.782700000330806 ], [ 358667.769499998539686, 511900.435599999502301 ], [ 358577.304499998688698, 511981.946900000795722 ], [ 358525.681000001728535, 512033.663699999451637 ], [ 358506.611600000411272, 512066.942399999126792 ], [ 358448.4967, 512118.361600000411272 ], [ 358408.851100001484156, 512145.993000000715256 ], [ 358313.568, 512219.5592 ], [ 358229.412099998444319, 512298.339999999850988 ], [ 358242.449200000613928, 512312.151699999347329 ], [ 358256.396699998527765, 512340.226700000464916 ], [ 358281.662900000810623, 512412.381100000813603 ], [ 358317.693900000303984, 512547.850299999117851 ], [ 358323.807199999690056, 512565.375600000843406 ], [ 358338.138300001621246, 512583.278100000694394 ], [ 358364.282699998468161, 512607.5456000007689 ], [ 358462.771899998188019, 512699.074100000783801 ], [ 358480.445799998939037, 512715.898499999195337 ], [ 358502.881099998950958, 512738.42850000038743 ], [ 358523.282400000840425, 512764.000600000843406 ], [ 358535.943500000983477, 512782.386700000613928 ], [ 358564.339899998158216, 512779.099300000816584 ], [ 358603.61939999833703, 512775.527899999171495 ], [ 358724.909600000828505, 512764.973300000652671 ], [ 358709.175700001418591, 513055.509999999776483 ], [ 358823.492699999362, 513056.842599999159575 ], [ 358950.433499999344349, 513059.429199999198318 ], [ 358956.042399998754263, 512944.571699999272823 ], [ 358971.204500000923872, 512754.454700000584126 ], [ 358966.751600001007318, 512738.460799999535084 ], [ 358937.568900000303984, 512624.467399999499321 ], [ 358907.075599998235703, 512504.926599999889731 ], [ 358879.683600001037121, 512407.476700000464916 ], [ 358874.480399999767542, 512389.880599999800324 ], [ 358866.683200001716614, 512358.839600000530481 ], [ 358846.440000001341105, 512274.259999999776483 ] ] ] } },
{ "type": "Feature", "properties": { "IA_blck_gr": "G19011300018002", "IA_blck__1": "2", "IA_blck__2": "Block Group 2", "blck_grp_I": 1509, "blck_grp_1": 43084600, "Shape_Leng": 3871.2455027599999, "Shape_Area": 627337.15878000006 }, "geometry": { "type": "Polygon", "coordinates": [ [ [ 358667.769499998539686, 511900.435599999502301 ], [ 358603.004700001329184, 511832.960599999875 ], [ 358515.919799998402596, 511756.511 ], [ 358342.058600001037121, 511611.131699999794364 ], [ 358240.2511, 511526.955099999905 ], [ 358085.125, 511389.495699999853969 ], [ 358059.001400001347065, 511368.253599999472499 ], [ 357984.037000000476837, 511463.808599999174476 ], [ 357905.78660000115633, 511557.421900000423193 ], [ 357830.275600001215935, 511648.809699999168515 ], [ 357786.766699999570847, 511705.046499999240041 ], [ 357757.65260000154376, 511738.314799999818206 ], [ 357684.143199998885393, 511831.027100000530481 ], [ 357525.737399999052286, 511694.997099999338388 ], [ 357452.287099998444319, 511788.274000000208616 ], [ 357444.892200000584126, 511796.893999999389052 ], [ 357475.902199998497963, 511826.532299999147654 ], [ 357495.753600001335144, 511846.253599999472499 ], [ 357531.628499999642372, 511881.153899999335408 ], [ 357546.2652000002563, 511896.045399999246001 ], [ 357654.608199998736382, 512010.186599999666214 ], [ 357881.325300000607967, 512233.222300000488758 ], [ 358036.448300000280142, 512381.20299999975 ], [ 358049.23369999975, 512393.323100000619888 ], [ 358059.922299999744, 512395.492799999192357 ], [ 358065.098799999803305, 512388.563400000333786 ], [ 358075.481899999082088, 512368.659199999645352 ], [ 358084.738699998706579, 512335.601600000634789 ], [ 358092.145700000226498, 512341.092299999669194 ], [ 358114.01799999923, 512361.579700000584126 ], [ 358144.936099998652935, 512393.120100000873208 ], [ 358151.261700000613928, 512422.189099999144673 ], [ 358153.508000001311302, 512439.649000000208616 ], [ 358157.38230000063777, 512455.727800000458956 ], [ 358164.934099998325109, 512472.4232 ], [ 358184.68470000103116, 512494.269300000742078 ], [ 358197.300200000405312, 512506.493699999526143 ], [ 358217.383400000631809, 512517.493100000545382 ], [ 358250.625100001692772, 512527.080499999225 ], [ 358290.394799999892712, 512537.975299999117851 ], [ 358317.693900000303984, 512547.850299999117851 ], [ 358281.662900000810623, 512412.381100000813603 ], [ 358256.396699998527765, 512340.226700000464916 ], [ 358242.449200000613928, 512312.151699999347329 ], [ 358229.412099998444319, 512298.339999999850988 ], [ 358313.568, 512219.5592 ], [ 358408.851100001484156, 512145.993000000715256 ], [ 358448.4967, 512118.361600000411272 ], [ 358506.611600000411272, 512066.942399999126792 ], [ 358525.681000001728535, 512033.663699999451637 ], [ 358577.304499998688698, 511981.946900000795722 ], [ 358667.769499998539686, 511900.435599999502301 ] ] ] } },
{ "type": "Feature", "properties": { "IA_blck_gr": "G19011300018003", "IA_blck__1": "3", "IA_blck__2": "Block Group 3", "blck_grp_I": 514, "blck_grp_1": 13001000, "Shape_Leng": 2217.2925915800001, "Shape_Area": 255151.245501 }, "geometry": { "type": "Polygon", "coordinates": [ [ [ 358059.001400001347065, 511368.253599999472499 ], [ 357955.018899999558926, 511277.486099999397993 ], [ 357905.066500000655651, 511235.219699999317527 ], [ 357824.596000000834465, 511166.919800000265241 ], [ 357767.248700000345707, 511117.036800000816584 ], [ 357687.770500000566244, 511212.276200000196695 ], [ 357609.469700001180172, 511303.426799999549985 ], [ 357533.651999998837709, 511396.147399999201298 ], [ 357459.026900000870228, 511484.44400000013411 ], [ 357386.14469999819994, 511572.484799999744 ], [ 357334.66780000180006, 511633.734400000423193 ], [ 357313.207400001585484, 511659.963700000196695 ], [ 357341.984200000762939, 511689.835200000554323 ], [ 357444.892200000584126, 511796.893999999389052 ], [ 357452.287099998444319, 511788.274000000208616 ], [ 357525.737399999052286, 511694.997099999338388 ], [ 357684.143199998885393, 511831.027100000530481 ], [ 357757.65260000154376, 511738.314799999818206 ], [ 357786.766699999570847, 511705.046499999240041 ], [ 357830.275600001215935, 511648.809699999168515 ], [ 357905.78660000115633, 511557.421900000423193 ], [ 357984.037000000476837, 511463.808599999174476 ], [ 358059.001400001347065, 511368.253599999472499 ] ] ] } },
{ "type": "Feature", "properties": { "IA_blck_gr": "G19011300019001", "IA_blck__1": "1", "IA_blck__2": "Block Group 1", "blck_grp_I": 1475, "blck_grp_1": 9392300, "Shape_Leng": 3834.63684263, "Shape_Area": 556414.65488699998 }, "geometry": { "type": "Polygon", "coordinates": [ [ [ 357767.248700000345707, 511117.036800000816584 ], [ 357736.031700000166893, 511090.075400000438094 ], [ 357606.06529999896884, 510981.997400000691414 ], [ 357477.033700000494719, 510866.013699999079108 ], [ 357343.48930000141263, 510756.768699999898672 ], [ 357188.098200000822544, 510629.841600000858307 ], [ 357180.277399998158216, 510622.541300000622869 ], [ 357166.182199999690056, 510608.346999999135733 ], [ 357153.934599999338388, 510627.607699999585748 ], [ 357145.02589999884367, 510645.901200000196695 ], [ 357140.898800000548363, 510658.70240000076592 ], [ 357129.905999999493361, 510682.947699999436736 ], [ 357104.196699999272823, 510713.798900000751019 ], [ 357019.052700001746416, 510639.358899999409914 ], [ 356926.502900000661612, 510561.109899999573827 ], [ 356860.050000000745058, 510502.979199999943 ], [ 356753.580499999225, 510410.210799999535084 ], [ 356742.075800001621246, 510420.435599999502301 ], [ 356690.465900000184774, 510455.704500000923872 ], [ 356672.668200001120567, 510466.649900000542402 ], [ 356647.633099999278784, 510480.960200000554323 ], [ 356725.080899998545647, 510586.95920000039041 ], [ 356771.348600000143051, 510641.591299999505281 ], [ 356789.461599998176098, 510672.42960000038147 ], [ 356829.577899999917, 510740.890699999406934 ], [ 356841.016600001603365, 510769.968299999833107 ], [ 356857.911400001496077, 510836.472899999469519 ], [ 356868.251200001686811, 510885.992799999192357 ], [ 356869.588199999183416, 510927.039000000804663 ], [ 356868.233199998736382, 510967.514000000432134 ], [ 356918.399999998509884, 510942.1469 ], [ 356940.051600001752377, 510918.948400000110269 ], [ 356936.873599998652935, 510925.410099999979 ], [ 356934.53830000013113, 510933.254000000655651 ], [ 356934.242699999362, 510941.527000000700355 ], [ 356929.977600000798702, 510955.5537 ], [ 356925.229100000113249, 510967.542600000277162 ], [ 356920.056299999356, 510987.01490000076592 ], [ 356919.775499999523163, 510993.161000000312924 ], [ 356916.829700000584126, 511003.5526 ], [ 356913.547899998724461, 511024.902899999171495 ], [ 356911.283100001513958, 511045.627800000831485 ], [ 356916.973099999129772, 511076.122600000351667 ], [ 356921.805399999022484, 511089.333100000396371 ], [ 356925.850699998438358, 511098.140499999747 ], [ 356930.751400001347065, 511117.065199999138713 ], [ 356940.281899999827147, 511141.016599999741 ], [ 356946.546799998730421, 511151.7171 ], [ 356950.314800001680851, 511161.183700000867248 ], [ 356969.372600000351667, 511198.336400000378489 ], [ 356974.368200000375509, 511207.971000000834465 ], [ 356960.246300000697374, 511225.018500000238419 ], [ 356983.25730000063777, 511254.961100000888109 ], [ 356998.98030000180006, 511231.715900000184774 ], [ 357003.245000001043081, 511235.718100000172853 ], [ 357020.442499998956919, 511252.293500000610948 ], [ 357101.53770000115037, 511330.467599999159575 ], [ 357230.277100000530481, 511440.160299999639392 ], [ 357191.957299999892712, 511485.663599999621511 ], [ 357185.1195, 511503.715600000694394 ], [ 357187.318500000983477, 511506.055800000205636 ], [ 357307.072900000959635, 511653.636199999600649 ], [ 357313.207400001585484, 511659.963700000196695 ], [ 357334.66780000180006, 511633.734400000423193 ], [ 357386.14469999819994, 511572.484799999744 ], [ 357459.026900000870228, 511484.44400000013411 ], [ 357533.651999998837709, 511396.147399999201298 ], [ 357609.469700001180172, 511303.426799999549985 ], [ 357687.770500000566244, 511212.276200000196695 ], [ 357767.248700000345707, 511117.036800000816584 ] ] ] } },
{ "type": "Feature", "properties": { "IA_blck_gr": "G19011300019002", "IA_blck__1": "2", "IA_blck__2": "Block Group 2", "blck_grp_I": 646, "blck_grp_1": 11782800, "Shape_Leng": 2625.55922629, "Shape_Area": 269958.30428699998 }, "geometry": { "type": "Polygon", "coordinates": [ [ [ 357956.822200000286102, 510955.958399999886751 ], [ 357891.125500001013279, 510901.324599999934 ], [ 357824.225499998778105, 510844.172700000926852 ], [ 357761.182700000703335, 510789.101600000634789 ], [ 357685.042700000107288, 510725.032800000160933 ], [ 357628.81700000166893, 510679.345499999821186 ], [ 357579.239199999719858, 510637.770400000736117 ], [ 357537.116399999707937, 510602.471699999645352 ], [ 357580.321499999613, 510603.329600000753999 ], [ 357585.503699999302626, 510491.9211 ], [ 357590.956000000238419, 510369.214600000530481 ], [ 357592.502199999988, 510342.63370000012219 ], [ 357485.905299998819828, 510250.968900000676513 ], [ 357466.955200001597404, 510238.455600000917912 ], [ 357393.26069999858737, 510324.221300000324845 ], [ 357316.3277000002563, 510417.790100000798702 ], [ 357241.856499999761581, 510508.000600000843406 ], [ 357166.182199999690056, 510608.346999999135733 ], [ 357180.277399998158216, 510622.541300000622869 ], [ 357188.098200000822544, 510629.841600000858307 ], [ 357343.48930000141263, 510756.768699999898672 ], [ 357477.033700000494719, 510866.013699999079108 ], [ 357606.06529999896884, 510981.997400000691414 ], [ 357736.031700000166893, 511090.075400000438094 ], [ 357767.248700000345707, 511117.036800000816584 ], [ 357824.596000000834465, 511166.919800000265241 ], [ 357863.752900000661612, 511119.441899999976 ], [ 357902.7357, 511072.180299999192357 ], [ 357964.4857, 510984.640900000929832 ], [ 357973.324599999934, 510969.704500000923872 ], [ 357956.822200000286102, 510955.958399999886751 ] ] ] } },
{ "type": "Feature", "properties": { "IA_blck_gr": "G19011300019003", "IA_blck__1": "3", "IA_blck__2": "Block Group 3", "blck_grp_I": 482, "blck_grp_1": 18852400, "Shape_Leng": 4798.8247094500002, "Shape_Area": 980700.31542799994 }, "geometry": { "type": "Polygon", "coordinates": [ [ [ 357166.182199999690056, 510608.346999999135733 ], [ 357241.856499999761581, 510508.000600000843406 ], [ 357316.3277000002563, 510417.790100000798702 ], [ 357393.26069999858737, 510324.221300000324845 ], [ 357466.955200001597404, 510238.455600000917912 ], [ 357440.408700000494719, 510211.933000000193715 ], [ 357370.092300001531839, 510151.829099999741 ], [ 357313.392900001257658, 510105.5625 ], [ 357136.047499999403954, 509952.212400000542402 ], [ 357049.383499998599291, 509874.79079999961 ], [ 356961.229299999773502, 509802.901200000196695 ], [ 356873.298700001090765, 509727.887399999424815 ], [ 356799.720499999821186, 509816.575899999588728 ], [ 356711.624600000679493, 509743.347999999299645 ], [ 356622.812800001353025, 509669.528699999675155 ], [ 356534.017900001257658, 509589.8881 ], [ 356445.808600001037121, 509515.426400000229478 ], [ 356398.67119999975, 509468.819099999964 ], [ 356382.670699998736382, 509452.971499999985 ], [ 356358.588700000196695, 509439.107100000604987 ], [ 356293.909299999475479, 509531.4539 ], [ 356284.243200000375509, 509541.091399999335408 ], [ 356202.15430000051856, 509623.238299999386072 ], [ 356111.182, 509714.163499999791384 ], [ 356008.902899999171495, 509816.444299999624491 ], [ 355984.578600000590086, 509862.144099999219179 ], [ 355983.053800001740456, 509864.874199999496341 ], [ 355979.182900000363588, 509872.088500000536442 ], [ 355975.753600001335144, 509878.651100000366569 ], [ 355974.403299998492002, 509881.165200000628829 ], [ 355969.901000000536442, 509889.582599999383092 ], [ 355888.926899999380112, 510041.435200000181794 ], [ 355850.692600000649691, 510309.343399999663234 ], [ 355940.105700001120567, 510322.9353 ], [ 355962.753199998289347, 510326.654899999499321 ], [ 356087.021099999547005, 510347.211799999698997 ], [ 356187.818999998271465, 510349.567500000819564 ], [ 356195.155900001525879, 510351.245799999684095 ], [ 356202.778200000524521, 510346.666200000792742 ], [ 356229.767499998211861, 510311.167199999094009 ], [ 356240.870900001376867, 510300.699300000444055 ], [ 356244.223999999463558, 510310.25870000012219 ], [ 356257.865699999034405, 510314.576199999079108 ], [ 356278.489900000393391, 510321.115900000557303 ], [ 356294.880800001323223, 510299.467199999839067 ], [ 356381.700899999588728, 510173.081399999558926 ], [ 356403.458399999886751, 510201.73340000025928 ], [ 356424.278000000864267, 510178.7193 ], [ 356431.7456, 510186.56279999949 ], [ 356593.888399999588728, 510409.638299999758601 ], [ 356600.646899998188019, 510418.569399999454618 ], [ 356612.9923, 510435.034299999475479 ], [ 356632.800299998372793, 510461.246300000697374 ], [ 356647.633099999278784, 510480.960200000554323 ], [ 356672.668200001120567, 510466.649900000542402 ], [ 356690.465900000184774, 510455.704500000923872 ], [ 356742.075800001621246, 510420.435599999502301 ], [ 356753.580499999225, 510410.210799999535084 ], [ 356860.050000000745058, 510502.979199999943 ], [ 356926.502900000661612, 510561.109899999573827 ], [ 357019.052700001746416, 510639.358899999409914 ], [ 357104.196699999272823, 510713.798900000751019 ], [ 357129.905999999493361, 510682.947699999436736 ], [ 357140.898800000548363, 510658.70240000076592 ], [ 357145.02589999884367, 510645.901200000196695 ], [ 357153.934599999338388, 510627.607699999585748 ], [ 357166.182199999690056, 510608.346999999135733 ] ] ] } },
{ "type": "Feature", "properties": { "IA_blck_gr": "G19011300022001", "IA_blck__1": "1", "IA_blck__2": "Block Group 1", "blck_grp_I": 1241, "blck_grp_1": 38911700, "Shape_Leng": 4732.9479460499997, "Shape_Area": 958036.81112299999 }, "geometry": { "type": "Polygon", "coordinates": [ [ [ 356358.588700000196695, 509439.107100000604987 ], [ 356398.947900000959635, 509381.4857 ], [ 356443.966400001198053, 509261.478700000792742 ], [ 356563.953200001269579, 509141.533399999141693 ], [ 356616.761999998241663, 509058.500800000503659 ], [ 356668.950500000268221, 508976.448100000619888 ], [ 356673.604400001466274, 508971.9572 ], [ 356609.85190000012517, 508924.701999999582767 ], [ 356607.534000001847744, 508923.140399999917 ], [ 356569.326200000941753, 508897.432299999520183 ], [ 356563.066399998962879, 508893.787100000306964 ], [ 356428.710099998861551, 508817.555600000545382 ], [ 356384.514600001275539, 508791.239399999380112 ], [ 356374.811000000685453, 508785.421599999070168 ], [ 356359.135400000959635, 508776.867900000885129 ], [ 356348.661200001835823, 508771.686899999156594 ], [ 356283.008200000971556, 508735.322000000625849 ], [ 356181.762899998575449, 508680.873700000345707 ], [ 356171.627500001341105, 508675.484400000423193 ], [ 356147.908700000494719, 508664.436799999326468 ], [ 356143.791999999433756, 508662.569299999624491 ], [ 356128.059900000691414, 508655.245300000533462 ], [ 356120.232999999076128, 508653.432800000533462 ], [ 356100.614900000393391, 508693.412399999797344 ], [ 356070.1798, 508744.769200000911951 ], [ 356049.742800001055002, 508779.22440000064671 ], [ 355957.894999999552965, 508930.807099999859929 ], [ 355926.507100000977516, 508985.032400000840425 ], [ 355912.19709999859333, 509009.800499999895692 ], [ 355871.963199999183416, 509079.188500000163913 ], [ 355815.555799998342991, 509174.491699999198318 ], [ 355773.596999999135733, 509243.8015 ], [ 355738.433400001376867, 509225.403000000864267 ], [ 355713.886900000274181, 509210.847599999979 ], [ 355652.928599998354912, 509179.964999999850988 ], [ 355553.878899998962879, 509124.393200000748038 ], [ 355450.958599999547005, 509068.758400000631809 ], [ 355359.451299998909235, 509017.5636 ], [ 355201.555300001055002, 508926.173299999908 ], [ 355153.241900000721216, 508921.513399999588728 ], [ 355170.037599999457598, 509006.935100000351667 ], [ 355178.456999998539686, 509051.886600000783801 ], [ 355207.759100001305342, 509208.313200000673532 ], [ 355240.648200001567602, 509389.090900000184774 ], [ 355262.564100001007318, 509504.980200000107288 ], [ 355284.24100000038743, 509617.051200000569224 ], [ 355290.901599999517202, 509651.7324 ], [ 355296.38230000063777, 509679.752900000661612 ], [ 355307.026599999517202, 509739.139000000432134 ], [ 355372.288899999111891, 509742.331399999558926 ], [ 355383.844599999487, 509743.641000000759959 ], [ 355460.3412000015378, 509742.529899999499321 ], [ 355489.221299998462, 509743.284099999815226 ], [ 355501.36259999871254, 509744.396500000730157 ], [ 355616.820399999619, 509745.171900000423193 ], [ 355658.324000000953674, 509745.493499999866 ], [ 355693.395899999886751, 509747.762099999934 ], [ 355710.274700000882149, 509749.762499999254942 ], [ 355774.495099999010563, 509755.9342 ], [ 355790.054499998688698, 509772.432199999690056 ], [ 355797.317299999296665, 509779.369799999520183 ], [ 355808.974199999123812, 509789.307099999859929 ], [ 355821.154800001531839, 509798.596400000154972 ], [ 355830.087099999189377, 509805.050300000235438 ], [ 355844.281300000846386, 509813.535399999469519 ], [ 355848.064800001680851, 509806.428999999538064 ], [ 355879.861600000411272, 509828.145999999716878 ], [ 355974.403299998492002, 509881.165200000628829 ], [ 355975.753600001335144, 509878.651100000366569 ], [ 355979.182900000363588, 509872.088500000536442 ], [ 355983.053800001740456, 509864.874199999496341 ], [ 355984.578600000590086, 509862.144099999219179 ], [ 356008.902899999171495, 509816.444299999624491 ], [ 356111.182, 509714.163499999791384 ], [ 356202.15430000051856, 509623.238299999386072 ], [ 356284.243200000375509, 509541.091399999335408 ], [ 356293.909299999475479, 509531.4539 ], [ 356358.588700000196695, 509439.107100000604987 ] ] ] } },
{ "type": "Feature", "properties": { "IA_blck_gr": "G19011300022002", "IA_blck__1": "2", "IA_blck__2": "Block Group 2", "blck_grp_I": 1365, "blck_grp_1": 33685200, "Shape_Leng": 3258.56293594, "Shape_Area": 589230.556752 }, "geometry": { "type": "Polygon", "coordinates": [ [ [ 356120.232999999076128, 508653.432800000533462 ], [ 356118.552299998700619, 508652.348400000482798 ], [ 356115.348000001162291, 508644.923399999738 ], [ 356083.497999999672174, 508629.698000000789762 ], [ 356055.729100000113249, 508617.122199999168515 ], [ 356036.169599998742342, 508612.423599999397993 ], [ 356018.767499998211861, 508605.583599999547005 ], [ 356005.333000000566244, 508600.268200000748038 ], [ 355877.029500000178814, 508546.494799999520183 ], [ 355679.832499999552965, 508464.055199999362 ], [ 355648.542100001126528, 508450.984699999914 ], [ 355570.033100001513958, 508418.1842 ], [ 355486.511999998241663, 508383.252800000831485 ], [ 355480.364799998700619, 508380.7335 ], [ 355345.660599999129772, 508324.438200000673532 ], [ 355228.337699998170137, 508275.430500000715256 ], [ 355146.401299998164177, 508240.014799999073148 ], [ 355139.8581000007689, 508237.141799999400973 ], [ 355117.590300001204014, 508224.931500000879169 ], [ 355086.287799999117851, 508212.086899999529123 ], [ 355080.258799999952, 508228.722200000658631 ], [ 355085.236600000411272, 508235.219399999827147 ], [ 355096.896600000560284, 508254.226500000804663 ], [ 355106.260299999266863, 508274.808800000697374 ], [ 355109.932500001043081, 508290.093299999833107 ], [ 355111.883099999278784, 508305.187699999660254 ], [ 355113.27140000090003, 508316.336899999529123 ], [ 355113.152800001204014, 508344.327299999073148 ], [ 355112.3885000012815, 508375.64750000089407 ], [ 355108.465900000184774, 508420.262299999594688 ], [ 355107.486099999397993, 508461.763199999928 ], [ 355107.088700000196695, 508477.758500000461936 ], [ 355108.904800001531839, 508539.319299999624491 ], [ 355113.920699998736382, 508588.4835 ], [ 355121.018899999558926, 508620.833000000566244 ], [ 355124.347699999809265, 508638.229499999433756 ], [ 355129.263599999248981, 508664.20890000090003 ], [ 355138.322200000286102, 508711.429099999368191 ], [ 355114.969999998807907, 508715.854900000616908 ], [ 355150.624699998646975, 508908.4046 ], [ 355153.241900000721216, 508921.513399999588728 ], [ 355201.555300001055002, 508926.173299999908 ], [ 355359.451299998909235, 509017.5636 ], [ 355450.958599999547005, 509068.758400000631809 ], [ 355553.878899998962879, 509124.393200000748038 ], [ 355652.928599998354912, 509179.964999999850988 ], [ 355713.886900000274181, 509210.847599999979 ], [ 355738.433400001376867, 509225.403000000864267 ], [ 355773.596999999135733, 509243.8015 ], [ 355815.555799998342991, 509174.491699999198318 ], [ 355871.963199999183416, 509079.188500000163913 ], [ 355912.19709999859333, 509009.800499999895692 ], [ 355926.507100000977516, 508985.032400000840425 ], [ 355957.894999999552965, 508930.807099999859929 ], [ 356049.742800001055002, 508779.22440000064671 ], [ 356070.1798, 508744.769200000911951 ], [ 356100.614900000393391, 508693.412399999797344 ], [ 356120.232999999076128, 508653.432800000533462 ] ] ] } },
{ "type": "Feature", "properties": { "IA_blck_gr": "G19011300023001", "IA_blck__1": "1", "IA_blck__2": "Block Group 1", "blck_grp_I": 830, "blck_grp_1": 23005100, "Shape_Leng": 2992.22853446, "Shape_Area": 496188.43061899999 }, "geometry": { "type": "Polygon", "coordinates": [ [ [ 355153.241900000721216, 508921.513399999588728 ], [ 355133.22690000012517, 508919.595899999141693 ], [ 355001.558800000697374, 508914.508099999278784 ], [ 354923.870900001376867, 508912.658399999141693 ], [ 354902.037900000810623, 508912.674499999731779 ], [ 354881.340799998492002, 508913.078199999406934 ], [ 354805.846400000154972, 508910.097500000149012 ], [ 354767.24040000140667, 508907.560599999502301 ], [ 354639.651399999856949, 508901.544399999082088 ], [ 354580.944099999964, 508898.991900000721216 ], [ 354578.236499998719, 509011.298299999908 ], [ 354602.103399999439716, 509019.100299999117851 ], [ 354674.838799998164177, 509059.243699999526143 ], [ 354641.829399999231, 509118.551100000739098 ], [ 354637.209699999541044, 509135.026599999517202 ], [ 354633.609000001102686, 509250.651699999347329 ], [ 354626.160599999129772, 509367.557700000703335 ], [ 354622.868099998682737, 509412.872500000521541 ], [ 354622.335700001567602, 509486.307800000533462 ], [ 354612.956099998206, 509604.021600000560284 ], [ 354608.490600001066923, 509716.919399999082088 ], [ 354804.048799999058247, 509720.647199999541044 ], [ 354871.115800000727177, 509725.821000000461936 ], [ 354913.806800000369549, 509727.200300000607967 ], [ 354985.076299998909235, 509732.3421 ], [ 355016.761700000613928, 509732.998099999502301 ], [ 355101.067899998277426, 509732.238399999216199 ], [ 355131.926199998706579, 509732.969100000336766 ], [ 355215.868999999016523, 509734.769799999892712 ], [ 355307.026599999517202, 509739.139000000432134 ], [ 355296.38230000063777, 509679.752900000661612 ], [ 355290.901599999517202, 509651.7324 ], [ 355284.24100000038743, 509617.051200000569224 ], [ 355262.564100001007318, 509504.980200000107288 ], [ 355240.648200001567602, 509389.090900000184774 ], [ 355207.759100001305342, 509208.313200000673532 ], [ 355178.456999998539686, 509051.886600000783801 ], [ 355170.037599999457598, 509006.935100000351667 ], [ 355153.241900000721216, 508921.513399999588728 ] ] ] } },
{ "type": "Feature", "properties": { "IA_blck_gr": "G19011300023002", "IA_blck__1": "2", "IA_blck__2": "Block Group 2", "blck_grp_I": 951, "blck_grp_1": 27791100, "Shape_Leng": 3219.5928307300001, "Shape_Area": 624860.92476700002 }, "geometry": { "type": "Polygon", "coordinates": [ [ [ 354580.944099999964, 508898.991900000721216 ], [ 354450.249200001358986, 508897.876900000497699 ], [ 354312.840799998492002, 508892.204500000923872 ], [ 354201.207699999213219, 508888.598699999973 ], [ 354187.544599998742342, 508888.315300000831485 ], [ 354073.784000001847744, 508884.391000000759959 ], [ 354061.805700000375509, 508883.28830000013113 ], [ 354052.124400001019239, 508882.401699999347329 ], [ 353896.310699999332428, 508877.470300000160933 ], [ 353886.92790000140667, 508877.269300000742078 ], [ 353850.563099998980761, 508876.182199999690056 ], [ 353842.953400000929832, 509069.676400000229478 ], [ 353832.078899998217821, 509282.506899999454618 ], [ 353842.283300001174212, 509282.745200000703335 ], [ 353876.918299999088049, 509296.5197 ], [ 353863.444600000977516, 509519.422199999914 ], [ 353853.884300000965595, 509686.847400000318885 ], [ 354009.551399998366833, 509696.475199999287724 ], [ 354153.983899999409914, 509701.341499999165535 ], [ 354320.540300000458956, 509706.990000000223517 ], [ 354440.953000001609325, 509711.108300000429153 ], [ 354468.589899998158216, 509712.0263 ], [ 354608.490600001066923, 509716.919399999082088 ], [ 354612.956099998206, 509604.021600000560284 ], [ 354622.335700001567602, 509486.307800000533462 ], [ 354622.868099998682737, 509412.872500000521541 ], [ 354626.160599999129772, 509367.557700000703335 ], [ 354633.609000001102686, 509250.651699999347329 ], [ 354637.209699999541044, 509135.026599999517202 ], [ 354641.829399999231, 509118.551100000739098 ], [ 354674.838799998164177, 509059.243699999526143 ], [ 354602.103399999439716, 509019.100299999117851 ], [ 354578.236499998719, 509011.298299999908 ], [ 354580.944099999964, 508898.991900000721216 ] ] ] } },
{ "type": "Feature", "properties": { "IA_blck_gr": "G19011300023003", "IA_blck__1": "3", "IA_blck__2": "Block Group 3", "blck_grp_I": 1202, "blck_grp_1": 43047000, "Shape_Leng": 4507.5034455300001, "Shape_Area": 743888.51005100005 }, "geometry": { "type": "Polygon", "coordinates": [ [ [ 353850.563099998980761, 508876.182199999690056 ], [ 353759.812699999660254, 508873.5285 ], [ 353742.203200001269579, 508873.067199999466538 ], [ 353736.201499998569489, 508872.795499999076128 ], [ 353646.949999999254942, 508867.971300000324845 ], [ 353634.962699998170137, 509061.827299999073148 ], [ 353585.917399998754263, 509060.615399999544024 ], [ 353476.340900000184774, 509055.321299999952 ], [ 353451.237799998372793, 509058.440799999982 ], [ 353414.567800000309944, 509060.477399999275804 ], [ 353375.106300000101328, 509060.484300000593066 ], [ 353279.832299999892712, 509052.256300000473857 ], [ 353277.298099998384714, 509084.616100000217557 ], [ 353271.037200000137091, 509263.165400000289083 ], [ 353173.643699999898672, 509261.785599999129772 ], [ 353072.302700001746416, 509258.437100000679493 ], [ 353008.071100000292063, 509257.886299999430776 ], [ 352896.218400001525879, 509255.632699999958 ], [ 352839.25899999961, 509250.932499999180436 ], [ 352733.052799999713898, 509242.217599999159575 ], [ 352640.469000000506639, 509247.444499999284744 ], [ 352550.317299999296665, 509242.5921 ], [ 352480.3026, 509238.761199999600649 ], [ 352436.242800001055002, 509220.2006 ], [ 352433.649399999529123, 509286.8235 ], [ 352432.609000001102686, 509313.539499999955 ], [ 352421.314699999988, 509644.264799999073148 ], [ 352588.185699999332428, 509650.226299999281764 ], [ 352733.343499999493361, 509655.435100000351667 ], [ 352797.110300000756979, 509657.082599999383092 ], [ 352869.842700000852346, 509659.023700000718236 ], [ 352967.915399998426437, 509661.662399999797344 ], [ 353051.443799998611212, 509665.324599999934 ], [ 353155.096500001847744, 509668.441800000146031 ], [ 353253.600400000810623, 509670.655600000172853 ], [ 353282.218800000846386, 509671.725700000301003 ], [ 353325.973700001835823, 509673.25650000013411 ], [ 353413.235399998724461, 509674.515900000929832 ], [ 353485.014199998229742, 509679.3311 ], [ 353535.251899998635054, 509679.588600000366569 ], [ 353705.346200000494719, 509681.688699999824166 ], [ 353809.082299999892712, 509686.609999999403954 ], [ 353853.884300000965595, 509686.847400000318885 ], [ 353863.444600000977516, 509519.422199999914 ], [ 353876.918299999088049, 509296.5197 ], [ 353842.283300001174212, 509282.745200000703335 ], [ 353832.078899998217821, 509282.506899999454618 ], [ 353842.953400000929832, 509069.676400000229478 ], [ 353850.563099998980761, 508876.182199999690056 ] ] ] } },
{ "type": "Feature", "properties": { "IA_blck_gr": "G19011300023004", "IA_blck__1": "4", "IA_blck__2": "Block Group 4", "blck_grp_I": 1256, "blck_grp_1": 41790300, "Shape_Leng": 3639.2556529, "Shape_Area": 612976.59413600003 }, "geometry": { "type": "Polygon", "coordinates": [ [ [ 353646.949999999254942, 508867.971300000324845 ], [ 353458.779500000178814, 508862.5921 ], [ 353447.766199998557568, 508860.190199999138713 ], [ 353429.727800000458956, 508856.4627 ], [ 353238.650100000202656, 508765.963999999687076 ], [ 353084.580499999225, 508695.0592 ], [ 353033.130100000649691, 508670.450200000777841 ], [ 352894.023800000548363, 508603.808700000867248 ], [ 352825.602299999445677, 508570.036199999973 ], [ 352813.244800001382828, 508564.551000000908971 ], [ 352593.583000000566244, 508486.439400000497699 ], [ 352469.677400000393391, 508446.135199999436736 ], [ 352464.795400001108646, 508616.461100000888109 ], [ 352461.878600001335144, 508701.2105 ], [ 352456.407600000500679, 508791.44370000064373 ], [ 352451.747699998319149, 508874.658600000664592 ], [ 352452.661200001835823, 508938.416300000622869 ], [ 352436.242800001055002, 509220.2006 ], [ 352480.3026, 509238.761199999600649 ], [ 352550.317299999296665, 509242.5921 ], [ 352640.469000000506639, 509247.444499999284744 ], [ 352733.052799999713898, 509242.217599999159575 ], [ 352839.25899999961, 509250.932499999180436 ], [ 352896.218400001525879, 509255.632699999958 ], [ 353008.071100000292063, 509257.886299999430776 ], [ 353072.302700001746416, 509258.437100000679493 ], [ 353173.643699999898672, 509261.785599999129772 ], [ 353271.037200000137091, 509263.165400000289083 ], [ 353277.298099998384714, 509084.616100000217557 ], [ 353279.832299999892712, 509052.256300000473857 ], [ 353375.106300000101328, 509060.484300000593066 ], [ 353414.567800000309944, 509060.477399999275804 ], [ 353451.237799998372793, 509058.440799999982 ], [ 353476.340900000184774, 509055.321299999952 ], [ 353585.917399998754263, 509060.615399999544024 ], [ 353634.962699998170137, 509061.827299999073148 ], [ 353646.949999999254942, 508867.971300000324845 ] ] ] } },
{ "type": "Feature", "properties": { "IA_blck_gr": "G19011300024001", "IA_blck__1": "1", "IA_blck__2": "Block Group 1", "blck_grp_I": 772, "blck_grp_1": 26108800, "Shape_Leng": 3831.0738332400001, "Shape_Area": 880435.8554 }, "geometry": { "type": "Polygon", "coordinates": [ [ [ 355080.258799999952, 508228.722200000658631 ], [ 355060.590399999171495, 508215.510399999097 ], [ 355052.034400001168251, 508206.16300000064075 ], [ 355035.436599999666214, 508197.905999999493361 ], [ 354989.890999998897314, 508179.37529999949 ], [ 354899.782099999487, 508144.263000000268221 ], [ 354853.20160000026226, 508123.110600000247359 ], [ 354798.075500000268221, 508094.179500000551343 ], [ 354742.50730000063777, 508056.830099999905 ], [ 354718.88910000026226, 508039.856300000101328 ], [ 354694.235300000756979, 508018.468399999663234 ], [ 354682.094999998807907, 508006.383099999278784 ], [ 354663.445599999278784, 507988.851199999451637 ], [ 354619.534600000828505, 507948.784399999305606 ], [ 354605.308800000697374, 507929.997600000351667 ], [ 354574.182799998670816, 507931.384800000116229 ], [ 354553.051699999719858, 507932.217700000852346 ], [ 354524.684799998998642, 507932.722300000488758 ], [ 354137.623399998992682, 507935.664100000634789 ], [ 354128.500199999660254, 508149.69620000012219 ], [ 354125.726599998772144, 508229.0777000002563 ], [ 354122.702100001275539, 508317.630200000479817 ], [ 354114.715900000184774, 508479.305800000205636 ], [ 354113.328899998217821, 508580.810200000181794 ], [ 354108.448100000619888, 508683.051999999210238 ], [ 354102.989700000733137, 508774.405300000682473 ], [ 354100.569299999624491, 508789.637099999934 ], [ 354095.650800000876188, 508803.635700000450015 ], [ 354074.016699999570847, 508824.715600000694394 ], [ 354053.439899999648333, 508851.554500000551343 ], [ 354047.590700000524521, 508864.279200000688434 ], [ 354052.124400001019239, 508882.401699999347329 ], [ 354061.805700000375509, 508883.28830000013113 ], [ 354073.784000001847744, 508884.391000000759959 ], [ 354187.544599998742342, 508888.315300000831485 ], [ 354201.207699999213219, 508888.598699999973 ], [ 354312.840799998492002, 508892.204500000923872 ], [ 354450.249200001358986, 508897.876900000497699 ], [ 354580.944099999964, 508898.991900000721216 ], [ 354639.651399999856949, 508901.544399999082088 ], [ 354767.24040000140667, 508907.560599999502301 ], [ 354805.846400000154972, 508910.097500000149012 ], [ 354881.340799998492002, 508913.078199999406934 ], [ 354902.037900000810623, 508912.674499999731779 ], [ 354923.870900001376867, 508912.658399999141693 ], [ 355001.558800000697374, 508914.508099999278784 ], [ 355133.22690000012517, 508919.595899999141693 ], [ 355153.241900000721216, 508921.513399999588728 ], [ 355150.624699998646975, 508908.4046 ], [ 355114.969999998807907, 508715.854900000616908 ], [ 355138.322200000286102, 508711.429099999368191 ], [ 355129.263599999248981, 508664.20890000090003 ], [ 355124.347699999809265, 508638.229499999433756 ], [ 355121.018899999558926, 508620.833000000566244 ], [ 355113.920699998736382, 508588.4835 ], [ 355108.904800001531839, 508539.319299999624491 ], [ 355107.088700000196695, 508477.758500000461936 ], [ 355107.486099999397993, 508461.763199999928 ], [ 355108.465900000184774, 508420.262299999594688 ], [ 355112.3885000012815, 508375.64750000089407 ], [ 355113.152800001204014, 508344.327299999073148 ], [ 355113.27140000090003, 508316.336899999529123 ], [ 355111.883099999278784, 508305.187699999660254 ], [ 355109.932500001043081, 508290.093299999833107 ], [ 355106.260299999266863, 508274.808800000697374 ], [ 355096.896600000560284, 508254.226500000804663 ], [ 355085.236600000411272, 508235.219399999827147 ], [ 355080.258799999952, 508228.722200000658631 ] ] ] } },
{ "type": "Feature", "properties": { "IA_blck_gr": "G19011300024002", "IA_blck__1": "2", "IA_blck__2": "Block Group 2", "blck_grp_I": 1977, "blck_grp_1": 53543800, "Shape_Leng": 4741.1236232499996, "Shape_Area": 1260949.97759 }, "geometry": { "type": "Polygon", "coordinates": [ [ [ 354137.623399998992682, 507935.664100000634789 ], [ 354120.295099999755621, 507936.222500000149012 ], [ 353834.251499999314547, 507946.445199999958 ], [ 353549.568999998271465, 507953.940500000491738 ], [ 353289.759100001305342, 507967.161800000816584 ], [ 353256.146699998527765, 507968.889599999412894 ], [ 353080.65430000051856, 507977.867200000211596 ], [ 352719.974199999123812, 507989.797599999234 ], [ 352487.4309, 507992.294199999421835 ], [ 352482.08729999884963, 508057.786000000312924 ], [ 352482.599800001829863, 508073.822399999946 ], [ 352480.653999999165535, 508222.893100000917912 ], [ 352473.581000000238419, 508332.203099999576807 ], [ 352469.677400000393391, 508446.135199999436736 ], [ 352593.583000000566244, 508486.439400000497699 ], [ 352813.244800001382828, 508564.551000000908971 ], [ 352825.602299999445677, 508570.036199999973 ], [ 352894.023800000548363, 508603.808700000867248 ], [ 353033.130100000649691, 508670.450200000777841 ], [ 353084.580499999225, 508695.0592 ], [ 353238.650100000202656, 508765.963999999687076 ], [ 353429.727800000458956, 508856.4627 ], [ 353447.766199998557568, 508860.190199999138713 ], [ 353458.779500000178814, 508862.5921 ], [ 353646.949999999254942, 508867.971300000324845 ], [ 353736.201499998569489, 508872.795499999076128 ], [ 353742.203200001269579, 508873.067199999466538 ], [ 353759.812699999660254, 508873.5285 ], [ 353850.563099998980761, 508876.182199999690056 ], [ 353886.92790000140667, 508877.269300000742078 ], [ 353896.310699999332428, 508877.470300000160933 ], [ 354052.124400001019239, 508882.401699999347329 ], [ 354047.590700000524521, 508864.279200000688434 ], [ 354053.439899999648333, 508851.554500000551343 ], [ 354074.016699999570847, 508824.715600000694394 ], [ 354095.650800000876188, 508803.635700000450015 ], [ 354100.569299999624491, 508789.637099999934 ], [ 354102.989700000733137, 508774.405300000682473 ], [ 354108.448100000619888, 508683.051999999210238 ], [ 354113.328899998217821, 508580.810200000181794 ], [ 354114.715900000184774, 508479.305800000205636 ], [ 354122.702100001275539, 508317.630200000479817 ], [ 354125.726599998772144, 508229.0777000002563 ], [ 354128.500199999660254, 508149.69620000012219 ], [ 354137.623399998992682, 507935.664100000634789 ] ] ] } },
{ "type": "Feature", "properties": { "IA_blck_gr": "G19011300024003", "IA_blck__1": "3", "IA_blck__2": "Block Group 3", "blck_grp_I": 1722, "blck_grp_1": 44105300, "Shape_Leng": 5486.0002368699998, "Shape_Area": 1411862.1234800001 }, "geometry": { "type": "Polygon", "coordinates": [ [ [ 354137.623399998992682, 507935.664100000634789 ], [ 354524.684799998998642, 507932.722300000488758 ], [ 354553.051699999719858, 507932.217700000852346 ], [ 354574.182799998670816, 507931.384800000116229 ], [ 354605.308800000697374, 507929.997600000351667 ], [ 354590.161499999463558, 507916.99210000038147 ], [ 354553.395100001245737, 507871.986600000411272 ], [ 354528.351799998432398, 507837.367599999532104 ], [ 354499.219500001519918, 507789.349199999123812 ], [ 354483.157099999487, 507760.176899999380112 ], [ 354473.324099998921156, 507740.8059 ], [ 354457.822500001639128, 507704.716099999845028 ], [ 354439.472500000149012, 507658.754799999296665 ], [ 354437.4945, 507651.498199999332428 ], [ 354428.334899999201298, 507624.542799999937 ], [ 354419.0011, 507590.524599999189377 ], [ 354407.4386, 507551.142200000584126 ], [ 354394.515399999917, 507481.798699999228 ], [ 354386.224800001829863, 507432.038200000301003 ], [ 354357.963799998164177, 507264.797800000756979 ], [ 354333.268599998206, 507264.237999999895692 ], [ 354259.845600001513958, 507262.477 ], [ 354120.610599998384714, 507258.294199999421835 ], [ 353988.457899998873472, 507254.210699999704957 ], [ 353970.685400001704693, 507253.629699999466538 ], [ 353870.783199999481, 507250.673100000247359 ], [ 353816.390299998223782, 507247.20240000076592 ], [ 353672.287000000476837, 507241.351500000804663 ], [ 353568.870200000703335, 507239.583399999886751 ], [ 353470.407800000160933, 507237.5929000005126 ], [ 353372.303199999034405, 507233.156300000846386 ], [ 353275.92680000141263, 507230.590800000354648 ], [ 353220.316700000315905, 507228.524900000542402 ], [ 353186.19480000063777, 507226.870799999684095 ], [ 353018.7635000012815, 507221.2094 ], [ 352818.104600001126528, 507214.163499999791384 ], [ 352727.232799999415874, 507211.965199999511242 ], [ 352618.742699999362, 507209.420800000429153 ], [ 352554.271499998867512, 507206.512099999934 ], [ 352507.597899999469519, 507203.6228 ], [ 352497.842099998146296, 507237.225199999287724 ], [ 352490.33390000090003, 507295.900900000706315 ], [ 352486.643699999898672, 507353.964999999850988 ], [ 352485.881000000983477, 507369.0482 ], [ 352483.523800000548363, 507417.653799999505281 ], [ 352485.236600000411272, 507460.060100000351667 ], [ 352494.989100001752377, 507539.782999999821186 ], [ 352498.883499998599291, 507579.488199999555945 ], [ 352499.219399999827147, 507604.923100000247359 ], [ 352499.309099998325109, 507619.372700000181794 ], [ 352499.69310000166297, 507652.872500000521541 ], [ 352495.719700001180172, 507815.849999999627471 ], [ 352487.4309, 507992.294199999421835 ], [ 352719.974199999123812, 507989.797599999234 ], [ 353080.65430000051856, 507977.867200000211596 ], [ 353256.146699998527765, 507968.889599999412894 ], [ 353289.759100001305342, 507967.161800000816584 ], [ 353549.568999998271465, 507953.940500000491738 ], [ 353834.251499999314547, 507946.445199999958 ], [ 354120.295099999755621, 507936.222500000149012 ], [ 354137.623399998992682, 507935.664100000634789 ] ] ] } },
{ "type": "Feature", "properties": { "IA_blck_gr": "G19011300025001", "IA_blck__1": "1", "IA_blck__2": "Block Group 1", "blck_grp_I": 570, "blck_grp_1": 17914300, "Shape_Leng": 4318.5202844300002, "Shape_Area": 710384.14896400005 }, "geometry": { "type": "Polygon", "coordinates": [ [ [ 356525.433600001037121, 507533.596999999135733 ], [ 356525.998199999332428, 507517.609099999070168 ], [ 356530.489100001752377, 507402.917899999767542 ], [ 356536.547400001436472, 507329.732499999925 ], [ 356301.661200001835823, 507321.48340000025928 ], [ 356290.349500000476837, 507321.97550000064075 ], [ 356256.2179000005126, 507320.531500000506639 ], [ 356231.543000001460314, 507319.5186 ], [ 356198.814300000667572, 507318.026799999177456 ], [ 356187.964699998497963, 507317.420299999415874 ], [ 356039.62950000166893, 507315.812100000679493 ], [ 355971.761999998241663, 507313.2804000005126 ], [ 355908.252900000661612, 507310.947599999606609 ], [ 355861.458200000226498, 507310.7204 ], [ 355723.533599998801947, 507304.88880000077188 ], [ 355724.055599998682737, 507365.831900000572205 ], [ 355718.771099999547005, 507483.734400000423193 ], [ 355712.965399999171495, 507596.797599999234 ], [ 355712.335400000214577, 507612.446699999272823 ], [ 355708.219300001859665, 507711.924799999222159 ], [ 355705.699999999254942, 507830.624600000679493 ], [ 355703.380300000309944, 507892.445900000631809 ], [ 355701.292100001126528, 507943.7511 ], [ 355898.685400001704693, 507951.619100000709295 ], [ 356004.852899998426437, 507952.535900000482798 ], [ 356099.890099998563528, 507955.410399999469519 ], [ 356161.825899999588728, 507955.9934 ], [ 356207.747999999672174, 507955.3991 ], [ 356210.461399998515844, 507955.52280000038445 ], [ 356208.561999998986721, 508011.651900000870228 ], [ 356208.028299998492002, 508064.931700000539422 ], [ 356206.738800000399351, 508194.43779999949 ], [ 356199.98930000141263, 508382.262000000104308 ], [ 356195.582299999892712, 508439.172499999403954 ], [ 356183.247299998998642, 508498.297199999914 ], [ 356171.23930000141263, 508539.407500000670552 ], [ 356155.669700000435114, 508579.12360000051558 ], [ 356146.731699999421835, 508599.880999999120831 ], [ 356126.317299999296665, 508641.056099999696016 ], [ 356118.552299998700619, 508652.348400000482798 ], [ 356120.232999999076128, 508653.432800000533462 ], [ 356128.059900000691414, 508655.245300000533462 ], [ 356143.791999999433756, 508662.569299999624491 ], [ 356147.908700000494719, 508664.436799999326468 ], [ 356171.627500001341105, 508675.484400000423193 ], [ 356181.762899998575449, 508680.873700000345707 ], [ 356283.008200000971556, 508735.322000000625849 ], [ 356335.908399999141693, 508637.6217 ], [ 356373.032999999821186, 508564.286199999973 ], [ 356388.063400000333786, 508536.415999999269843 ], [ 356439.233600001782179, 508436.957399999722838 ], [ 356492.03489999845624, 508339.701099999248981 ], [ 356498.288800001144409, 508325.42850000038743 ], [ 356501.032800000160933, 508211.106599999591708 ], [ 356505.579799998551607, 508080.741100000217557 ], [ 356510.47239999845624, 507968.084699999541044 ], [ 356516.732299998402596, 507856.162299999967 ], [ 356517.438799999654293, 507735.923800000920892 ], [ 356522.198800001293421, 507626.172499999403954 ], [ 356525.433600001037121, 507533.596999999135733 ] ] ] } },
{ "type": "Feature", "properties": { "IA_blck_gr": "G19011300025002", "IA_blck__1": "2", "IA_blck__2": "Block Group 2", "blck_grp_I": 1231, "blck_grp_1": 33185200, "Shape_Leng": 4067.6093102099999, "Shape_Area": 680866.99269400002 }, "geometry": { "type": "Polygon", "coordinates": [ [ [ 355723.533599998801947, 507304.88880000077188 ], [ 355515.465799998492002, 507299.451999999582767 ], [ 355390.107299998402596, 507294.534099999815226 ], [ 355385.620900001376867, 507355.137199999764562 ], [ 355382.843199998140335, 507470.57799999975 ], [ 355379.027800001204014, 507587.091399999335408 ], [ 355374.204399999231, 507702.214999999850988 ], [ 355368.878299999982, 507819.331199999898672 ], [ 355364.145100001245737, 507919.788799999281764 ], [ 355362.086500000208616, 507934.253100000321865 ], [ 355357.295400001108646, 508052.289200000464916 ], [ 355353.275400001555681, 508160.617799999192357 ], [ 355350.723299998790026, 508214.9254 ], [ 355346.931099999696016, 508296.500199999660254 ], [ 355346.250100001692772, 508311.474999999627471 ], [ 355346.057, 508315.721599999815226 ], [ 355346.059799998998642, 508321.096799999475479 ], [ 355345.660599999129772, 508324.438200000673532 ], [ 355480.364799998700619, 508380.7335 ], [ 355486.511999998241663, 508383.252800000831485 ], [ 355570.033100001513958, 508418.1842 ], [ 355648.542100001126528, 508450.984699999914 ], [ 355679.832499999552965, 508464.055199999362 ], [ 355877.029500000178814, 508546.494799999520183 ], [ 356005.333000000566244, 508600.268200000748038 ], [ 356018.767499998211861, 508605.583599999547005 ], [ 356036.169599998742342, 508612.423599999397993 ], [ 356055.729100000113249, 508617.122199999168515 ], [ 356083.497999999672174, 508629.698000000789762 ], [ 356115.348000001162291, 508644.923399999738 ], [ 356118.552299998700619, 508652.348400000482798 ], [ 356126.317299999296665, 508641.056099999696016 ], [ 356146.731699999421835, 508599.880999999120831 ], [ 356155.669700000435114, 508579.12360000051558 ], [ 356171.23930000141263, 508539.407500000670552 ], [ 356183.247299998998642, 508498.297199999914 ], [ 356195.582299999892712, 508439.172499999403954 ], [ 356199.98930000141263, 508382.262000000104308 ], [ 356206.738800000399351, 508194.43779999949 ], [ 356208.028299998492002, 508064.931700000539422 ], [ 356208.561999998986721, 508011.651900000870228 ], [ 356210.461399998515844, 507955.52280000038445 ], [ 356207.747999999672174, 507955.3991 ], [ 356161.825899999588728, 507955.9934 ], [ 356099.890099998563528, 507955.410399999469519 ], [ 356004.852899998426437, 507952.535900000482798 ], [ 355898.685400001704693, 507951.619100000709295 ], [ 355701.292100001126528, 507943.7511 ], [ 355703.380300000309944, 507892.445900000631809 ], [ 355705.699999999254942, 507830.624600000679493 ], [ 355708.219300001859665, 507711.924799999222159 ], [ 355712.335400000214577, 507612.446699999272823 ], [ 355712.965399999171495, 507596.797599999234 ], [ 355718.771099999547005, 507483.734400000423193 ], [ 355724.055599998682737, 507365.831900000572205 ], [ 355723.533599998801947, 507304.88880000077188 ] ] ] } },
{ "type": "Feature", "properties": { "IA_blck_gr": "G19011300025003", "IA_blck__1": "3", "IA_blck__2": "Block Group 3", "blck_grp_I": 1432, "blck_grp_1": 39241700, "Shape_Leng": 3656.3824196099999, "Shape_Area": 783400.91104200005 }, "geometry": { "type": "Polygon", "coordinates": [ [ [ 355390.107299998402596, 507294.534099999815226 ], [ 355263.83500000089407, 507291.592299999669194 ], [ 355196.091299999505281, 507289.968699999153614 ], [ 355016.645700000226498, 507285.734200000762939 ], [ 354926.795400001108646, 507280.981100000441074 ], [ 354769.479499999433756, 507275.741599999368191 ], [ 354529.273600000888109, 507268.536199999973 ], [ 354517.735599998384714, 507268.572699999436736 ], [ 354383.070300001651049, 507265.376399999484 ], [ 354357.963799998164177, 507264.797800000756979 ], [ 354386.224800001829863, 507432.038200000301003 ], [ 354394.515399999917, 507481.798699999228 ], [ 354407.4386, 507551.142200000584126 ], [ 354419.0011, 507590.524599999189377 ], [ 354428.334899999201298, 507624.542799999937 ], [ 354437.4945, 507651.498199999332428 ], [ 354439.472500000149012, 507658.754799999296665 ], [ 354457.822500001639128, 507704.716099999845028 ], [ 354473.324099998921156, 507740.8059 ], [ 354483.157099999487, 507760.176899999380112 ], [ 354499.219500001519918, 507789.349199999123812 ], [ 354528.351799998432398, 507837.367599999532104 ], [ 354553.395100001245737, 507871.986600000411272 ], [ 354590.161499999463558, 507916.99210000038147 ], [ 354605.308800000697374, 507929.997600000351667 ], [ 354619.534600000828505, 507948.784399999305606 ], [ 354663.445599999278784, 507988.851199999451637 ], [ 354682.094999998807907, 508006.383099999278784 ], [ 354694.235300000756979, 508018.468399999663234 ], [ 354718.88910000026226, 508039.856300000101328 ], [ 354742.50730000063777, 508056.830099999905 ], [ 354798.075500000268221, 508094.179500000551343 ], [ 354853.20160000026226, 508123.110600000247359 ], [ 354899.782099999487, 508144.263000000268221 ], [ 354989.890999998897314, 508179.37529999949 ], [ 355035.436599999666214, 508197.905999999493361 ], [ 355052.034400001168251, 508206.16300000064075 ], [ 355060.590399999171495, 508215.510399999097 ], [ 355080.258799999952, 508228.722200000658631 ], [ 355086.287799999117851, 508212.086899999529123 ], [ 355117.590300001204014, 508224.931500000879169 ], [ 355139.8581000007689, 508237.141799999400973 ], [ 355146.401299998164177, 508240.014799999073148 ], [ 355228.337699998170137, 508275.430500000715256 ], [ 355345.660599999129772, 508324.438200000673532 ], [ 355346.059799998998642, 508321.096799999475479 ], [ 355346.057, 508315.721599999815226 ], [ 355346.250100001692772, 508311.474999999627471 ], [ 355346.931099999696016, 508296.500199999660254 ], [ 355350.723299998790026, 508214.9254 ], [ 355353.275400001555681, 508160.617799999192357 ], [ 355357.295400001108646, 508052.289200000464916 ], [ 355362.086500000208616, 507934.253100000321865 ], [ 355364.145100001245737, 507919.788799999281764 ], [ 355368.878299999982, 507819.331199999898672 ], [ 355374.204399999231, 507702.214999999850988 ], [ 355379.027800001204014, 507587.091399999335408 ], [ 355382.843199998140335, 507470.57799999975 ], [ 355385.620900001376867, 507355.137199999764562 ], [ 355390.107299998402596, 507294.534099999815226 ] ] ] } },
{ "type": "Feature", "properties": { "IA_blck_gr": "G19011300026001", "IA_blck__1": "1", "IA_blck__2": "Block Group 1", "blck_grp_I": 860, "blck_grp_1": 19087400, "Shape_Leng": 6742.0154791900004, "Shape_Area": 1876524.95707 }, "geometry": { "type": "Polygon", "coordinates": [ [ [ 358491.003800000995398, 508693.312699999660254 ], [ 358543.959300000220537, 508661.475299999117851 ], [ 358648.968800000846386, 508556.437699999660254 ], [ 358693.966600000858307, 508466.451899999752641 ], [ 358708.929400000721216, 508061.528799999505281 ], [ 358663.939100001007318, 507851.506899999454618 ], [ 358678.9309, 507686.456199999898672 ], [ 358663.913100000470877, 507401.434900000691414 ], [ 358747.432700000703335, 507317.919399999082088 ], [ 358651.682799998670816, 507312.4046 ], [ 358628.420699998736382, 507305.737800000235438 ], [ 358599.0636, 507304.390599999576807 ], [ 358529.530499998480082, 507300.416300000622869 ], [ 358213.540699999779463, 507288.837400000542402 ], [ 358125.639299999923, 507381.78830000013113 ], [ 358035.456000000238419, 507375.304300000891089 ], [ 357983.850400000810623, 507373.948100000619888 ], [ 357877.411400001496077, 507369.744899999350309 ], [ 357785.008799999952, 507368.537399999797344 ], [ 357726.238000001758337, 507363.495300000533462 ], [ 357490.823300000280142, 507355.970200000330806 ], [ 357395.336800001561642, 507353.730399999767542 ], [ 357339.753800000995398, 507354.660099999979 ], [ 357236.094099998474121, 507347.345200000330806 ], [ 357138.768899999558926, 507349.279999999329448 ], [ 357038.30180000141263, 507346.033099999651313 ], [ 356938.821100000292063, 507341.040699999779463 ], [ 356767.234400000423193, 507337.908800000324845 ], [ 356725.855500001460314, 507334.564099999144673 ], [ 356536.547400001436472, 507329.732499999925 ], [ 356530.489100001752377, 507402.917899999767542 ], [ 356525.998199999332428, 507517.609099999070168 ], [ 356525.433600001037121, 507533.596999999135733 ], [ 356554.399099998176098, 507534.470699999481 ], [ 356758.719900000840425, 507540.660199999809265 ], [ 356928.494199998676777, 507547.292999999597669 ], [ 356924.084199998527765, 507627.60840000025928 ], [ 356923.716699998825788, 507635.654500000178814 ], [ 356917.303100001066923, 507750.817500000819564 ], [ 357021.351100001484156, 507751.315099999308586 ], [ 357075.2412, 507753.105499999597669 ], [ 357122.846099998801947, 507755.392899999395013 ], [ 357203.959199998527765, 507760.1081000007689 ], [ 357322.76240000128746, 507762.292099999263883 ], [ 357315.4342, 507900.929899999872 ], [ 357305.706700000911951, 508041.585400000214577 ], [ 357363.374299999326468, 508133.698000000789762 ], [ 357433.125399999320507, 508240.809699999168515 ], [ 357469.120400000363588, 508271.684100000187755 ], [ 357478.963500000536442, 508346.491900000721216 ], [ 357658.968899998813868, 508361.448200000450015 ], [ 357883.976700000464916, 508586.536499999463558 ], [ 357905.786899998784065, 508596.046299999579787 ], [ 358123.9527000002563, 508691.486600000411272 ], [ 358468.975900001823902, 508706.5241 ], [ 358491.003800000995398, 508693.312699999660254 ] ] ] } },
{ "type": "Feature", "properties": { "IA_blck_gr": "G19011300026002", "IA_blck__1": "2", "IA_blck__2": "Block Group 2", "blck_grp_I": 1241, "blck_grp_1": 48633600, "Shape_Leng": 4392.3333449700003, "Shape_Area": 964880.50823899999 }, "geometry": { "type": "Polygon", "coordinates": [ [ [ 356969.42960000038147, 508687.592000000178814 ], [ 357058.965300001204014, 508601.536399999633431 ], [ 357140.356100000441074, 508545.904899999499321 ], [ 357344.649999998509884, 508406.194900000467896 ], [ 357478.963500000536442, 508346.491900000721216 ], [ 357469.120400000363588, 508271.684100000187755 ], [ 357433.125399999320507, 508240.809699999168515 ], [ 357363.374299999326468, 508133.698000000789762 ], [ 357305.706700000911951, 508041.585400000214577 ], [ 357315.4342, 507900.929899999872 ], [ 357322.76240000128746, 507762.292099999263883 ], [ 357203.959199998527765, 507760.1081000007689 ], [ 357122.846099998801947, 507755.392899999395013 ], [ 357075.2412, 507753.105499999597669 ], [ 357021.351100001484156, 507751.315099999308586 ], [ 356917.303100001066923, 507750.817500000819564 ], [ 356923.716699998825788, 507635.654500000178814 ], [ 356924.084199998527765, 507627.60840000025928 ], [ 356928.494199998676777, 507547.292999999597669 ], [ 356758.719900000840425, 507540.660199999809265 ], [ 356554.399099998176098, 507534.470699999481 ], [ 356525.433600001037121, 507533.596999999135733 ], [ 356522.198800001293421, 507626.172499999403954 ], [ 356517.438799999654293, 507735.923800000920892 ], [ 356516.732299998402596, 507856.162299999967 ], [ 356510.47239999845624, 507968.084699999541044 ], [ 356505.579799998551607, 508080.741100000217557 ], [ 356501.032800000160933, 508211.106599999591708 ], [ 356498.288800001144409, 508325.42850000038743 ], [ 356492.03489999845624, 508339.701099999248981 ], [ 356439.233600001782179, 508436.957399999722838 ], [ 356388.063400000333786, 508536.415999999269843 ], [ 356373.032999999821186, 508564.286199999973 ], [ 356335.908399999141693, 508637.6217 ], [ 356283.008200000971556, 508735.322000000625849 ], [ 356348.661200001835823, 508771.686899999156594 ], [ 356359.135400000959635, 508776.867900000885129 ], [ 356374.811000000685453, 508785.421599999070168 ], [ 356384.514600001275539, 508791.239399999380112 ], [ 356428.710099998861551, 508817.555600000545382 ], [ 356563.066399998962879, 508893.787100000306964 ], [ 356569.326200000941753, 508897.432299999520183 ], [ 356607.534000001847744, 508923.140399999917 ], [ 356609.85190000012517, 508924.701999999582767 ], [ 356673.604400001466274, 508971.9572 ], [ 356969.42960000038147, 508687.592000000178814 ] ] ] } },
{ "type": "Feature", "properties": { "IA_blck_gr": "G19011300027001", "IA_blck__1": "1", "IA_blck__2": "Block Group 1", "blck_grp_I": 459, "blck_grp_1": 8132400, "Shape_Leng": 5521.5380944999997, "Shape_Area": 1422000.9832200001 }, "geometry": { "type": "Polygon", "coordinates": [ [ [ 358496.535399999469519, 509797.278899999335408 ], [ 358507.234499998390675, 509589.256999999284744 ], [ 358521.937100000679493, 509389.145199999213219 ], [ 358605.775699999183416, 509380.786699999123812 ], [ 358676.724800001829863, 509326.595899999141693 ], [ 358701.557300001382828, 509320.457000000402331 ], [ 358727.391800001263618, 509314.028200000524521 ], [ 358758.195300001651049, 509312.419099999591708 ], [ 358780.803100001066923, 509306.290300000458956 ], [ 358799.032999999821186, 509296.824999999254942 ], [ 358830.221200000494719, 509281.459699999541044 ], [ 358855.762800000607967, 509270.650599999353 ], [ 358644.3125, 508858.918199999257922 ], [ 358632.539799999445677, 508855.130300000309944 ], [ 358624.904100000858307, 508856.347599999979 ], [ 358561.321100000292063, 508866.6436 ], [ 358519.530499998480082, 508822.171800000593066 ], [ 358483.792899999767542, 508830.722599999979 ], [ 358491.003800000995398, 508693.312699999660254 ], [ 358468.975900001823902, 508706.5241 ], [ 358123.9527000002563, 508691.486600000411272 ], [ 357905.786899998784065, 508596.046299999579787 ], [ 357883.976700000464916, 508586.536499999463558 ], [ 357658.968899998813868, 508361.448200000450015 ], [ 357478.963500000536442, 508346.491900000721216 ], [ 357344.649999998509884, 508406.194900000467896 ], [ 357140.356100000441074, 508545.904899999499321 ], [ 357058.965300001204014, 508601.536399999633431 ], [ 356969.42960000038147, 508687.592000000178814 ], [ 356978.991599999368191, 508701.914899999275804 ], [ 357021.063999999314547, 508765.652000000700355 ], [ 357040.861000001430511, 508795.784199999645352 ], [ 357085.10080000013113, 508840.91950000077486 ], [ 357125.175700001418591, 508878.025800000876188 ], [ 357213.712099999189377, 508959.789499999955 ], [ 357297.967999998480082, 509027.024599999189377 ], [ 357307.481100000441074, 509035.186499999836087 ], [ 357427.942899998277426, 509137.561899999156594 ], [ 357457.586399998515844, 509163.106399999931 ], [ 357479.222800001502037, 509181.789699999616 ], [ 357564.929200001060963, 509255.029200000688434 ], [ 357652.0526, 509329.678300000727177 ], [ 357712.472100000828505, 509381.156999999657273 ], [ 357765.199999999254942, 509382.899499999359 ], [ 357779.540500000119209, 509382.772399999201298 ], [ 357824.638099998235703, 509383.829800000414252 ], [ 357889.810899998992682, 509387.262900000438094 ], [ 357885.396899998188019, 509535.774299999698997 ], [ 357885.560499999672174, 509560.978000000119209 ], [ 357887.545499999076128, 509571.5954 ], [ 357885.938799999654293, 509640.839199999347329 ], [ 357885.473000001162291, 509681.579600000753999 ], [ 357885.307, 509794.898600000888109 ], [ 357928.635000001639128, 509796.771600000560284 ], [ 358140.094599999487, 509796.944199999794364 ], [ 358318.491999998688698, 509795.941800000146031 ], [ 358442.228100001811981, 509799.490299999713898 ], [ 358496.535399999469519, 509797.278899999335408 ] ] ] } },
{ "type": "Feature", "properties": { "IA_blck_gr": "G19011300027002", "IA_blck__1": "2", "IA_blck__2": "Block Group 2", "blck_grp_I": 1443, "blck_grp_1": 59025600, "Shape_Leng": 4552.1712258799998, "Shape_Area": 1118594.0732 }, "geometry": { "type": "Polygon", "coordinates": [ [ [ 357885.307, 509794.898600000888109 ], [ 357885.473000001162291, 509681.579600000753999 ], [ 357885.938799999654293, 509640.839199999347329 ], [ 357887.545499999076128, 509571.5954 ], [ 357885.560499999672174, 509560.978000000119209 ], [ 357885.396899998188019, 509535.774299999698997 ], [ 357889.810899998992682, 509387.262900000438094 ], [ 357824.638099998235703, 509383.829800000414252 ], [ 357779.540500000119209, 509382.772399999201298 ], [ 357765.199999999254942, 509382.899499999359 ], [ 357712.472100000828505, 509381.156999999657273 ], [ 357652.0526, 509329.678300000727177 ], [ 357564.929200001060963, 509255.029200000688434 ], [ 357479.222800001502037, 509181.789699999616 ], [ 357457.586399998515844, 509163.106399999931 ], [ 357427.942899998277426, 509137.561899999156594 ], [ 357307.481100000441074, 509035.186499999836087 ], [ 357297.967999998480082, 509027.024599999189377 ], [ 357213.712099999189377, 508959.789499999955 ], [ 357125.175700001418591, 508878.025800000876188 ], [ 357085.10080000013113, 508840.91950000077486 ], [ 357040.861000001430511, 508795.784199999645352 ], [ 357021.063999999314547, 508765.652000000700355 ], [ 356978.991599999368191, 508701.914899999275804 ], [ 356969.42960000038147, 508687.592000000178814 ], [ 356673.604400001466274, 508971.9572 ], [ 356668.950500000268221, 508976.448100000619888 ], [ 356616.761999998241663, 509058.500800000503659 ], [ 356563.953200001269579, 509141.533399999141693 ], [ 356443.966400001198053, 509261.478700000792742 ], [ 356398.947900000959635, 509381.4857 ], [ 356358.588700000196695, 509439.107100000604987 ], [ 356382.670699998736382, 509452.971499999985 ], [ 356398.67119999975, 509468.819099999964 ], [ 356445.808600001037121, 509515.426400000229478 ], [ 356534.017900001257658, 509589.8881 ], [ 356622.812800001353025, 509669.528699999675155 ], [ 356711.624600000679493, 509743.347999999299645 ], [ 356799.720499999821186, 509816.575899999588728 ], [ 356873.298700001090765, 509727.887399999424815 ], [ 356961.229299999773502, 509802.901200000196695 ], [ 357049.383499998599291, 509874.79079999961 ], [ 357136.047499999403954, 509952.212400000542402 ], [ 357313.392900001257658, 510105.5625 ], [ 357388.4221, 510010.450400000438094 ], [ 357481.205499999225, 509898.234099999070168 ], [ 357579.605000000447035, 509850.55350000038743 ], [ 357677.233899999409914, 509823.331700000911951 ], [ 357685.762200001627207, 509820.5866 ], [ 357815.236600000411272, 509794.152599999681115 ], [ 357885.307, 509794.898600000888109 ] ] ] } },
{ "type": "Feature", "properties": { "IA_blck_gr": "G19011300028001", "IA_blck__1": "1", "IA_blck__2": "Block Group 1", "blck_grp_I": 1365, "blck_grp_1": 48213300, "Shape_Leng": 4227.0930619500004, "Shape_Area": 1066975.9630199999 }, "geometry": { "type": "Polygon", "coordinates": [ [ [ 360078.484200000762939, 509323.660000000149012 ], [ 360070.113400001078844, 509424.844499999657273 ], [ 360065.221299998462, 509525.629200000315905 ], [ 360058.323600001633167, 509643.119000000879169 ], [ 360053.265999998897314, 509659.907500000670552 ], [ 360054.701200000941753, 509739.594499999657273 ], [ 360047.770300000905991, 509830.990299999713898 ], [ 360098.157600000500679, 509833.424599999561906 ], [ 360191.945000000298023, 509834.388699999079108 ], [ 360276.489, 509837.503200000151992 ], [ 360348.105999998748302, 509840.470300000160933 ], [ 360450.41160000115633, 509844.293999999761581 ], [ 360568.413400001823902, 509848.955499999225 ], [ 360604.907699998468161, 509850.751900000497699 ], [ 360646.133799999952, 509853.550899999216199 ], [ 360783.046999998390675, 509864.35190000012517 ], [ 360910.852000001817942, 509867.231599999591708 ], [ 361031.565900001674891, 509873.817099999636412 ], [ 361243.055300001055002, 509884.1535 ], [ 361244.784400001168251, 509834.288100000470877 ], [ 361245.777899999171495, 509807.457599999383092 ], [ 361246.316199999302626, 509792.252499999478459 ], [ 361249.567299999296665, 509698.783199999481 ], [ 361255.039799999445677, 509578.652000000700355 ], [ 361261.324099998921156, 509439.184800000861287 ], [ 361267.386700000613928, 509322.328199999406934 ], [ 361272.897300001233816, 509213.844799999147654 ], [ 361279.410399999469519, 509083.682499999180436 ], [ 361279.927099999040365, 509072.507699999958 ], [ 361280.634500000625849, 509058.9901 ], [ 361287.374600000679493, 508925.70240000076592 ], [ 361282.102400001138449, 508925.682600000873208 ], [ 361265.77250000089407, 508924.255599999800324 ], [ 361250.830400001257658, 508921.324999999254942 ], [ 361235.313099998980761, 508916.575999999418855 ], [ 361220.690400000661612, 508910.300699999555945 ], [ 361179.8136, 508887.357599999755621 ], [ 361165.694400001317263, 508880.881699999794364 ], [ 361160.114399999380112, 508878.607999999076128 ], [ 361150.290300000458956, 508875.466199999675155 ], [ 361140.655900001525879, 508873.565099999308586 ], [ 361128.554999999701977, 508871.549900000914931 ], [ 361098.027300000190735, 508868.907199999317527 ], [ 360924.653599999845028, 508860.4485 ], [ 360913.944899998605251, 508860.401799999177456 ], [ 360905.162900000810623, 508861.451899999752641 ], [ 360894.690000001341105, 508863.431900000199676 ], [ 360885.594300001859665, 508865.923399999738 ], [ 360876.061500001698732, 508868.954600000753999 ], [ 360866.934799998998642, 508872.116699999198318 ], [ 360859.174800001084805, 508876.01380000077188 ], [ 360851.558499999344349, 508880.365399999544024 ], [ 360843.253600001335144, 508885.357200000435114 ], [ 360837.060899998992682, 508889.214600000530481 ], [ 360830.980999998748302, 508894.197200000286102 ], [ 360823.420899998396635, 508900.903200000524521 ], [ 360816.138099998235703, 508908.741800000891089 ], [ 360780.365899998694658, 508950.092499999329448 ], [ 360773.617699999362, 508957.060000000521541 ], [ 360770.415699999779463, 508960.383600000292063 ], [ 360761.545099999755621, 508968.70890000090003 ], [ 360752.998500000685453, 508975.369400000199676 ], [ 360744.647300001233816, 508981.367000000551343 ], [ 360736.943900000303984, 508985.826799999923 ], [ 360727.991700001060963, 508990.564799999818206 ], [ 360719.677000001072884, 508993.988399999216199 ], [ 360711.372600000351667, 508997.188500000163913 ], [ 360704.1732, 508999.655799999833107 ], [ 360581.770300000905991, 509025.809699999168515 ], [ 360573.121899999678135, 509027.53830000013113 ], [ 360564.000999998301268, 509028.797299999744 ], [ 360555.81529999896884, 509029.427300000563264 ], [ 360546.740800000727177, 509029.680500000715256 ], [ 360494.436500001698732, 509029.394799999892712 ], [ 360207.948699999600649, 509019.0932 ], [ 360193.761599998921156, 509017.655300000682473 ], [ 360094.183499999344349, 509018.776499999687076 ], [ 360082.478700000792742, 509208.387700000777841 ], [ 360078.484200000762939, 509323.660000000149012 ] ] ] } },
{ "type": "Feature", "properties": { "IA_blck_gr": "G19011300028002", "IA_blck__1": "2", "IA_blck__2": "Block Group 2", "blck_grp_I": 911, "blck_grp_1": 34951000, "Shape_Leng": 4336.0360240099999, "Shape_Area": 946409.22837000003 }, "geometry": { "type": "Polygon", "coordinates": [ [ [ 360047.770300000905991, 509830.990299999713898 ], [ 360054.701200000941753, 509739.594499999657273 ], [ 360053.265999998897314, 509659.907500000670552 ], [ 360058.323600001633167, 509643.119000000879169 ], [ 360065.221299998462, 509525.629200000315905 ], [ 360070.113400001078844, 509424.844499999657273 ], [ 360078.484200000762939, 509323.660000000149012 ], [ 359890.317099999636412, 509316.445900000631809 ], [ 359862.812600001692772, 509309.0197 ], [ 359827.976799998432398, 509289.049799999222159 ], [ 359813.342999998480082, 509290.167600000277162 ], [ 359791.891199998557568, 509283.692500000819564 ], [ 359749.908199999481, 509256.114700000733137 ], [ 359722.259899999946, 509242.859300000593066 ], [ 359720.559300001710653, 509240.429300000891089 ], [ 359694.1537000015378, 509237.757899999619 ], [ 359683.250500001013279, 509234.792199999094009 ], [ 359667.485800001770258, 509242.577299999073148 ], [ 359615.817899998277426, 509185.5504 ], [ 359553.621399998664856, 509108.442099999636412 ], [ 359544.3015, 509078.225199999287724 ], [ 359540.869699999690056, 509059.701799999923 ], [ 359540.74210000038147, 509035.619200000539422 ], [ 359551.544300001114607, 509003.192800000309944 ], [ 359449.988099999725819, 509002.551400000229478 ], [ 359331.064100001007318, 509001.560499999672174 ], [ 359289.848799999803305, 508996.6414 ], [ 359278.914200000464916, 509001.513900000602007 ], [ 359211.102400001138449, 509026.728099999949 ], [ 359157.653000000864267, 509049.579399999231 ], [ 359133.615800000727177, 509065.272199999541044 ], [ 359118.714600000530481, 509075.785700000822544 ], [ 359096.080699998885393, 509103.973300000652671 ], [ 359061.999000001698732, 509150.000199999660254 ], [ 359020.148299999535084, 509184.024000000208616 ], [ 358929.628899998962879, 509235.521099999547005 ], [ 358890.234700001776218, 509255.548299999908 ], [ 358855.762800000607967, 509270.650599999353 ], [ 358830.221200000494719, 509281.459699999541044 ], [ 358799.032999999821186, 509296.824999999254942 ], [ 358780.803100001066923, 509306.290300000458956 ], [ 358758.195300001651049, 509312.419099999591708 ], [ 358727.391800001263618, 509314.028200000524521 ], [ 358701.557300001382828, 509320.457000000402331 ], [ 358676.724800001829863, 509326.595899999141693 ], [ 358605.775699999183416, 509380.786699999123812 ], [ 358521.937100000679493, 509389.145199999213219 ], [ 358507.234499998390675, 509589.256999999284744 ], [ 358496.535399999469519, 509797.278899999335408 ], [ 358649.92680000141263, 509793.6809 ], [ 358698.849899999797344, 509793.911399999633431 ], [ 358754.256999999284744, 509792.872099999338388 ], [ 358799.994600001722574, 509794.300599999725819 ], [ 358972.674499999731779, 509799.433599999174476 ], [ 359096.826900001615286, 509801.107999999076128 ], [ 359151.026700001209974, 509804.831199999898672 ], [ 359242.810199998319149, 509808.155500000342727 ], [ 359338.976399999111891, 509809.330600000917912 ], [ 359348.008900001645088, 509809.970000000670552 ], [ 359423.438400000333786, 509812.432199999690056 ], [ 359443.563499998301268, 509813.69400000013411 ], [ 359532.228399999439716, 509814.97440000064671 ], [ 359641.598799999803305, 509819.224600000306964 ], [ 359651.160599999129772, 509817.313100000843406 ], [ 359796.275499999523163, 509821.755300000309944 ], [ 359998.420699998736382, 509831.067700000479817 ], [ 360047.770300000905991, 509830.990299999713898 ] ] ] } },
{ "type": "Feature", "properties": { "IA_blck_gr": "G19011300028003", "IA_blck__1": "3", "IA_blck__2": "Block Group 3", "blck_grp_I": 1972, "blck_grp_1": 76589600, "Shape_Leng": 14342.174866900001, "Shape_Area": 9629531.1558400001 }, "geometry": { "type": "Polygon", "coordinates": [ [ [ 362150.342000000178814, 507307.900800000876188 ], [ 362053.925700001418591, 507206.45130000077188 ], [ 361468.948300000280142, 506501.504899999126792 ], [ 361168.91330000013113, 506261.5285 ], [ 361093.896899998188019, 506231.520999999716878 ], [ 360837.986200001090765, 506236.836500000208616 ], [ 360606.004299998283386, 506241.584499999880791 ], [ 360592.721700001507998, 506241.867499999701977 ], [ 360479.779199998825788, 506244.272900000214577 ], [ 360373.935499999672174, 506246.447300000116229 ], [ 360351.397900000214577, 506224.018300000578165 ], [ 359923.957600001245737, 506231.536100000143051 ], [ 359773.971200000494719, 506186.442700000479817 ], [ 359638.966600000858307, 506186.500800000503659 ], [ 359632.176300000399351, 506183.612700000405312 ], [ 359533.894099999219179, 506141.463199999183416 ], [ 359413.970499999821186, 506141.54700000025332 ], [ 359338.912399999797344, 506171.468299999833107 ], [ 359248.893599998206, 506261.511900000274181 ], [ 359220.665500000119209, 506318.000099999830127 ], [ 359098.958000000566244, 506561.467199999839067 ], [ 359095.006099998950958, 506577.523900000378489 ], [ 359068.967099998146296, 506681.4835 ], [ 359023.90430000051856, 506756.460400000214577 ], [ 358903.96000000089407, 506981.531999999657273 ], [ 358903.980599999427795, 507056.451999999582767 ], [ 358828.943900000303984, 507161.521199999377131 ], [ 358798.905999999493361, 507266.529100000858307 ], [ 358747.432700000703335, 507317.919399999082088 ], [ 358663.913100000470877, 507401.434900000691414 ], [ 358678.9309, 507686.456199999898672 ], [ 358663.939100001007318, 507851.506899999454618 ], [ 358708.929400000721216, 508061.528799999505281 ], [ 358693.966600000858307, 508466.451899999752641 ], [ 358648.968800000846386, 508556.437699999660254 ], [ 358543.959300000220537, 508661.475299999117851 ], [ 358491.003800000995398, 508693.312699999660254 ], [ 358483.792899999767542, 508830.722599999979 ], [ 358519.530499998480082, 508822.171800000593066 ], [ 358561.321100000292063, 508866.6436 ], [ 358624.904100000858307, 508856.347599999979 ], [ 358632.539799999445677, 508855.130300000309944 ], [ 358644.3125, 508858.918199999257922 ], [ 358855.762800000607967, 509270.650599999353 ], [ 358890.234700001776218, 509255.548299999908 ], [ 358929.628899998962879, 509235.521099999547005 ], [ 359020.148299999535084, 509184.024000000208616 ], [ 359061.999000001698732, 509150.000199999660254 ], [ 359096.080699998885393, 509103.973300000652671 ], [ 359118.714600000530481, 509075.785700000822544 ], [ 359133.615800000727177, 509065.272199999541044 ], [ 359157.653000000864267, 509049.579399999231 ], [ 359211.102400001138449, 509026.728099999949 ], [ 359278.914200000464916, 509001.513900000602007 ], [ 359289.848799999803305, 508996.6414 ], [ 359331.064100001007318, 509001.560499999672174 ], [ 359449.988099999725819, 509002.551400000229478 ], [ 359551.544300001114607, 509003.192800000309944 ], [ 359540.74210000038147, 509035.619200000539422 ], [ 359540.869699999690056, 509059.701799999923 ], [ 359544.3015, 509078.225199999287724 ], [ 359553.621399998664856, 509108.442099999636412 ], [ 359615.817899998277426, 509185.5504 ], [ 359667.485800001770258, 509242.577299999073148 ], [ 359683.250500001013279, 509234.792199999094009 ], [ 359694.1537000015378, 509237.757899999619 ], [ 359720.559300001710653, 509240.429300000891089 ], [ 359722.259899999946, 509242.859300000593066 ], [ 359749.908199999481, 509256.114700000733137 ], [ 359791.891199998557568, 509283.692500000819564 ], [ 359813.342999998480082, 509290.167600000277162 ], [ 359827.976799998432398, 509289.049799999222159 ], [ 359862.812600001692772, 509309.0197 ], [ 359890.317099999636412, 509316.445900000631809 ], [ 360078.484200000762939, 509323.660000000149012 ], [ 360082.478700000792742, 509208.387700000777841 ], [ 360094.183499999344349, 509018.776499999687076 ], [ 360193.761599998921156, 509017.655300000682473 ], [ 360207.948699999600649, 509019.0932 ], [ 360494.436500001698732, 509029.394799999892712 ], [ 360546.740800000727177, 509029.680500000715256 ], [ 360555.81529999896884, 509029.427300000563264 ], [ 360564.000999998301268, 509028.797299999744 ], [ 360573.121899999678135, 509027.53830000013113 ], [ 360581.770300000905991, 509025.809699999168515 ], [ 360704.1732, 508999.655799999833107 ], [ 360711.372600000351667, 508997.188500000163913 ], [ 360719.677000001072884, 508993.988399999216199 ], [ 360727.991700001060963, 508990.564799999818206 ], [ 360736.943900000303984, 508985.826799999923 ], [ 360744.647300001233816, 508981.367000000551343 ], [ 360752.998500000685453, 508975.369400000199676 ], [ 360761.545099999755621, 508968.70890000090003 ], [ 360770.415699999779463, 508960.383600000292063 ], [ 360773.617699999362, 508957.060000000521541 ], [ 360780.365899998694658, 508950.092499999329448 ], [ 360816.138099998235703, 508908.741800000891089 ], [ 360823.420899998396635, 508900.903200000524521 ], [ 360830.980999998748302, 508894.197200000286102 ], [ 360837.060899998992682, 508889.214600000530481 ], [ 360843.253600001335144, 508885.357200000435114 ], [ 360851.558499999344349, 508880.365399999544024 ], [ 360859.174800001084805, 508876.01380000077188 ], [ 360866.934799998998642, 508872.116699999198318 ], [ 360876.061500001698732, 508868.954600000753999 ], [ 360885.594300001859665, 508865.923399999738 ], [ 360894.690000001341105, 508863.431900000199676 ], [ 360905.162900000810623, 508861.451899999752641 ], [ 360913.944899998605251, 508860.401799999177456 ], [ 360924.653599999845028, 508860.4485 ], [ 361098.027300000190735, 508868.907199999317527 ], [ 361128.554999999701977, 508871.549900000914931 ], [ 361140.655900001525879, 508873.565099999308586 ], [ 361150.290300000458956, 508875.466199999675155 ], [ 361160.114399999380112, 508878.607999999076128 ], [ 361165.694400001317263, 508880.881699999794364 ], [ 361179.8136, 508887.357599999755621 ], [ 361220.690400000661612, 508910.300699999555945 ], [ 361235.313099998980761, 508916.575999999418855 ], [ 361250.830400001257658, 508921.324999999254942 ], [ 361265.77250000089407, 508924.255599999800324 ], [ 361282.102400001138449, 508925.682600000873208 ], [ 361287.374600000679493, 508925.70240000076592 ], [ 361280.634500000625849, 509058.9901 ], [ 361279.927099999040365, 509072.507699999958 ], [ 361279.410399999469519, 509083.682499999180436 ], [ 361272.897300001233816, 509213.844799999147654 ], [ 361267.386700000613928, 509322.328199999406934 ], [ 361261.324099998921156, 509439.184800000861287 ], [ 361255.039799999445677, 509578.652000000700355 ], [ 361249.567299999296665, 509698.783199999481 ], [ 361246.316199999302626, 509792.252499999478459 ], [ 361245.777899999171495, 509807.457599999383092 ], [ 361244.784400001168251, 509834.288100000470877 ], [ 361243.055300001055002, 509884.1535 ], [ 361281.024000000208616, 509886.133199999108911 ], [ 361346.772999998182058, 509889.510099999606609 ], [ 361386.462799999862909, 509891.681900000199676 ], [ 361387.942400000989437, 509891.750399999320507 ], [ 361427.396000001579523, 509893.687599999830127 ], [ 361437.013999998569489, 509894.132500000298023 ], [ 361453.861000001430511, 509895.024000000208616 ], [ 361468.000300001353025, 509895.67820000089705 ], [ 361634.122099999338388, 509903.702299999073148 ], [ 361669.141699999570847, 509905.323400000110269 ], [ 361837.205099999905, 509914.113600000739098 ], [ 361884.072500001639128, 509916.060499999672174 ], [ 361895.915300000458956, 509916.497099999338388 ], [ 361900.020300000905991, 509916.7993 ], [ 361932.347100000828505, 509919.640699999406934 ], [ 361936.447000000625849, 509920.054700000211596 ], [ 361995.43470000103116, 509921.779799999669194 ], [ 362035.006599999964, 509922.941600000485778 ], [ 362040.914599999785423, 509797.231599999591708 ], [ 362043.854699999094009, 509751.565700000151992 ], [ 362045.315099999308586, 509691.608999999240041 ], [ 362060.398899998515844, 509369.676300000399351 ], [ 362069.413400001823902, 509150.26490000076592 ], [ 362072.372299998998642, 509095.30460000038147 ], [ 362075.115600001066923, 509011.2179000005126 ], [ 362075.203600000590086, 509009.318099999800324 ], [ 362075.317499998956919, 509006.859799999744 ], [ 362076.279399998486042, 508975.43610000051558 ], [ 362077.006999999284744, 508952.624500000849366 ], [ 362077.415500000119209, 508945.588300000876188 ], [ 362080.037099998444319, 508899.683299999684095 ], [ 362081.946600001305342, 508833.587500000372529 ], [ 362084.995900001376867, 508726.893300000578165 ], [ 362085.500799998641014, 508708.886800000444055 ], [ 362085.610199999064207, 508704.748400000855327 ], [ 362085.662599999457598, 508701.839099999517202 ], [ 362085.787500001490116, 508697.365499999374151 ], [ 362085.968699999153614, 508693.454299999400973 ], [ 362086.036800000816584, 508690.209899999201298 ], [ 362085.869699999690056, 508683.1469 ], [ 362085.206599999219179, 508654.783500000834465 ], [ 362086.030900001525879, 508590.765000000596046 ], [ 362094.627000000327826, 508376.819900000467896 ], [ 362095.173799999058247, 508356.127599999308586 ], [ 362096.875199999660254, 508340.752100000157952 ], [ 362100.943300001323223, 508316.975299999117851 ], [ 362114.151599999517202, 508255.994300000369549 ], [ 362117.365299999713898, 508236.433399999514222 ], [ 362119.221299998462, 508219.497400000691414 ], [ 362121.199099998921156, 508192.823999999091029 ], [ 362121.663100000470877, 508173.919600000604987 ], [ 362120.688499998301268, 508139.830199999734759 ], [ 362115.329700000584126, 508063.430199999362 ], [ 362114.087600000202656, 508029.776399999856949 ], [ 362115.808299999684095, 508003.314999999478459 ], [ 362128.719900000840425, 507749.588700000196695 ], [ 362126.290300000458956, 507716.663599999621511 ], [ 362125.976100001484156, 507703.882400000467896 ], [ 362126.951699998229742, 507691.720899999141693 ], [ 362143.67399999872, 507460.680099999532104 ], [ 362143.849500000476837, 507458.672399999573827 ], [ 362147.041000001132488, 507414.696900000795722 ], [ 362150.342000000178814, 507307.900800000876188 ] ] ] } },
{ "type": "Feature", "properties": { "IA_blck_gr": "G19011300029001", "IA_blck__1": "1", "IA_blck__2": "Block Group 1", "blck_grp_I": 1729, "blck_grp_1": 50761900, "Shape_Leng": 6485.9835987899996, "Shape_Area": 2166437.2250199998 }, "geometry": { "type": "Polygon", "coordinates": [ [ [ 358747.432700000703335, 507317.919399999082088 ], [ 358798.905999999493361, 507266.529100000858307 ], [ 358828.943900000303984, 507161.521199999377131 ], [ 358903.980599999427795, 507056.451999999582767 ], [ 358903.96000000089407, 506981.531999999657273 ], [ 359023.90430000051856, 506756.460400000214577 ], [ 359068.967099998146296, 506681.4835 ], [ 359095.006099998950958, 506577.523900000378489 ], [ 359098.958000000566244, 506561.467199999839067 ], [ 359220.665500000119209, 506318.000099999830127 ], [ 359143.335599999875, 506298.768100000917912 ], [ 359083.446299999952, 506283.809699999168515 ], [ 359058.243599999696016, 506278.060399999842048 ], [ 359017.177799999713898, 506267.774900000542402 ], [ 358897.315900001674891, 506237.856699999421835 ], [ 358684.8081, 506184.762399999424815 ], [ 358256.859400000423193, 506077.673100000247359 ], [ 358013.752099998295307, 506017.707499999552965 ], [ 357992.968699999153614, 506012.612099999561906 ], [ 357453.829, 505878.301999999210238 ], [ 357452.109499998390675, 505906.892000000923872 ], [ 357450.24720000103116, 505920.581199999898672 ], [ 357442.92960000038147, 506006.700400000438094 ], [ 357430.577300000935793, 506141.639299999923 ], [ 357275.308299999684095, 506132.524599999189377 ], [ 357157.374499998986721, 506128.814400000497699 ], [ 357124.829399999231, 506155.659900000318885 ], [ 357121.268899999558926, 506262.444099999964 ], [ 357109.229400001466274, 506511.510900000110269 ], [ 357093.112100001424551, 506534.179500000551343 ], [ 357108.156500000506639, 506533.187100000679493 ], [ 357254.328200001269579, 506535.611899999902 ], [ 357278.111600000411272, 506538.154799999669194 ], [ 357402.39750000089407, 506541.597599999979 ], [ 357398.430100001394749, 506563.477499999106 ], [ 357394.107900001108646, 506603.930700000375509 ], [ 357389.075599998235703, 506622.066299999132752 ], [ 357371.891199998557568, 506693.287499999627471 ], [ 357369.075300000607967, 506715.220000000670552 ], [ 357367.361400000751019, 506725.668199999257922 ], [ 357358.105200000107288, 506901.062599999830127 ], [ 357354.161299999803305, 506990.918700000271201 ], [ 357349.167700000107288, 507076.695199999958 ], [ 357346.49439999833703, 507151.379300000146031 ], [ 357339.753800000995398, 507354.660099999979 ], [ 357395.336800001561642, 507353.730399999767542 ], [ 357490.823300000280142, 507355.970200000330806 ], [ 357726.238000001758337, 507363.495300000533462 ], [ 357785.008799999952, 507368.537399999797344 ], [ 357877.411400001496077, 507369.744899999350309 ], [ 357983.850400000810623, 507373.948100000619888 ], [ 358035.456000000238419, 507375.304300000891089 ], [ 358125.639299999923, 507381.78830000013113 ], [ 358213.540699999779463, 507288.837400000542402 ], [ 358529.530499998480082, 507300.416300000622869 ], [ 358599.0636, 507304.390599999576807 ], [ 358628.420699998736382, 507305.737800000235438 ], [ 358651.682799998670816, 507312.4046 ], [ 358747.432700000703335, 507317.919399999082088 ] ] ] } },
{ "type": "Feature", "properties": { "IA_blck_gr": "G19011300029002", "IA_blck__1": "2", "IA_blck__2": "Block Group 2", "blck_grp_I": 809, "blck_grp_1": 46520600, "Shape_Leng": 3869.9667134299998, "Shape_Area": 811772.74740500003 }, "geometry": { "type": "Polygon", "coordinates": [ [ [ 357093.112100001424551, 506534.179500000551343 ], [ 356932.531800001859665, 506527.852099999785423 ], [ 356673.006499998271465, 506520.819499999284744 ], [ 356577.182399999350309, 506522.158399999141693 ], [ 356567.889400001615286, 506619.273800000548363 ], [ 356566.961599998176098, 506695.605499999597669 ], [ 356559.661899998784065, 506817.672299999744 ], [ 356325.440099999308586, 506812.589099999517202 ], [ 356273.897300001233816, 506809.791400000452995 ], [ 356248.963899999856949, 506808.99070000089705 ], [ 356242.4901, 506965.474500000476837 ], [ 356237.149399999529123, 507153.1414 ], [ 356231.543000001460314, 507319.5186 ], [ 356256.2179000005126, 507320.531500000506639 ], [ 356290.349500000476837, 507321.97550000064075 ], [ 356301.661200001835823, 507321.48340000025928 ], [ 356536.547400001436472, 507329.732499999925 ], [ 356725.855500001460314, 507334.564099999144673 ], [ 356767.234400000423193, 507337.908800000324845 ], [ 356938.821100000292063, 507341.040699999779463 ], [ 357038.30180000141263, 507346.033099999651313 ], [ 357138.768899999558926, 507349.279999999329448 ], [ 357236.094099998474121, 507347.345200000330806 ], [ 357339.753800000995398, 507354.660099999979 ], [ 357346.49439999833703, 507151.379300000146031 ], [ 357349.167700000107288, 507076.695199999958 ], [ 357354.161299999803305, 506990.918700000271201 ], [ 357358.105200000107288, 506901.062599999830127 ], [ 357367.361400000751019, 506725.668199999257922 ], [ 357369.075300000607967, 506715.220000000670552 ], [ 357371.891199998557568, 506693.287499999627471 ], [ 357389.075599998235703, 506622.066299999132752 ], [ 357394.107900001108646, 506603.930700000375509 ], [ 357398.430100001394749, 506563.477499999106 ], [ 357402.39750000089407, 506541.597599999979 ], [ 357278.111600000411272, 506538.154799999669194 ], [ 357254.328200001269579, 506535.611899999902 ], [ 357108.156500000506639, 506533.187100000679493 ], [ 357093.112100001424551, 506534.179500000551343 ] ] ] } },
{ "type": "Feature", "properties": { "IA_blck_gr": "G19011300029003", "IA_blck__1": "3", "IA_blck__2": "Block Group 3", "blck_grp_I": 1176, "blck_grp_1": 26411500, "Shape_Leng": 4379.11496833, "Shape_Area": 848902.91753500002 }, "geometry": { "type": "Polygon", "coordinates": [ [ [ 357093.112100001424551, 506534.179500000551343 ], [ 357109.229400001466274, 506511.510900000110269 ], [ 357121.268899999558926, 506262.444099999964 ], [ 357124.829399999231, 506155.659900000318885 ], [ 357157.374499998986721, 506128.814400000497699 ], [ 357275.308299999684095, 506132.524599999189377 ], [ 357430.577300000935793, 506141.639299999923 ], [ 357442.92960000038147, 506006.700400000438094 ], [ 357450.24720000103116, 505920.581199999898672 ], [ 357452.109499998390675, 505906.892000000923872 ], [ 357453.829, 505878.301999999210238 ], [ 356726.343699999153614, 505697.020500000566244 ], [ 356722.282299999147654, 505695.715199999511242 ], [ 356659.608399998396635, 505680.200799999758601 ], [ 356659.771600000560284, 505676.624600000679493 ], [ 356436.311099998652935, 505620.964999999850988 ], [ 356406.646999999880791, 505613.565099999308586 ], [ 356405.903200000524521, 505617.226700000464916 ], [ 356403.405000001192093, 505630.439200000837445 ], [ 356396.269499998539686, 505667.629300000146031 ], [ 356351.286400001496077, 505898.621600000187755 ], [ 356319.550900001078844, 506052.387399999424815 ], [ 356311.335999999195337, 506100.614800000563264 ], [ 356274.774500001221895, 506315.080499999225 ], [ 356265.603700000792742, 506387.901000000536442 ], [ 356264.697299998253584, 506483.719200000166893 ], [ 356262.463199999183416, 506512.8454 ], [ 356256.792500000447035, 506584.817399999126792 ], [ 356256.518100000917912, 506592.643999999389052 ], [ 356249.523499999195337, 506794.906199999153614 ], [ 356248.963899999856949, 506808.99070000089705 ], [ 356273.897300001233816, 506809.791400000452995 ], [ 356325.440099999308586, 506812.589099999517202 ], [ 356559.661899998784065, 506817.672299999744 ], [ 356566.961599998176098, 506695.605499999597669 ], [ 356567.889400001615286, 506619.273800000548363 ], [ 356577.182399999350309, 506522.158399999141693 ], [ 356673.006499998271465, 506520.819499999284744 ], [ 356932.531800001859665, 506527.852099999785423 ], [ 357093.112100001424551, 506534.179500000551343 ] ] ] } },
{ "type": "Feature", "properties": { "IA_blck_gr": "G19011300029004", "IA_blck__1": "4", "IA_blck__2": "Block Group 4", "blck_grp_I": 1276, "blck_grp_1": 29943500, "Shape_Leng": 9449.63369384, "Shape_Area": 4188108.12482 }, "geometry": { "type": "Polygon", "coordinates": [ [ [ 356248.963899999856949, 506808.99070000089705 ], [ 356249.523499999195337, 506794.906199999153614 ], [ 356256.518100000917912, 506592.643999999389052 ], [ 356256.792500000447035, 506584.817399999126792 ], [ 356262.463199999183416, 506512.8454 ], [ 356264.697299998253584, 506483.719200000166893 ], [ 356265.603700000792742, 506387.901000000536442 ], [ 356274.774500001221895, 506315.080499999225 ], [ 356311.335999999195337, 506100.614800000563264 ], [ 356319.550900001078844, 506052.387399999424815 ], [ 356351.286400001496077, 505898.621600000187755 ], [ 356396.269499998539686, 505667.629300000146031 ], [ 356403.405000001192093, 505630.439200000837445 ], [ 356405.903200000524521, 505617.226700000464916 ], [ 356406.646999999880791, 505613.565099999308586 ], [ 356280.330200001597404, 505582.049699999392033 ], [ 356190.1085, 505559.684100000187755 ], [ 355889.549100000411272, 505484.737400000914931 ], [ 355131.842399999499321, 505296.071699999272823 ], [ 354478.591299999505281, 505133.494000000879169 ], [ 354456.183800000697374, 505127.774499999359 ], [ 354450.414599999785423, 505125.945199999958 ], [ 354445.021200001239777, 505124.916699999943 ], [ 354316.026000000536442, 505092.192199999466538 ], [ 354021.537200000137091, 505019.049599999561906 ], [ 353727.155900001525879, 504945.251199999824166 ], [ 353663.339800000190735, 504929.261499999091029 ], [ 353615.137200001627207, 504914.314600000157952 ], [ 353570.271699998527765, 504900.302799999713898 ], [ 353453.602899998426437, 504860.983300000429153 ], [ 353434.627199999988, 504854.078199999406934 ], [ 353434.003699999302626, 504858.753399999812245 ], [ 353432.591899998486042, 504880.862600000575185 ], [ 353450.289599999785423, 504890.509600000455976 ], [ 353492.723299998790026, 504923.6721 ], [ 353507.76969999819994, 504935.439099999144673 ], [ 353517.338799998164177, 504944.382699999958 ], [ 353529.835099998861551, 504956.034299999475479 ], [ 353557.433800000697374, 504985.502800000831485 ], [ 353579.442400000989437, 505012.814699999988 ], [ 353599.602099999785423, 505042.730799999088049 ], [ 353689.362500000745058, 505193.939899999648333 ], [ 353757.600499998778105, 505310.692500000819564 ], [ 353778.988800000399351, 505342.568199999630451 ], [ 353807.666000001132488, 505380.933299999684095 ], [ 353865.362199999392033, 505448.272199999541044 ], [ 353889.956099998206, 505471.222599999979 ], [ 353922.1107, 505500.114700000733137 ], [ 354037.219999998807907, 505597.267000000923872 ], [ 354045.189500000327826, 505599.643699999898672 ], [ 354144.5537, 505664.056900000199676 ], [ 354149.341899998486042, 505667.521299999207258 ], [ 354169.379000000655651, 505681.867399999872 ], [ 354187.946899998933077, 505697.714700000360608 ], [ 354213.085599999875, 505723.154500000178814 ], [ 354229.757699999958, 505740.81980000063777 ], [ 354255.996800001710653, 505774.708499999716878 ], [ 354279.814899999648333, 505809.271500000730157 ], [ 354299.1699, 505842.28830000013113 ], [ 354321.947000000625849, 505888.898700000718236 ], [ 354343.391100000590086, 505941.27170000039041 ], [ 354353.337799999862909, 505972.742399999872 ], [ 354363.838300000876188, 506010.173299999908 ], [ 354370.874299999326468, 506047.67119999975 ], [ 354372.748799998313189, 506060.85840000025928 ], [ 354375.914799999445677, 506083.734699999914 ], [ 354379.90989999845624, 506124.67820000089705 ], [ 354380.352299999445677, 506156.72580000013113 ], [ 354380.177000001072884, 506195.128599999472499 ], [ 354378.13459999859333, 506223.815799999982 ], [ 354374.790300000458956, 506250.316500000655651 ], [ 354370.443500000983477, 506284.386600000783801 ], [ 354357.417700000107288, 506353.56220000050962 ], [ 354350.186299998313189, 506385.821699999272823 ], [ 354341.113699998706579, 506447.785499999299645 ], [ 354324.539700001478195, 506560.697799999266863 ], [ 354312.816300000995398, 506632.060000000521541 ], [ 354305.344099998474121, 506680.54619999975 ], [ 354300.714299999177456, 506713.595499999821186 ], [ 354297.820199999958, 506751.986600000411272 ], [ 354295.696800000965595, 506813.369400000199676 ], [ 354300.230000000447035, 506891.515399999917 ], [ 354306.4342, 506947.340600000694394 ], [ 354333.894600000232458, 507112.305199999362 ], [ 354350.507399998605251, 507218.434599999338388 ], [ 354357.963799998164177, 507264.797800000756979 ], [ 354383.070300001651049, 507265.376399999484 ], [ 354517.735599998384714, 507268.572699999436736 ], [ 354529.273600000888109, 507268.536199999973 ], [ 354769.479499999433756, 507275.741599999368191 ], [ 354926.795400001108646, 507280.981100000441074 ], [ 355016.645700000226498, 507285.734200000762939 ], [ 355196.091299999505281, 507289.968699999153614 ], [ 355263.83500000089407, 507291.592299999669194 ], [ 355390.107299998402596, 507294.534099999815226 ], [ 355515.465799998492002, 507299.451999999582767 ], [ 355723.533599998801947, 507304.88880000077188 ], [ 355861.458200000226498, 507310.7204 ], [ 355908.252900000661612, 507310.947599999606609 ], [ 355971.761999998241663, 507313.2804000005126 ], [ 356039.62950000166893, 507315.812100000679493 ], [ 356187.964699998497963, 507317.420299999415874 ], [ 356198.814300000667572, 507318.026799999177456 ], [ 356231.543000001460314, 507319.5186 ], [ 356237.149399999529123, 507153.1414 ], [ 356242.4901, 506965.474500000476837 ], [ 356248.963899999856949, 506808.99070000089705 ] ] ] } },
{ "type": "Feature", "properties": { "IA_blck_gr": "G19011300030031", "IA_blck__1": "1", "IA_blck__2": "Block Group 1", "blck_grp_I": 1944, "blck_grp_1": 36173000, "Shape_Leng": 8123.9641853599996, "Shape_Area": 3939142.5673099998 }, "geometry": { "type": "Polygon", "coordinates": [ [ [ 359275.114900000393391, 501717.032199999317527 ], [ 359268.114999998360872, 501716.822699999436736 ], [ 358989.280799999833107, 501711.857599999755621 ], [ 358778.486200001090765, 501706.775900000706315 ], [ 358712.503800000995398, 501705.204900000244379 ], [ 358487.807, 501699.381400000303984 ], [ 358358.578499998897314, 501695.922499999403954 ], [ 358314.922899998724461, 501694.818 ], [ 358297.132399998605251, 501694.338899999856949 ], [ 358227.544599998742342, 501692.270999999716878 ], [ 358162.981800001114607, 501690.321799999103 ], [ 358015.9265, 501685.380100000649691 ], [ 357967.343600001186132, 501683.828199999406934 ], [ 357840.80970000103116, 501679.157299999147654 ], [ 357817.433699999004602, 501678.199599999934 ], [ 357679.04450000077486, 501673.100999999791384 ], [ 357669.420299999415874, 501867.302200000733137 ], [ 357654.833399999886751, 502079.866599999368191 ], [ 357640.541600000113249, 502280.573000000789762 ], [ 357620.335799999535084, 502754.8256 ], [ 357616.281899999827147, 502877.717700000852346 ], [ 357609.560199998319149, 503022.885600000619888 ], [ 357605.338300000876188, 503115.196399999782443 ], [ 357602.603300001472235, 503173.194099999964 ], [ 357599.184000000357628, 503247.959000000730157 ], [ 357596.703000001609325, 503294.993300000205636 ], [ 357585.637699998915195, 503500.884299999103 ], [ 357575.611000001430511, 503687.672199999914 ], [ 357575.473000001162291, 503690.689600000157952 ], [ 357567.88120000064373, 503831.448899999260902 ], [ 357567.108899999409914, 503846.532099999487 ], [ 357566.892400000244379, 503881.910800000652671 ], [ 357566.757399998605251, 503895.679300000891089 ], [ 357563.379799999296665, 503935.280999999493361 ], [ 357551.26969999819994, 504061.274800000712276 ], [ 357548.117199998348951, 504095.95920000039041 ], [ 357547.768599998206, 504099.974799999967 ], [ 357547.430300001055002, 504103.766899999231 ], [ 357546.548099998384714, 504130.26799999923 ], [ 357594.180199999362, 504132.446499999613 ], [ 357906.42399999872, 504136.767699999734759 ], [ 358112.505699999630451, 504146.092800000682473 ], [ 358363.077300000935793, 504156.006599999964 ], [ 358549.702500000596046, 504163.555600000545382 ], [ 359093.817699998617172, 504181.137499999254942 ], [ 359143.243799999356, 504181.951999999582767 ], [ 359145.313499998301268, 504147.666200000792742 ], [ 359145.919599998742342, 504139.854699999094009 ], [ 359147.671100001782179, 504114.289499999955 ], [ 359157.955099999905, 503976.566099999472499 ], [ 359159.049100000411272, 503959.9298 ], [ 359164.775699999183416, 503867.576899999752641 ], [ 359171.324099998921156, 503762.718699999153614 ], [ 359189.105700001120567, 503485.127000000327826 ], [ 359193.692400000989437, 503413.999600000679493 ], [ 359194.021099999547005, 503408.63910000026226 ], [ 359200.749699998646975, 503303.4527000002563 ], [ 359207.76410000026226, 503166.921900000423193 ], [ 359216.430300001055002, 502976.486899999902 ], [ 359216.846000000834465, 502965.642899999395013 ], [ 359217.174600001424551, 502958.490599999204278 ], [ 359218.478700000792742, 502930.104699999094009 ], [ 359229.511500000953674, 502684.565999999642372 ], [ 359232.463700000196695, 502622.098300000652671 ], [ 359232.550999999046326, 502620.1985 ], [ 359251.383400000631809, 502215.652699999511242 ], [ 359265.384500000625849, 501914.476399999111891 ], [ 359274.760600000619888, 501724.743499999866 ], [ 359275.114900000393391, 501717.032199999317527 ] ] ] } },
{ "type": "Feature", "properties": { "IA_blck_gr": "G19011300030032", "IA_blck__1": "2", "IA_blck__2": "Block Group 2", "blck_grp_I": 1894, "blck_grp_1": 84042600, "Shape_Leng": 14453.5295711, "Shape_Area": 11571395.0506 }, "geometry": { "type": "Polygon", "coordinates": [ [ [ 359275.114900000393391, 501717.032199999317527 ], [ 359274.760600000619888, 501724.743499999866 ], [ 359265.384500000625849, 501914.476399999111891 ], [ 359251.383400000631809, 502215.652699999511242 ], [ 359232.550999999046326, 502620.1985 ], [ 359232.463700000196695, 502622.098300000652671 ], [ 359229.511500000953674, 502684.565999999642372 ], [ 359218.478700000792742, 502930.104699999094009 ], [ 359217.174600001424551, 502958.490599999204278 ], [ 359216.846000000834465, 502965.642899999395013 ], [ 359216.430300001055002, 502976.486899999902 ], [ 359207.76410000026226, 503166.921900000423193 ], [ 359200.749699998646975, 503303.4527000002563 ], [ 359194.021099999547005, 503408.63910000026226 ], [ 359193.692400000989437, 503413.999600000679493 ], [ 359189.105700001120567, 503485.127000000327826 ], [ 359171.324099998921156, 503762.718699999153614 ], [ 359164.775699999183416, 503867.576899999752641 ], [ 359159.049100000411272, 503959.9298 ], [ 359157.955099999905, 503976.566099999472499 ], [ 359147.671100001782179, 504114.289499999955 ], [ 359145.919599998742342, 504139.854699999094009 ], [ 359145.313499998301268, 504147.666200000792742 ], [ 359143.243799999356, 504181.951999999582767 ], [ 359269.115200001746416, 504184.039699999616 ], [ 359552.160000000149012, 504190.556500000879169 ], [ 359557.912900000810623, 504158.6798 ], [ 359693.918999999761581, 504162.696299999952 ], [ 359815.574700001627207, 504165.046800000593066 ], [ 360201.905499998480082, 504175.445399999619 ], [ 360407.852800000458956, 504180.569199999794364 ], [ 360723.044199999421835, 504187.266499999911 ], [ 360930.190499998629093, 504186.075899999588728 ], [ 361873.702500000596046, 504211.661199999973 ], [ 362319.614700000733137, 504220.890900000929832 ], [ 362739.248199999332428, 504229.710699999704957 ], [ 362907.564800001680851, 504232.146600000560284 ], [ 363099.441300000995398, 504233.216299999505281 ], [ 363545.615699999034405, 504233.344699999317527 ], [ 363550.561999998986721, 504233.350700000301003 ], [ 363602.251400001347065, 504233.402699999511242 ], [ 363948.343899998813868, 504233.491699999198318 ], [ 363949.392499998211861, 504205.654200000688434 ], [ 363953.784000001847744, 504129.031099999323487 ], [ 363960.236999999731779, 504015.210100000724196 ], [ 363965.655699998140335, 503950.170099999755621 ], [ 363968.716499999165535, 503900.363399999216199 ], [ 363984.018899999558926, 503596.45240000076592 ], [ 363985.681800000369549, 503564.275499999523163 ], [ 363992.039500001817942, 503484.38370000012219 ], [ 364008.530799999833107, 503112.434000000357628 ], [ 364010.627599999308586, 503047.910700000822544 ], [ 364010.706000000238419, 503007.260299999266863 ], [ 364008.547699999064207, 502975.689200000837445 ], [ 364005.62220000103116, 502955.282099999487 ], [ 364002.330299999564886, 502937.433599999174476 ], [ 364037.74549999833107, 502605.337099999189377 ], [ 364072.355999998748302, 501886.704600000753999 ], [ 363786.182, 501874.506999999284744 ], [ 363289.551100000739098, 501851.644400000572205 ], [ 363032.922699999064207, 501842.526799999177456 ], [ 362641.15260000154376, 501827.597899999469519 ], [ 362438.599399998784065, 501818.991699999198318 ], [ 362059.260000001639128, 501802.76410000026226 ], [ 361727.550500001758337, 501789.093900000676513 ], [ 361313.158500000834465, 501772.961300000548363 ], [ 361276.260899998247623, 501773.720499999821186 ], [ 361131.258400000631809, 501770.719000000506639 ], [ 360870.770500000566244, 501763.06220000050962 ], [ 360701.836699999869, 501758.628399999812245 ], [ 359673.251200001686811, 501727.941500000655651 ], [ 359275.114900000393391, 501717.032199999317527 ] ] ] } },
{ "type": "Feature", "properties": { "IA_blck_gr": "G19011300030033", "IA_blck__1": "3", "IA_blck__2": "Block Group 3", "blck_grp_I": 691, "blck_grp_1": 38501600, "Shape_Leng": 15339.6907491, "Shape_Area": 9872272.2727300003 }, "geometry": { "type": "Polygon", "coordinates": [ [ [ 363948.343899998813868, 504233.491699999198318 ], [ 363602.251400001347065, 504233.402699999511242 ], [ 363550.561999998986721, 504233.350700000301003 ], [ 363545.615699999034405, 504233.344699999317527 ], [ 363099.441300000995398, 504233.216299999505281 ], [ 362907.564800001680851, 504232.146600000560284 ], [ 362739.248199999332428, 504229.710699999704957 ], [ 362319.614700000733137, 504220.890900000929832 ], [ 361873.702500000596046, 504211.661199999973 ], [ 360930.190499998629093, 504186.075899999588728 ], [ 360723.044199999421835, 504187.266499999911 ], [ 360407.852800000458956, 504180.569199999794364 ], [ 360201.905499998480082, 504175.445399999619 ], [ 359815.574700001627207, 504165.046800000593066 ], [ 359693.918999999761581, 504162.696299999952 ], [ 359557.912900000810623, 504158.6798 ], [ 359552.160000000149012, 504190.556500000879169 ], [ 359318.635899998247623, 505368.251800000667572 ], [ 359283.340599998831749, 505546.147199999541044 ], [ 359087.62950000166893, 506169.4386 ], [ 359058.243599999696016, 506278.060399999842048 ], [ 359083.446299999952, 506283.809699999168515 ], [ 359143.335599999875, 506298.768100000917912 ], [ 359220.665500000119209, 506318.000099999830127 ], [ 359248.893599998206, 506261.511900000274181 ], [ 359338.912399999797344, 506171.468299999833107 ], [ 359413.970499999821186, 506141.54700000025332 ], [ 359533.894099999219179, 506141.463199999183416 ], [ 359632.176300000399351, 506183.612700000405312 ], [ 359638.966600000858307, 506186.500800000503659 ], [ 359773.971200000494719, 506186.442700000479817 ], [ 359923.957600001245737, 506231.536100000143051 ], [ 360351.397900000214577, 506224.018300000578165 ], [ 360373.935499999672174, 506246.447300000116229 ], [ 360479.779199998825788, 506244.272900000214577 ], [ 360592.721700001507998, 506241.867499999701977 ], [ 360606.004299998283386, 506241.584499999880791 ], [ 360837.986200001090765, 506236.836500000208616 ], [ 361093.896899998188019, 506231.520999999716878 ], [ 361168.91330000013113, 506261.5285 ], [ 361468.948300000280142, 506501.504899999126792 ], [ 362053.925700001418591, 507206.45130000077188 ], [ 362150.342000000178814, 507307.900800000876188 ], [ 362155.52589999884367, 507313.404500000178814 ], [ 362338.918000001460314, 507506.462600000202656 ], [ 362713.946800000965595, 507776.506899999454618 ], [ 362725.050200000405312, 507746.785299999639392 ], [ 362748.495400000363588, 507712.149299999698997 ], [ 362896.321299999952, 507524.264299999923 ], [ 362879.81529999896884, 507519.466199999675155 ], [ 362870.647799998521805, 507516.352800000458956 ], [ 362864.05460000038147, 507514.590800000354648 ], [ 362835.399199999869, 507508.7807 ], [ 362782.213899999856949, 507500.599999999627471 ], [ 362732.816199999302626, 507492.4836 ], [ 362702.35080000013113, 507488.381799999624491 ], [ 362673.638199999928, 507483.801599999889731 ], [ 362677.794300001114607, 507463.500499999150634 ], [ 362685.837600000202656, 507402.0559 ], [ 362693.658900000154972, 507331.19400000013411 ], [ 362705.901000000536442, 507221.900900000706315 ], [ 362716.478000000119209, 507112.97829999961 ], [ 362724.644200000911951, 507016.934699999168515 ], [ 362728.398299999535084, 506999.974500000476837 ], [ 362732.355999998748302, 506987.503399999812245 ], [ 362738.518599998206, 506975.470599999651313 ], [ 362804.396800000220537, 506854.108300000429153 ], [ 362807.613099999725819, 506845.1864 ], [ 362834.5608000010252, 506728.064300000667572 ], [ 362864.168600000441074, 506594.4912 ], [ 362891.392400000244379, 506483.877199999988 ], [ 362903.727600000798702, 506427.671 ], [ 362916.750399999320507, 506374.408399999141693 ], [ 362925.163699999451637, 506342.321900000795722 ], [ 362933.127099998295307, 506316.373999999836087 ], [ 362939.838100001215935, 506297.871200000867248 ], [ 362957.288699999451637, 506264.636499999091029 ], [ 362963.809399999678135, 506246.684900000691414 ], [ 362968.675599999725819, 506227.088600000366569 ], [ 362970.483399998396635, 506207.686200000345707 ], [ 362971.077199999243021, 506166.501299999654293 ], [ 362966.219599999487, 506049.2456 ], [ 362966.821100000292063, 506025.6436 ], [ 362968.461199998855591, 506013.400699999183416 ], [ 362986.3026, 505934.491900000721216 ], [ 362999.789200000464916, 505869.491699999198318 ], [ 363016.580600000917912, 505783.030600000172853 ], [ 363033.209100000560284, 505705.409199999645352 ], [ 363042.984700001776218, 505663.530600000172853 ], [ 363046.402100000530481, 505643.194900000467896 ], [ 363045.636599998921156, 505618.8574 ], [ 363054.540500000119209, 505618.822899999097 ], [ 363067.435400001704693, 505614.494200000539422 ], [ 363081.729499999433756, 505608.438699999824166 ], [ 363330.137699998915195, 505467.224999999627471 ], [ 363439.768199998885393, 505401.654799999669194 ], [ 363484.874400001019239, 505371.162599999457598 ], [ 363501.954700000584126, 505356.614 ], [ 363602.237199999392033, 505259.9254 ], [ 363638.951499998569489, 505225.571799999103 ], [ 363664.900400001555681, 505211.772099999710917 ], [ 363726.226399999111891, 505185.283500000834465 ], [ 363763.416200000792742, 505167.303400000557303 ], [ 363806.439100001007318, 505153.290699999779463 ], [ 363883.214600000530481, 505156.192199999466538 ], [ 363897.022900000214577, 505148.2116 ], [ 363899.892099998891354, 505137.929899999872 ], [ 363917.203499998897314, 504750.121799999848008 ], [ 363946.393699999898672, 504264.759099999442697 ], [ 363948.343899998813868, 504233.491699999198318 ] ] ] } },
{ "type": "Feature", "properties": { "IA_blck_gr": "G19011300030041", "IA_blck__1": "1", "IA_blck__2": "Block Group 1", "blck_grp_I": 249, "blck_grp_1": 5152800, "Shape_Leng": 20850.411661499998, "Shape_Area": 18349036.8902 }, "geometry": { "type": "Polygon", "coordinates": [ [ [ 359552.160000000149012, 504190.556500000879169 ], [ 359269.115200001746416, 504184.039699999616 ], [ 359143.243799999356, 504181.951999999582767 ], [ 359093.817699998617172, 504181.137499999254942 ], [ 358549.702500000596046, 504163.555600000545382 ], [ 358363.077300000935793, 504156.006599999964 ], [ 358112.505699999630451, 504146.092800000682473 ], [ 357906.42399999872, 504136.767699999734759 ], [ 357594.180199999362, 504132.446499999613 ], [ 357546.548099998384714, 504130.26799999923 ], [ 357231.822799999266863, 504115.320800000801682 ], [ 356943.864799998700619, 504102.728399999439716 ], [ 356915.806800000369549, 504101.559399999678135 ], [ 356912.022599998861551, 504101.386600000783801 ], [ 356763.601700000464916, 504103.907299999147654 ], [ 356748.531700000166893, 504103.555600000545382 ], [ 356523.8429000005126, 504097.337600000202656 ], [ 356477.829599998891354, 504094.007400000467896 ], [ 356449.4265, 504091.368599999696016 ], [ 356448.732500001788139, 504066.811499999836087 ], [ 356442.53770000115037, 503846.472100000828505 ], [ 356436.683499999344349, 503680.126199999824166 ], [ 356417.197900000959635, 503069.458100000396371 ], [ 356411.89750000089407, 502905.3761 ], [ 356390.436900001019239, 502279.942900000140071 ], [ 356389.253800000995398, 502244.388000000268221 ], [ 356379.872699998319149, 502023.227600000798702 ], [ 356382.398299999535084, 501828.479299999773502 ], [ 356382.508799999952, 501753.674499999731779 ], [ 356388.285799998790026, 501630.523900000378489 ], [ 356372.270100001245737, 501630.914000000804663 ], [ 356358.604400001466274, 501630.403300000354648 ], [ 356061.981499999761581, 501628.651599999517202 ], [ 355130.153900001198053, 501601.400699999183416 ], [ 355082.635499998927116, 501600.026900000870228 ], [ 354800.980799999088049, 501591.947399999946 ], [ 354770.095600001513958, 501591.106200000271201 ], [ 354454.927299998700619, 501581.96680000051856 ], [ 354066.064699999988, 501568.607499999925 ], [ 354062.531100001186132, 501568.335599999875 ], [ 353655.614700000733137, 501560.3388 ], [ 352846.254900000989437, 501536.659299999475479 ], [ 352843.327300000935793, 501592.409399999305606 ], [ 352756.121599998325109, 503077.573599999770522 ], [ 352751.111000001430511, 503161.225600000470877 ], [ 352743.178800001740456, 503284.052999999374151 ], [ 352718.221599999815226, 503716.649599999189377 ], [ 352717.488200001418591, 503972.280200000852346 ], [ 352722.900499999523163, 504056.961500000208616 ], [ 352723.334600001573563, 504105.806800000369549 ], [ 352724.938299998641014, 504168.926999999210238 ], [ 352724.362799998372793, 504227.3574 ], [ 352722.953099999576807, 504284.182399999350309 ], [ 352722.274999998509884, 504313.827899999917 ], [ 352717.813900001347065, 504420.012599999085069 ], [ 352715.041799999773502, 504494.245699999853969 ], [ 352713.740600001066923, 504528.566299999132752 ], [ 353136.950100000947714, 504730.767899999395013 ], [ 353200.184500001370907, 504761.50899999961 ], [ 353254.226399999111891, 504785.900000000372529 ], [ 353296.911800000816584, 504804.402799999341369 ], [ 353434.627199999988, 504854.078199999406934 ], [ 353453.602899998426437, 504860.983300000429153 ], [ 353570.271699998527765, 504900.302799999713898 ], [ 353615.137200001627207, 504914.314600000157952 ], [ 353663.339800000190735, 504929.261499999091029 ], [ 353727.155900001525879, 504945.251199999824166 ], [ 354021.537200000137091, 505019.049599999561906 ], [ 354316.026000000536442, 505092.192199999466538 ], [ 354445.021200001239777, 505124.916699999943 ], [ 354450.414599999785423, 505125.945199999958 ], [ 354456.183800000697374, 505127.774499999359 ], [ 354478.591299999505281, 505133.494000000879169 ], [ 355131.842399999499321, 505296.071699999272823 ], [ 355889.549100000411272, 505484.737400000914931 ], [ 356190.1085, 505559.684100000187755 ], [ 356280.330200001597404, 505582.049699999392033 ], [ 356406.646999999880791, 505613.565099999308586 ], [ 356436.311099998652935, 505620.964999999850988 ], [ 356659.771600000560284, 505676.624600000679493 ], [ 356659.608399998396635, 505680.200799999758601 ], [ 356722.282299999147654, 505695.715199999511242 ], [ 356726.343699999153614, 505697.020500000566244 ], [ 357453.829, 505878.301999999210238 ], [ 357992.968699999153614, 506012.612099999561906 ], [ 358013.752099998295307, 506017.707499999552965 ], [ 358256.859400000423193, 506077.673100000247359 ], [ 358684.8081, 506184.762399999424815 ], [ 358897.315900001674891, 506237.856699999421835 ], [ 359017.177799999713898, 506267.774900000542402 ], [ 359058.243599999696016, 506278.060399999842048 ], [ 359087.62950000166893, 506169.4386 ], [ 359283.340599998831749, 505546.147199999541044 ], [ 359318.635899998247623, 505368.251800000667572 ], [ 359552.160000000149012, 504190.556500000879169 ] ] ] } },
{ "type": "Feature", "properties": { "IA_blck_gr": "G19011300030042", "IA_blck__1": "2", "IA_blck__2": "Block Group 2", "blck_grp_I": 1293, "blck_grp_1": 72747100, "Shape_Leng": 5348.0087943, "Shape_Area": 1505675.466 }, "geometry": { "type": "Polygon", "coordinates": [ [ [ 357620.335799999535084, 502754.8256 ], [ 357640.541600000113249, 502280.573000000789762 ], [ 357654.833399999886751, 502079.866599999368191 ], [ 357669.420299999415874, 501867.302200000733137 ], [ 357679.04450000077486, 501673.100999999791384 ], [ 357541.842700000852346, 501665.483200000599027 ], [ 357328.021999999880791, 501656.270400000736117 ], [ 357258.227899998426437, 501653.305800000205636 ], [ 356898.782099999487, 501642.157400000840425 ], [ 356683.444699998944998, 501635.468800000846386 ], [ 356417.0, 501630.152599999681115 ], [ 356388.285799998790026, 501630.523900000378489 ], [ 356382.508799999952, 501753.674499999731779 ], [ 356382.398299999535084, 501828.479299999773502 ], [ 356379.872699998319149, 502023.227600000798702 ], [ 356389.253800000995398, 502244.388000000268221 ], [ 356390.436900001019239, 502279.942900000140071 ], [ 356411.89750000089407, 502905.3761 ], [ 356417.197900000959635, 503069.458100000396371 ], [ 356443.562399998307228, 503069.8761 ], [ 356739.407699998468161, 503074.856899999082088 ], [ 356793.479100000113249, 503076.988199999555945 ], [ 356801.323300000280142, 502894.243000000715256 ], [ 356811.462900001555681, 502729.856699999421835 ], [ 356909.8651, 502732.667700000107288 ], [ 357000.445500001311302, 502735.234799999744 ], [ 357091.02589999884367, 502737.802999999374151 ], [ 357362.920800000429153, 502743.952899999917 ], [ 357420.794799998402596, 502745.926100000739098 ], [ 357527.73369999975, 502749.583100000396371 ], [ 357573.564100001007318, 502751.678799999878 ], [ 357620.335799999535084, 502754.8256 ] ] ] } },
{ "type": "Feature", "properties": { "IA_blck_gr": "G19011300030043", "IA_blck__1": "3", "IA_blck__2": "Block Group 3", "blck_grp_I": 2870, "blck_grp_1": 55673000, "Shape_Leng": 5031.5172970599997, "Shape_Area": 1458011.052 }, "geometry": { "type": "Polygon", "coordinates": [ [ [ 357620.335799999535084, 502754.8256 ], [ 357573.564100001007318, 502751.678799999878 ], [ 357527.73369999975, 502749.583100000396371 ], [ 357420.794799998402596, 502745.926100000739098 ], [ 357362.920800000429153, 502743.952899999917 ], [ 357091.02589999884367, 502737.802999999374151 ], [ 357000.445500001311302, 502735.234799999744 ], [ 356909.8651, 502732.667700000107288 ], [ 356811.462900001555681, 502729.856699999421835 ], [ 356801.323300000280142, 502894.243000000715256 ], [ 356793.479100000113249, 503076.988199999555945 ], [ 356739.407699998468161, 503074.856899999082088 ], [ 356443.562399998307228, 503069.8761 ], [ 356417.197900000959635, 503069.458100000396371 ], [ 356436.683499999344349, 503680.126199999824166 ], [ 356442.53770000115037, 503846.472100000828505 ], [ 356448.732500001788139, 504066.811499999836087 ], [ 356449.4265, 504091.368599999696016 ], [ 356477.829599998891354, 504094.007400000467896 ], [ 356523.8429000005126, 504097.337600000202656 ], [ 356748.531700000166893, 504103.555600000545382 ], [ 356763.601700000464916, 504103.907299999147654 ], [ 356912.022599998861551, 504101.386600000783801 ], [ 356915.806800000369549, 504101.559399999678135 ], [ 356943.864799998700619, 504102.728399999439716 ], [ 357231.822799999266863, 504115.320800000801682 ], [ 357546.548099998384714, 504130.26799999923 ], [ 357547.430300001055002, 504103.766899999231 ], [ 357547.768599998206, 504099.974799999967 ], [ 357548.117199998348951, 504095.95920000039041 ], [ 357551.26969999819994, 504061.274800000712276 ], [ 357563.379799999296665, 503935.280999999493361 ], [ 357566.757399998605251, 503895.679300000891089 ], [ 357566.892400000244379, 503881.910800000652671 ], [ 357567.108899999409914, 503846.532099999487 ], [ 357567.88120000064373, 503831.448899999260902 ], [ 357575.473000001162291, 503690.689600000157952 ], [ 357575.611000001430511, 503687.672199999914 ], [ 357585.637699998915195, 503500.884299999103 ], [ 357596.703000001609325, 503294.993300000205636 ], [ 357599.184000000357628, 503247.959000000730157 ], [ 357602.603300001472235, 503173.194099999964 ], [ 357605.338300000876188, 503115.196399999782443 ], [ 357609.560199998319149, 503022.885600000619888 ], [ 357616.281899999827147, 502877.717700000852346 ], [ 357620.335799999535084, 502754.8256 ] ] ] } },
{ "type": "Feature", "properties": { "IA_blck_gr": "G19011300030051", "IA_blck__1": "1", "IA_blck__2": "Block Group 1", "blck_grp_I": 2676, "blck_grp_1": 90507800, "Shape_Leng": 6071.48429321, "Shape_Area": 2162777.1395299998 }, "geometry": { "type": "Polygon", "coordinates": [ [ [ 354372.748799998313189, 506060.85840000025928 ], [ 354352.000199999660254, 506056.782099999487 ], [ 354321.102299999445677, 506056.613199999555945 ], [ 354177.309599999338388, 506056.143200000748038 ], [ 354159.563499998301268, 506053.09940000064671 ], [ 354142.656300000846386, 506051.549399999902 ], [ 354099.133000001311302, 506049.913499999791384 ], [ 354003.198699999600649, 506046.351800000295043 ], [ 353874.597500000149012, 506041.648099999875 ], [ 353666.187100000679493, 506034.006999999284744 ], [ 353465.502700001001358, 506026.832599999383092 ], [ 353141.610899999738, 506017.791300000622869 ], [ 353122.180599998682737, 506017.361300000920892 ], [ 352996.977899998426437, 506014.057499999180436 ], [ 352957.8574, 506009.827199999243021 ], [ 352921.30970000103116, 506008.848799999803305 ], [ 352804.8739, 506003.032299999147654 ], [ 352723.79899999872, 505998.925200000405312 ], [ 352684.008400000631809, 505998.585400000214577 ], [ 352580.174400001764297, 505996.588500000536442 ], [ 352577.552999999374151, 506054.70160000026226 ], [ 352572.95890000090003, 506154.7193 ], [ 352564.46000000089407, 506268.222599999979 ], [ 352556.098299998790026, 506391.474700000137091 ], [ 352552.2434, 506478.759400000795722 ], [ 352548.462200000882149, 506538.835400000214577 ], [ 352543.444699998944998, 506619.012599999085069 ], [ 352522.857299998402596, 506947.536299999803305 ], [ 352526.331000000238419, 507045.9013 ], [ 352520.813799999654293, 507118.888599999248981 ], [ 352512.704500000923872, 507178.097300000488758 ], [ 352507.597899999469519, 507203.6228 ], [ 352554.271499998867512, 507206.512099999934 ], [ 352618.742699999362, 507209.420800000429153 ], [ 352727.232799999415874, 507211.965199999511242 ], [ 352818.104600001126528, 507214.163499999791384 ], [ 353018.7635000012815, 507221.2094 ], [ 353186.19480000063777, 507226.870799999684095 ], [ 353220.316700000315905, 507228.524900000542402 ], [ 353275.92680000141263, 507230.590800000354648 ], [ 353372.303199999034405, 507233.156300000846386 ], [ 353470.407800000160933, 507237.5929000005126 ], [ 353568.870200000703335, 507239.583399999886751 ], [ 353672.287000000476837, 507241.351500000804663 ], [ 353816.390299998223782, 507247.20240000076592 ], [ 353870.783199999481, 507250.673100000247359 ], [ 353970.685400001704693, 507253.629699999466538 ], [ 353988.457899998873472, 507254.210699999704957 ], [ 354120.610599998384714, 507258.294199999421835 ], [ 354259.845600001513958, 507262.477 ], [ 354333.268599998206, 507264.237999999895692 ], [ 354357.963799998164177, 507264.797800000756979 ], [ 354350.507399998605251, 507218.434599999338388 ], [ 354333.894600000232458, 507112.305199999362 ], [ 354306.4342, 506947.340600000694394 ], [ 354300.230000000447035, 506891.515399999917 ], [ 354295.696800000965595, 506813.369400000199676 ], [ 354297.820199999958, 506751.986600000411272 ], [ 354300.714299999177456, 506713.595499999821186 ], [ 354305.344099998474121, 506680.54619999975 ], [ 354312.816300000995398, 506632.060000000521541 ], [ 354324.539700001478195, 506560.697799999266863 ], [ 354341.113699998706579, 506447.785499999299645 ], [ 354350.186299998313189, 506385.821699999272823 ], [ 354357.417700000107288, 506353.56220000050962 ], [ 354370.443500000983477, 506284.386600000783801 ], [ 354374.790300000458956, 506250.316500000655651 ], [ 354378.13459999859333, 506223.815799999982 ], [ 354380.177000001072884, 506195.128599999472499 ], [ 354380.352299999445677, 506156.72580000013113 ], [ 354379.90989999845624, 506124.67820000089705 ], [ 354375.914799999445677, 506083.734699999914 ], [ 354372.748799998313189, 506060.85840000025928 ] ] ] } },
{ "type": "Feature", "properties": { "IA_blck_gr": "G19011300030052", "IA_blck__1": "2", "IA_blck__2": "Block Group 2", "blck_grp_I": 1198, "blck_grp_1": 47215700, "Shape_Leng": 12783.212744500001, "Shape_Area": 4788044.8053299999 }, "geometry": { "type": "Polygon", "coordinates": [ [ [ 353434.627199999988, 504854.078199999406934 ], [ 353296.911800000816584, 504804.402799999341369 ], [ 353254.226399999111891, 504785.900000000372529 ], [ 353200.184500001370907, 504761.50899999961 ], [ 353136.950100000947714, 504730.767899999395013 ], [ 352713.740600001066923, 504528.566299999132752 ], [ 352715.041799999773502, 504494.245699999853969 ], [ 352717.813900001347065, 504420.012599999085069 ], [ 352722.274999998509884, 504313.827899999917 ], [ 352680.626699998975, 504292.351500000804663 ], [ 352660.648499999195337, 504282.043500000610948 ], [ 352612.031599998474121, 504241.439699999988 ], [ 352591.0603, 504201.970799999311566 ], [ 352566.925299998372793, 504177.813400000333786 ], [ 352495.490800000727177, 504138.644899999722838 ], [ 352486.0287000015378, 504125.451999999582767 ], [ 352477.030200000852346, 504101.977399999275804 ], [ 352475.831900000572205, 504073.70299999975 ], [ 352492.808200001716614, 504033.593699999153614 ], [ 352499.868900001049042, 503990.349700000137091 ], [ 352483.185699999332428, 503969.104199999943 ], [ 352385.731800001114607, 503956.648099999875 ], [ 352377.981800001114607, 503954.843000000342727 ], [ 352358.326499998569489, 503950.149599999189377 ], [ 352354.725099999457598, 503947.747600000351667 ], [ 352306.337799999862909, 503914.770999999716878 ], [ 352262.268899999558926, 503914.017100000753999 ], [ 352229.278999999165535, 503907.043500000610948 ], [ 352154.937300000339746, 503859.124399999156594 ], [ 352135.818300001323223, 503835.194299999624491 ], [ 352140.043200001120567, 503743.220499999821186 ], [ 352128.150499999523163, 503727.230900000780821 ], [ 352050.770300000905991, 503708.292199999094009 ], [ 352022.471400000154972, 503719.784299999475479 ], [ 352022.210499998182058, 503778.676899999380112 ], [ 352014.1787, 503788.618000000715256 ], [ 351986.4254, 503789.832100000232458 ], [ 351974.213700000196695, 503779.091700000688434 ], [ 351958.531500000506639, 503737.3991 ], [ 351944.430199999362, 503713.695199999958 ], [ 351918.753100000321865, 503709.067900000140071 ], [ 351913.764800000935793, 503708.171399999409914 ], [ 351846.782400000840425, 503696.310000000521541 ], [ 351814.727699998766184, 503679.525499999523163 ], [ 351802.090900000184774, 503625.091900000348687 ], [ 351779.329399999231, 503570.314799999818206 ], [ 351736.660300001502037, 503527.408399999141693 ], [ 351713.831999998539686, 503523.581900000572205 ], [ 351699.26969999819994, 503522.926799999549985 ], [ 351685.324499998241663, 503512.220799999311566 ], [ 351661.275499999523163, 503491.541600000113249 ], [ 351651.747999999672174, 503466.924200000241399 ], [ 351622.4254, 503468.181199999526143 ], [ 351531.362300001084805, 503417.948400000110269 ], [ 351507.628600001335144, 503414.081800000742078 ], [ 351493.836800001561642, 503442.129899999126792 ], [ 351486.164000000804663, 503460.598600000143051 ], [ 351484.526099998503923, 503467.692099999636412 ], [ 351484.958799999207258, 503478.238199999555945 ], [ 351485.829300001263618, 503484.548499999567866 ], [ 351488.456399999558926, 503493.961400000378489 ], [ 351507.276099998503923, 503533.778300000354648 ], [ 351512.010899998247623, 503547.653400000184774 ], [ 351514.112799998372793, 503561.410000000149012 ], [ 351514.707499999552965, 503579.354499999433756 ], [ 351503.27250000089407, 503765.855499999597669 ], [ 351499.300599999725819, 503846.866100000217557 ], [ 351496.431000001728535, 503905.193299999460578 ], [ 351495.866399999707937, 503915.918500000610948 ], [ 351494.121100001037121, 503938.236899999902 ], [ 351493.765599999576807, 503942.476399999111891 ], [ 351493.395100001245737, 503947.051100000739098 ], [ 351493.049699999392033, 503951.066999999806285 ], [ 351488.690499998629093, 504005.855599999427795 ], [ 351471.060199998319149, 504309.997099999338388 ], [ 351172.351300001144409, 504294.893799999728799 ], [ 351085.572299998253584, 504290.772199999541044 ], [ 351069.94200000166893, 504290.070299999788404 ], [ 351050.285799998790026, 504289.075799999758601 ], [ 350934.307799998670816, 504283.532800000160933 ], [ 350660.878100000321865, 504269.024000000208616 ], [ 350633.923099998384714, 504680.698799999430776 ], [ 350627.654899999499321, 504768.996500000357628 ], [ 350614.791499998420477, 504987.794700000435114 ], [ 350607.828499998897314, 505084.2357 ], [ 350591.886799998581409, 505366.165300000458956 ], [ 350591.553899999707937, 505371.749399999156594 ], [ 350584.857500001788139, 505489.814699999988 ], [ 350584.544599998742342, 505494.951899999752641 ], [ 350574.451400000602007, 505672.215199999511242 ], [ 350572.169100001454353, 505699.212600000202656 ], [ 350571.587999999523163, 505721.358999999240041 ], [ 350524.837799999862909, 505708.96000000089407 ], [ 350497.092599999159575, 505706.483999999240041 ], [ 350469.101799998432398, 505709.484200000762939 ], [ 350422.90089999884367, 505736.304300000891089 ], [ 350399.576400000602007, 505760.230699999257922 ], [ 350381.470400001853704, 505776.216299999505281 ], [ 350508.624400001019239, 505855.489399999380112 ], [ 350522.579700000584126, 505864.065999999642372 ], [ 350524.822500001639128, 505865.510299999266863 ], [ 350538.119800001382828, 505874.057299999520183 ], [ 350540.961399998515844, 505873.176999999210238 ], [ 350567.158100001513958, 505866.065300000831485 ], [ 350569.855200000107288, 505864.730399999767542 ], [ 350915.353999998420477, 505750.446599999442697 ], [ 350965.381999999284744, 505733.879599999636412 ], [ 351095.787300001829863, 505691.135600000619888 ], [ 351294.680199999362, 505624.595499999821186 ], [ 351377.021200001239777, 505596.941299999132752 ], [ 351388.213700000196695, 505593.637099999934 ], [ 351524.450500000268221, 505553.289699999616 ], [ 351571.175999999046326, 505536.914000000804663 ], [ 351780.801899999380112, 505471.988299999386072 ], [ 352174.119899999350309, 505352.743100000545382 ], [ 352232.439199998975, 505335.213700000196695 ], [ 352630.394999999552965, 505212.167999999597669 ], [ 352627.249099999666214, 505247.189099999144673 ], [ 352615.954300001263618, 505367.846400000154972 ], [ 352613.230200000107288, 505397.175300000235438 ], [ 352612.1195, 505419.970000000670552 ], [ 352610.379200000315905, 505445.759700000286102 ], [ 352609.521600000560284, 505475.732699999585748 ], [ 352608.628699999302626, 505506.487999999895692 ], [ 352607.471900001168251, 505546.750099999830127 ], [ 352606.469700001180172, 505581.755799999460578 ], [ 352606.309999998658895, 505587.123800000175834 ], [ 352607.445000000298023, 505614.947000000625849 ], [ 352580.174400001764297, 505996.588500000536442 ], [ 352684.008400000631809, 505998.585400000214577 ], [ 352723.79899999872, 505998.925200000405312 ], [ 352804.8739, 506003.032299999147654 ], [ 352921.30970000103116, 506008.848799999803305 ], [ 352957.8574, 506009.827199999243021 ], [ 352996.977899998426437, 506014.057499999180436 ], [ 353122.180599998682737, 506017.361300000920892 ], [ 353141.610899999738, 506017.791300000622869 ], [ 353465.502700001001358, 506026.832599999383092 ], [ 353666.187100000679493, 506034.006999999284744 ], [ 353874.597500000149012, 506041.648099999875 ], [ 354003.198699999600649, 506046.351800000295043 ], [ 354099.133000001311302, 506049.913499999791384 ], [ 354142.656300000846386, 506051.549399999902 ], [ 354159.563499998301268, 506053.09940000064671 ], [ 354177.309599999338388, 506056.143200000748038 ], [ 354321.102299999445677, 506056.613199999555945 ], [ 354352.000199999660254, 506056.782099999487 ], [ 354372.748799998313189, 506060.85840000025928 ], [ 354370.874299999326468, 506047.67119999975 ], [ 354363.838300000876188, 506010.173299999908 ], [ 354353.337799999862909, 505972.742399999872 ], [ 354343.391100000590086, 505941.27170000039041 ], [ 354321.947000000625849, 505888.898700000718236 ], [ 354299.1699, 505842.28830000013113 ], [ 354279.814899999648333, 505809.271500000730157 ], [ 354255.996800001710653, 505774.708499999716878 ], [ 354229.757699999958, 505740.81980000063777 ], [ 354213.085599999875, 505723.154500000178814 ], [ 354187.946899998933077, 505697.714700000360608 ], [ 354169.379000000655651, 505681.867399999872 ], [ 354149.341899998486042, 505667.521299999207258 ], [ 354144.5537, 505664.056900000199676 ], [ 354045.189500000327826, 505599.643699999898672 ], [ 354037.219999998807907, 505597.267000000923872 ], [ 353922.1107, 505500.114700000733137 ], [ 353889.956099998206, 505471.222599999979 ], [ 353865.362199999392033, 505448.272199999541044 ], [ 353807.666000001132488, 505380.933299999684095 ], [ 353778.988800000399351, 505342.568199999630451 ], [ 353757.600499998778105, 505310.692500000819564 ], [ 353689.362500000745058, 505193.939899999648333 ], [ 353599.602099999785423, 505042.730799999088049 ], [ 353579.442400000989437, 505012.814699999988 ], [ 353557.433800000697374, 504985.502800000831485 ], [ 353529.835099998861551, 504956.034299999475479 ], [ 353517.338799998164177, 504944.382699999958 ], [ 353507.76969999819994, 504935.439099999144673 ], [ 353492.723299998790026, 504923.6721 ], [ 353450.289599999785423, 504890.509600000455976 ], [ 353432.591899998486042, 504880.862600000575185 ], [ 353434.003699999302626, 504858.753399999812245 ], [ 353434.627199999988, 504854.078199999406934 ] ] ] } },
{ "type": "Feature", "properties": { "IA_blck_gr": "G19011300030053", "IA_blck__1": "3", "IA_blck__2": "Block Group 3", "blck_grp_I": 1630, "blck_grp_1": 70985800, "Shape_Leng": 6611.28596793, "Shape_Area": 2042565.2316300001 }, "geometry": { "type": "Polygon", "coordinates": [ [ [ 352580.174400001764297, 505996.588500000536442 ], [ 352607.445000000298023, 505614.947000000625849 ], [ 352606.309999998658895, 505587.123800000175834 ], [ 352606.469700001180172, 505581.755799999460578 ], [ 352607.471900001168251, 505546.750099999830127 ], [ 352608.628699999302626, 505506.487999999895692 ], [ 352609.521600000560284, 505475.732699999585748 ], [ 352610.379200000315905, 505445.759700000286102 ], [ 352612.1195, 505419.970000000670552 ], [ 352613.230200000107288, 505397.175300000235438 ], [ 352615.954300001263618, 505367.846400000154972 ], [ 352627.249099999666214, 505247.189099999144673 ], [ 352630.394999999552965, 505212.167999999597669 ], [ 352232.439199998975, 505335.213700000196695 ], [ 352174.119899999350309, 505352.743100000545382 ], [ 351780.801899999380112, 505471.988299999386072 ], [ 351571.175999999046326, 505536.914000000804663 ], [ 351524.450500000268221, 505553.289699999616 ], [ 351388.213700000196695, 505593.637099999934 ], [ 351377.021200001239777, 505596.941299999132752 ], [ 351294.680199999362, 505624.595499999821186 ], [ 351095.787300001829863, 505691.135600000619888 ], [ 350965.381999999284744, 505733.879599999636412 ], [ 350915.353999998420477, 505750.446599999442697 ], [ 350569.855200000107288, 505864.730399999767542 ], [ 350567.158100001513958, 505866.065300000831485 ], [ 350540.961399998515844, 505873.176999999210238 ], [ 350538.119800001382828, 505874.057299999520183 ], [ 350668.50959999859333, 505958.293500000610948 ], [ 350798.082100000232458, 506040.479499999433756 ], [ 350877.715500000864267, 506089.518799999728799 ], [ 350947.529899999499321, 506133.3026 ], [ 351281.602499999106, 506342.823000000789762 ], [ 351284.966299999505281, 506344.989800000563264 ], [ 351353.65989999845624, 506387.943199999630451 ], [ 351422.507199998944998, 506431.128000000491738 ], [ 351828.299800001084805, 506692.609699999914 ], [ 351860.90089999884367, 506718.937400000169873 ], [ 351894.29899999872, 506745.860999999567866 ], [ 352049.432500001043081, 506911.301999999210238 ], [ 352123.541099999, 506989.332699999213219 ], [ 352323.2982, 507197.439400000497699 ], [ 352351.32319999858737, 507197.247199999168515 ], [ 352507.597899999469519, 507203.6228 ], [ 352512.704500000923872, 507178.097300000488758 ], [ 352520.813799999654293, 507118.888599999248981 ], [ 352526.331000000238419, 507045.9013 ], [ 352522.857299998402596, 506947.536299999803305 ], [ 352543.444699998944998, 506619.012599999085069 ], [ 352548.462200000882149, 506538.835400000214577 ], [ 352552.2434, 506478.759400000795722 ], [ 352556.098299998790026, 506391.474700000137091 ], [ 352564.46000000089407, 506268.222599999979 ], [ 352572.95890000090003, 506154.7193 ], [ 352577.552999999374151, 506054.70160000026226 ], [ 352580.174400001764297, 505996.588500000536442 ] ] ] } },
{ "type": "Feature", "properties": { "IA_blck_gr": "G19011300030054", "IA_blck__1": "4", "IA_blck__2": "Block Group 4", "blck_grp_I": 797, "blck_grp_1": 21563800, "Shape_Leng": 5136.1165733500002, "Shape_Area": 1245395.9102 }, "geometry": { "type": "Polygon", "coordinates": [ [ [ 352323.2982, 507197.439400000497699 ], [ 352123.541099999, 506989.332699999213219 ], [ 352049.432500001043081, 506911.301999999210238 ], [ 351894.29899999872, 506745.860999999567866 ], [ 351860.90089999884367, 506718.937400000169873 ], [ 351828.299800001084805, 506692.609699999914 ], [ 351422.507199998944998, 506431.128000000491738 ], [ 351353.65989999845624, 506387.943199999630451 ], [ 351284.966299999505281, 506344.989800000563264 ], [ 351281.602499999106, 506342.823000000789762 ], [ 350947.529899999499321, 506133.3026 ], [ 350877.715500000864267, 506089.518799999728799 ], [ 350798.082100000232458, 506040.479499999433756 ], [ 350668.50959999859333, 505958.293500000610948 ], [ 350641.526799999177456, 505979.255400000140071 ], [ 350622.251200001686811, 505988.245200000703335 ], [ 350571.696800000965595, 505996.391799999400973 ], [ 350565.822599999606609, 506015.277300000190735 ], [ 350560.721700001507998, 506031.621899999678135 ], [ 350555.917700000107288, 506046.859799999744 ], [ 350554.825199998915195, 506080.4054000005126 ], [ 350551.469399999827147, 506175.439400000497699 ], [ 350548.008299998939037, 506272.820199999958 ], [ 350547.566300000995398, 506286.350099999457598 ], [ 350546.034800000488758, 506331.521999999880791 ], [ 350542.729600001126528, 506403.377800000831485 ], [ 350541.371399998664856, 506442.846300000324845 ], [ 350529.947700001299381, 506778.389499999582767 ], [ 350519.811900001019239, 507076.027899999171495 ], [ 350519.518199998885393, 507084.41330000013113 ], [ 350518.732299998402596, 507107.446100000292063 ], [ 350517.808200001716614, 507135.399700000882149 ], [ 350714.787999998778105, 507141.773499999195337 ], [ 350921.882500000298023, 507148.606499999761581 ], [ 350964.751699998975, 507149.971799999475479 ], [ 351022.428199999034405, 507151.8903 ], [ 351272.145100001245737, 507160.087099999189377 ], [ 351310.655900001525879, 507161.258400000631809 ], [ 351350.786200001835823, 507163.0625 ], [ 351717.832600001245737, 507178.789100000634789 ], [ 351968.035599999129772, 507185.350400000810623 ], [ 352060.770399998873472, 507190.087500000372529 ], [ 352154.426600001752377, 507190.835799999535084 ], [ 352217.855799999088049, 507194.926100000739098 ], [ 352234.351199999451637, 507198.245100000873208 ], [ 352320.163199998438358, 507197.521999999880791 ], [ 352323.2982, 507197.439400000497699 ] ] ] } },
{ "type": "Feature", "properties": { "IA_blck_gr": "G19011300030061", "IA_blck__1": "1", "IA_blck__2": "Block Group 1", "blck_grp_I": 2139, "blck_grp_1": 105175000, "Shape_Leng": 12106.9121567, "Shape_Area": 6955917.6547299996 }, "geometry": { "type": "Polygon", "coordinates": [ [ [ 350607.828499998897314, 505084.2357 ], [ 350614.791499998420477, 504987.794700000435114 ], [ 350627.654899999499321, 504768.996500000357628 ], [ 350633.923099998384714, 504680.698799999430776 ], [ 350660.878100000321865, 504269.024000000208616 ], [ 350934.307799998670816, 504283.532800000160933 ], [ 351050.285799998790026, 504289.075799999758601 ], [ 351069.94200000166893, 504290.070299999788404 ], [ 351085.572299998253584, 504290.772199999541044 ], [ 351172.351300001144409, 504294.893799999728799 ], [ 351471.060199998319149, 504309.997099999338388 ], [ 351488.690499998629093, 504005.855599999427795 ], [ 351493.049699999392033, 503951.066999999806285 ], [ 351493.395100001245737, 503947.051100000739098 ], [ 351493.765599999576807, 503942.476399999111891 ], [ 351494.121100001037121, 503938.236899999902 ], [ 351495.866399999707937, 503915.918500000610948 ], [ 351496.431000001728535, 503905.193299999460578 ], [ 351499.300599999725819, 503846.866100000217557 ], [ 351503.27250000089407, 503765.855499999597669 ], [ 351514.707499999552965, 503579.354499999433756 ], [ 351514.112799998372793, 503561.410000000149012 ], [ 351512.010899998247623, 503547.653400000184774 ], [ 351507.276099998503923, 503533.778300000354648 ], [ 351488.456399999558926, 503493.961400000378489 ], [ 351485.829300001263618, 503484.548499999567866 ], [ 351484.958799999207258, 503478.238199999555945 ], [ 351484.526099998503923, 503467.692099999636412 ], [ 351486.164000000804663, 503460.598600000143051 ], [ 351493.836800001561642, 503442.129899999126792 ], [ 351507.628600001335144, 503414.081800000742078 ], [ 351443.632100000977516, 503403.5899 ], [ 351436.7511, 503387.9386 ], [ 351429.900299999862909, 503318.423699999228 ], [ 351411.008799999952, 503289.354299999773502 ], [ 351340.903299998492002, 503222.148 ], [ 351314.441700000315905, 503192.738600000739098 ], [ 351303.542599998414516, 503156.413499999791384 ], [ 351279.746800001710653, 503124.548399999738 ], [ 351257.615800000727177, 503110.675799999386072 ], [ 351159.954300001263618, 503093.410800000652671 ], [ 351122.881700001657009, 503076.291899999603629 ], [ 351090.596999999135733, 503064.539599999785423 ], [ 351047.504700001329184, 503067.644099999219179 ], [ 351014.527499999850988, 503071.314899999648333 ], [ 350950.018199998885393, 503101.566899999976 ], [ 350912.055399999022484, 503102.438799999654293 ], [ 350886.878699999302626, 503101.308900000527501 ], [ 350864.713799998164177, 503090.011700000613928 ], [ 350845.819600000977516, 503060.943499999120831 ], [ 350840.167700000107288, 503019.703199999406934 ], [ 350847.852600000798702, 503017.472400000318885 ], [ 350861.699999999254942, 502989.985400000587106 ], [ 350868.752000000327826, 502946.739399999380112 ], [ 350859.862399999052286, 502920.695900000631809 ], [ 350829.378899998962879, 502870.614399999380112 ], [ 350770.969099998474121, 502821.855900000780821 ], [ 350697.160399999469519, 502780.022099999710917 ], [ 350590.833500001579523, 502731.579700000584126 ], [ 350515.683200001716614, 502717.796 ], [ 350365.519000001251698, 502744.213899999856949 ], [ 350320.072200000286102, 502744.6414 ], [ 350181.894499998539686, 502728.037399999797344 ], [ 350144.81810000166297, 502710.923100000247359 ], [ 350095.661400001496077, 502626.636800000444055 ], [ 350065.919199999421835, 502615.11460000090301 ], [ 350020.126499999314547, 502623.255300000309944 ], [ 349916.560199998319149, 502623.547499999403954 ], [ 349825.629799999296665, 502608.616399999707937 ], [ 349788.689800001680851, 502586.582599999383092 ], [ 349748.256400000303984, 502587.349700000137091 ], [ 349666.667399998754263, 502606.881699999794364 ], [ 349599.451799999923, 502642.399299999698997 ], [ 349586.862700000405312, 502641.836400000378489 ], [ 349586.403000000864267, 502652.118499999866 ], [ 349487.130199998617172, 502729.765799999237061 ], [ 349441.826799999923, 502784.181500000879169 ], [ 349405.959199998527765, 502795.344900000840425 ], [ 349356.282800000160933, 502777.895400000736117 ], [ 349302.795400001108646, 502729.480100000277162 ], [ 349280.655000001192093, 502715.724899999797344 ], [ 349242.888000000268221, 502714.03800000064075 ], [ 349170.771000001579523, 502746.764299999923 ], [ 349128.3651, 502793.584100000560284 ], [ 349069.177499998360872, 502819.273800000548363 ], [ 349056.588599998503923, 502818.711799999698997 ], [ 349053.698699999600649, 502826.197699999436736 ], [ 348958.497900001704693, 502868.198000000789762 ], [ 348862.041600000113249, 502938.363500000908971 ], [ 348786.881000000983477, 502924.820000000298023 ], [ 348771.819099999964, 502931.651000000536442 ], [ 348735.379900000989437, 502948.279200000688434 ], [ 348727.356699999421835, 502958.111899999902 ], [ 348723.9983000010252, 502961.321699999272823 ], [ 348711.529599998146296, 502972.859799999744 ], [ 348708.767499998211861, 502994.125700000673532 ], [ 348708.396099999547005, 502996.908600000664592 ], [ 348706.107599999755621, 503014.948000000789762 ], [ 348705.496899999678135, 503019.400100000202656 ], [ 348703.028499998152256, 503019.29 ], [ 348696.34180000051856, 503028.734400000423193 ], [ 348696.264499999582767, 503032.314500000327826 ], [ 348664.640700001269579, 503057.444499999284744 ], [ 348645.762299999594688, 503074.072200000286102 ], [ 348623.463100001215935, 503089.763499999418855 ], [ 348618.155000001192093, 503092.326400000602007 ], [ 348584.676699999719858, 503118.381799999624491 ], [ 348511.173000000417233, 503158.330900000408292 ], [ 348503.568900000303984, 503162.471400000154972 ], [ 348476.964400000870228, 503176.739399999380112 ], [ 348462.115200001746416, 503184.364299999549985 ], [ 348439.247400000691414, 503183.233300000429153 ], [ 348427.332299999892712, 503182.366399999707937 ], [ 348424.868999999016523, 503182.1447 ], [ 348311.721700001507998, 503175.647600000724196 ], [ 348291.234900001436472, 503174.734999999403954 ], [ 348285.228700000792742, 503174.467499999329448 ], [ 348239.241300001740456, 503172.307199999690056 ], [ 348043.695300001651049, 503163.040599999949 ], [ 347963.814899999648333, 503159.261399999260902 ], [ 347915.194499999284744, 503156.985799999908 ], [ 347822.946800000965595, 503203.2741 ], [ 347680.147700000554323, 503294.460200000554323 ], [ 347618.423399999738, 503319.935499999672174 ], [ 347290.301600001752377, 503318.568299999460578 ], [ 347264.929099999368191, 503320.017000000923872 ], [ 347183.104100000113249, 503285.812000000849366 ], [ 347115.446400001645088, 503237.007200000807643 ], [ 347111.129099998623133, 503308.260399999097 ], [ 347111.1064000017941, 503409.043600000441074 ], [ 347112.336699999869, 503425.895600000396371 ], [ 347118.294100001454353, 503466.249800000339746 ], [ 347122.931000001728535, 503488.068299999460578 ], [ 347130.197299998253584, 503517.506300000473857 ], [ 347139.847300000488758, 503548.95380000025034 ], [ 347145.974199999123812, 503566.918999999761581 ], [ 347161.000199999660254, 503603.532500000670552 ], [ 347167.185699999332428, 503616.461200000718236 ], [ 347179.109799999744, 503639.387099999934 ], [ 347183.132699999958, 503647.180500000715256 ], [ 347192.00620000064373, 503662.692099999636412 ], [ 347205.949299998581409, 503684.699999999254942 ], [ 347220.271000001579523, 503705.604699999094009 ], [ 347230.220899999141693, 503719.148499999195337 ], [ 347239.030999999493361, 503730.514000000432134 ], [ 347256.34910000115633, 503750.768100000917912 ], [ 347271.517400000244379, 503767.455299999564886 ], [ 347287.934500001370907, 503783.861999999731779 ], [ 347313.766499999911, 503807.293999999761581 ], [ 347327.440200001001358, 503818.651699999347329 ], [ 347342.028900001198053, 503829.826099999248981 ], [ 347390.673000000417233, 503863.006400000303984 ], [ 347522.72239999845624, 503946.590500000864267 ], [ 347848.765799999237061, 504151.571799999103 ], [ 347857.025400001555681, 504156.754599999636412 ], [ 347883.481899999082088, 504173.497300000861287 ], [ 348182.697700001299381, 504362.293600000441074 ], [ 348229.602299999445677, 504391.818399999290705 ], [ 348350.333799999207258, 504468.19370000064373 ], [ 348457.900699999183416, 504536.593499999493361 ], [ 348595.880300000309944, 504623.483999999240041 ], [ 348622.256299998611212, 504640.113800000399351 ], [ 348685.350600000470877, 504679.881799999624491 ], [ 348772.122600000351667, 504733.9206000007689 ], [ 348811.243099998682737, 504758.622400000691414 ], [ 349031.853000000119209, 504897.920399999246001 ], [ 349080.511100001633167, 504928.648600000888109 ], [ 349124.599800001829863, 504956.485300000756979 ], [ 349127.167199999094009, 504958.055800000205636 ], [ 349155.707100000232458, 504976.015799999237061 ], [ 349199.713100001215935, 505003.849300000816584 ], [ 349207.168299999088049, 505008.549599999561906 ], [ 349228.329900000244379, 505021.925100000575185 ], [ 349275.540800001472235, 505051.8059 ], [ 349317.626699998975, 505078.322499999776483 ], [ 349332.855900000780821, 505087.9616 ], [ 349350.183800000697374, 505067.235400000587106 ], [ 349359.449700001627207, 505057.235200000926852 ], [ 349369.705099999905, 505049.070900000631809 ], [ 349379.227600000798702, 505042.553600000217557 ], [ 349388.006999999284744, 505037.906899999827147 ], [ 349399.069600000977516, 505033.810000000521541 ], [ 349409.711100000888109, 505029.918400000780821 ], [ 349420.539299998432398, 505027.378799999132752 ], [ 349433.852600000798702, 505026.406199999153614 ], [ 349687.559599999338388, 505038.9831000007689 ], [ 350187.142799999564886, 505064.146800000220537 ], [ 350222.837099999189377, 505065.857899999246001 ], [ 350365.2027000002563, 505072.685399999842048 ], [ 350371.700899999588728, 505072.976700000464916 ], [ 350373.346099998801947, 505073.0504 ], [ 350607.828499998897314, 505084.2357 ] ] ] } },
{ "type": "Feature", "properties": { "IA_blck_gr": "G19011300030062", "IA_blck__1": "2", "IA_blck__2": "Block Group 2", "blck_grp_I": 1311, "blck_grp_1": 42971200, "Shape_Leng": 4809.5866904699997, "Shape_Area": 1243581.6188399999 }, "geometry": { "type": "Polygon", "coordinates": [ [ [ 350538.119800001382828, 505874.057299999520183 ], [ 350524.822500001639128, 505865.510299999266863 ], [ 350522.579700000584126, 505864.065999999642372 ], [ 350508.624400001019239, 505855.489399999380112 ], [ 350381.470400001853704, 505776.216299999505281 ], [ 350399.576400000602007, 505760.230699999257922 ], [ 350422.90089999884367, 505736.304300000891089 ], [ 350469.101799998432398, 505709.484200000762939 ], [ 350497.092599999159575, 505706.483999999240041 ], [ 350524.837799999862909, 505708.96000000089407 ], [ 350571.587999999523163, 505721.358999999240041 ], [ 350572.169100001454353, 505699.212600000202656 ], [ 350574.451400000602007, 505672.215199999511242 ], [ 350584.544599998742342, 505494.951899999752641 ], [ 350584.857500001788139, 505489.814699999988 ], [ 350591.553899999707937, 505371.749399999156594 ], [ 350591.886799998581409, 505366.165300000458956 ], [ 350607.828499998897314, 505084.2357 ], [ 350373.346099998801947, 505073.0504 ], [ 350371.700899999588728, 505072.976700000464916 ], [ 350365.2027000002563, 505072.685399999842048 ], [ 350222.837099999189377, 505065.857899999246001 ], [ 350187.142799999564886, 505064.146800000220537 ], [ 349687.559599999338388, 505038.9831000007689 ], [ 349433.852600000798702, 505026.406199999153614 ], [ 349420.539299998432398, 505027.378799999132752 ], [ 349409.711100000888109, 505029.918400000780821 ], [ 349399.069600000977516, 505033.810000000521541 ], [ 349388.006999999284744, 505037.906899999827147 ], [ 349379.227600000798702, 505042.553600000217557 ], [ 349369.705099999905, 505049.070900000631809 ], [ 349359.449700001627207, 505057.235200000926852 ], [ 349350.183800000697374, 505067.235400000587106 ], [ 349332.855900000780821, 505087.9616 ], [ 349328.462400000542402, 505105.122500000521541 ], [ 349327.138199999928, 505114.469799999147654 ], [ 349325.946100000292063, 505122.703199999406934 ], [ 349325.928399998694658, 505124.941999999806285 ], [ 349325.855500001460314, 505132.105599999427795 ], [ 349326.998500000685453, 505145.258600000292063 ], [ 349332.944099999964, 505167.136800000444055 ], [ 349339.408799998462, 505181.087600000202656 ], [ 349349.404699999839067, 505202.698899999260902 ], [ 349358.67960000038147, 505231.220799999311566 ], [ 349360.952100001275539, 505239.385199999436736 ], [ 349364.669300001114607, 505259.484099999070168 ], [ 349367.562899999320507, 505290.63230000063777 ], [ 349367.556699998676777, 505305.525699999183416 ], [ 349367.556299999356, 505309.221100000664592 ], [ 349365.253899998962879, 505329.386900000274181 ], [ 349354.797299999744, 505419.512800000607967 ], [ 349354.405600000172853, 505422.742799999192357 ], [ 349353.403000000864267, 505430.424699999392033 ], [ 349344.526299998164177, 505498.112800000235438 ], [ 349339.791400000452995, 505545.045399999246001 ], [ 349324.274399999529123, 505648.830700000748038 ], [ 349311.665600001811981, 505759.464800000190735 ], [ 349306.292300000786781, 505872.325699999928 ], [ 349306.997299998998642, 505904.495699999853969 ], [ 349308.673300001770258, 505948.131300000473857 ], [ 349311.524399999529123, 506006.040999999269843 ], [ 349311.192800000309944, 506035.589099999517202 ], [ 349310.339499998837709, 506102.627499999478459 ], [ 349313.373500000685453, 506202.538200000301003 ], [ 349313.422699999064207, 506236.470499999821186 ], [ 349313.649399999529123, 506264.587799999862909 ], [ 349536.776399999856949, 506193.488900000229478 ], [ 349976.265900000929832, 506053.582399999722838 ], [ 350108.608800001442432, 506011.469200000166893 ], [ 350145.814199998975, 505999.586100000888109 ], [ 350197.730500001460314, 505983.098999999463558 ], [ 350538.119800001382828, 505874.057299999520183 ] ] ] } },
{ "type": "Feature", "properties": { "IA_blck_gr": "G19011300030063", "IA_blck__1": "3", "IA_blck__2": "Block Group 3", "blck_grp_I": 1517, "blck_grp_1": 62132000, "Shape_Leng": 6348.8338296800002, "Shape_Area": 2265412.03944 }, "geometry": { "type": "Polygon", "coordinates": [ [ [ 350517.808200001716614, 507135.399700000882149 ], [ 350518.732299998402596, 507107.446100000292063 ], [ 350519.518199998885393, 507084.41330000013113 ], [ 350519.811900001019239, 507076.027899999171495 ], [ 350529.947700001299381, 506778.389499999582767 ], [ 350541.371399998664856, 506442.846300000324845 ], [ 350542.729600001126528, 506403.377800000831485 ], [ 350546.034800000488758, 506331.521999999880791 ], [ 350547.566300000995398, 506286.350099999457598 ], [ 350548.008299998939037, 506272.820199999958 ], [ 350551.469399999827147, 506175.439400000497699 ], [ 350554.825199998915195, 506080.4054000005126 ], [ 350555.917700000107288, 506046.859799999744 ], [ 350560.721700001507998, 506031.621899999678135 ], [ 350565.822599999606609, 506015.277300000190735 ], [ 350571.696800000965595, 505996.391799999400973 ], [ 350622.251200001686811, 505988.245200000703335 ], [ 350641.526799999177456, 505979.255400000140071 ], [ 350668.50959999859333, 505958.293500000610948 ], [ 350538.119800001382828, 505874.057299999520183 ], [ 350197.730500001460314, 505983.098999999463558 ], [ 350145.814199998975, 505999.586100000888109 ], [ 350108.608800001442432, 506011.469200000166893 ], [ 349976.265900000929832, 506053.582399999722838 ], [ 349536.776399999856949, 506193.488900000229478 ], [ 349313.649399999529123, 506264.587799999862909 ], [ 349314.451799999923, 506292.730799999088049 ], [ 349318.554000001400709, 506479.361899999902 ], [ 349322.1228, 506635.510199999436736 ], [ 349322.792399998754263, 506668.462300000712276 ], [ 349324.151700001209974, 506733.91950000077486 ], [ 349324.2982, 506739.860999999567866 ], [ 349324.484499998390675, 506744.908500000834465 ], [ 349325.759199999272823, 506808.57010000012815 ], [ 349325.978100001811981, 506886.630100000649691 ], [ 349324.927700001746416, 506948.844000000506639 ], [ 349320.727000001817942, 507015.172299999744 ], [ 349314.368200000375509, 507081.852 ], [ 349313.176199998706579, 507090.085200000554323 ], [ 349312.467999998480082, 507094.868699999526143 ], [ 349298.938200000673532, 507227.967800000682473 ], [ 349297.870000001043081, 507244.493000000715256 ], [ 349295.664000000804663, 507275.412799999117851 ], [ 349294.851399999111891, 507302.811499999836087 ], [ 349293.039000000804663, 507359.951999999582767 ], [ 349291.944400001317263, 507415.780899999663234 ], [ 349290.629200000315905, 507483.917400000616908 ], [ 349290.393699999898672, 507496.560699999332428 ], [ 349290.321100000292063, 507500.028699999675155 ], [ 349284.706900000572205, 507789.691800000146031 ], [ 349280.799800001084805, 507908.438899999484 ], [ 349379.160300001502037, 507910.596400000154972 ], [ 349427.148299999535084, 507911.622300000861287 ], [ 349579.454300001263618, 507916.082900000736117 ], [ 349660.307799998670816, 507919.140499999747 ], [ 349685.8902000002563, 507920.061300000175834 ], [ 349691.927700001746416, 507919.547599999234 ], [ 349866.39469999819994, 507925.901399999856949 ], [ 349879.5559, 507926.378699999302626 ], [ 349892.968800000846386, 507926.755300000309944 ], [ 349901.375900000333786, 507926.683800000697374 ], [ 349948.128299999982, 507925.86600000038743 ], [ 349991.979899998754263, 507927.269999999552965 ], [ 350075.315099999308586, 507930.107100000604987 ], [ 350485.432900000363588, 507943.563999999314547 ], [ 350486.390299998223782, 507922.218800000846386 ], [ 350487.543099999427795, 507896.5152000002563 ], [ 350494.139499999582767, 507749.445699999108911 ], [ 350501.517499998211861, 507557.394899999722838 ], [ 350517.808200001716614, 507135.399700000882149 ] ] ] } }
]
}
